E:\OpenMakaiRanch\Tools\Blender\build_coastal_blockout.py:17: DeprecationWarning: 'Material.use_nodes' is expected to be removed in Blender 6.0
  m=bpy.data.materials.new(name);m.diffuse_color=color;m.use_nodes=True;m.node_tree.nodes['Principled BSDF'].inputs['Base Color'].default_value=color;m.node_tree.nodes['Principled BSDF'].inputs['Roughness'].default_value=.85;materials[name]=m
INFO Draco is available, use library at D:\SteamLibrary\steamapps\common\Blender\5.2\scripts\addons_core\io_scene_gltf2\bf_intern_draco_bridge.dll
INFO MeshOptimizer is available, use library at D:\SteamLibrary\steamapps\common\Blender\5.2\scripts\addons_core\io_scene_gltf2\bf_intern_meshopt_bridge.dll
14:30:21 | INFO: Starting glTF 2.0 export
14:30:21 | INFO: Extracting primitive: ranch_tile_000_000-col
14:30:21 | INFO: Primitives created: 1
14:30:21 | INFO: Extracting primitive: ranch_tile_000_024-col
14:30:21 | INFO: Primitives created: 1
14:30:21 | INFO: Extracting primitive: ranch_tile_000_048-col
14:30:21 | INFO: Primitives created: 1
14:30:21 | INFO: Extracting primitive: ranch_tile_000_072-col
14:30:21 | INFO: Primitives created: 1
14:30:21 | INFO: Extracting primitive: ranch_tile_000_096-col
14:30:21 | INFO: Primitives created: 1
14:30:21 | INFO: Extracting primitive: ranch_tile_000_120-col
14:30:21 | INFO: Primitives created: 1
14:30:21 | INFO: Extracting primitive: ranch_tile_000_144-col
14:30:21 | INFO: Primitives created: 1
14:30:21 | INFO: Extracting primitive: ranch_tile_000_168-col
14:30:21 | INFO: Primitives created: 1
14:30:21 | INFO: Extracting primitive: ranch_tile_000_192-col
14:30:21 | INFO: Primitives created: 1
14:30:21 | INFO: Extracting primitive: ranch_tile_000_216-col
14:30:21 | INFO: Primitives created: 1
14:30:21 | INFO: Extracting primitive: ranch_tile_024_000-col
14:30:21 | INFO: Primitives created: 1
14:30:21 | INFO: Extracting primitive: ranch_tile_024_024-col
14:30:21 | INFO: Primitives created: 1
14:30:21 | INFO: Extracting primitive: ranch_tile_024_048-col
14:30:21 | INFO: Primitives created: 1
14:30:21 | INFO: Extracting primitive: ranch_tile_024_072-col
14:30:21 | INFO: Primitives created: 1
14:30:21 | INFO: Extracting primitive: ranch_tile_024_096-col
14:30:21 | INFO: Primitives created: 1
14:30:21 | INFO: Extracting primitive: ranch_tile_024_120-col
14:30:21 | INFO: Primitives created: 1
14:30:21 | INFO: Extracting primitive: ranch_tile_024_144-col
14:30:21 | INFO: Primitives created: 1
14:30:21 | INFO: Extracting primitive: ranch_tile_024_168-col
14:30:21 | INFO: Primitives created: 1
14:30:21 | INFO: Extracting primitive: ranch_tile_024_192-col
14:30:21 | INFO: Primitives created: 1
14:30:21 | INFO: Extracting primitive: ranch_tile_024_216-col
14:30:21 | INFO: Primitives created: 1
14:30:21 | INFO: Extracting primitive: ranch_tile_048_000-col
14:30:21 | INFO: Primitives created: 1
14:30:21 | INFO: Extracting primitive: ranch_tile_048_024-col
14:30:21 | INFO: Primitives created: 1
14:30:21 | INFO: Extracting primitive: ranch_tile_048_048-col
14:30:21 | INFO: Primitives created: 1
14:30:21 | INFO: Extracting primitive: ranch_tile_048_072-col
14:30:21 | INFO: Primitives created: 1
14:30:21 | INFO: Extracting primitive: ranch_tile_048_096-col
14:30:21 | INFO: Primitives created: 1
14:30:21 | INFO: Extracting primitive: ranch_tile_048_120-col
14:30:21 | INFO: Primitives created: 1
14:30:21 | INFO: Extracting primitive: ranch_tile_048_144-col
14:30:21 | INFO: Primitives created: 1
14:30:21 | INFO: Extracting primitive: ranch_tile_048_168-col
14:30:21 | INFO: Primitives created: 1
14:30:21 | INFO: Extracting primitive: ranch_tile_048_192-col
14:30:21 | INFO: Primitives created: 1
14:30:21 | INFO: Extracting primitive: ranch_tile_048_216-col
14:30:21 | INFO: Primitives created: 1
14:30:21 | INFO: Extracting primitive: ranch_tile_072_000-col
14:30:21 | INFO: Primitives created: 1
14:30:21 | INFO: Extracting primitive: ranch_tile_072_024-col
14:30:21 | INFO: Primitives created: 1
14:30:21 | INFO: Extracting primitive: ranch_tile_072_048-col
14:30:21 | INFO: Primitives created: 1
14:30:21 | INFO: Extracting primitive: ranch_tile_072_072-col
14:30:21 | INFO: Primitives created: 1
14:30:21 | INFO: Extracting primitive: ranch_tile_072_096-col
14:30:21 | INFO: Primitives created: 1
14:30:21 | INFO: Extracting primitive: ranch_tile_072_120-col
14:30:21 | INFO: Primitives created: 1
14:30:21 | INFO: Extracting primitive: ranch_tile_072_144-col
14:30:21 | INFO: Primitives created: 1
14:30:21 | INFO: Extracting primitive: ranch_tile_072_168-col
14:30:21 | INFO: Primitives created: 1
14:30:21 | INFO: Extracting primitive: ranch_tile_072_192-col
14:30:21 | INFO: Primitives created: 1
14:30:21 | INFO: Extracting primitive: ranch_tile_072_216-col
14:30:21 | INFO: Primitives created: 1
14:30:21 | INFO: Extracting primitive: ranch_tile_096_000-col
14:30:21 | INFO: Primitives created: 1
14:30:21 | INFO: Extracting primitive: ranch_tile_096_024-col
14:30:21 | INFO: Primitives created: 1
14:30:21 | INFO: Extracting primitive: ranch_tile_096_048-col
14:30:21 | INFO: Primitives created: 1
14:30:21 | INFO: Extracting primitive: ranch_tile_096_072-col
14:30:21 | INFO: Primitives created: 1
14:30:21 | INFO: Extracting primitive: ranch_tile_096_096-col
14:30:21 | INFO: Primitives created: 1
14:30:21 | INFO: Extracting primitive: ranch_tile_096_120-col
14:30:21 | INFO: Primitives created: 1
14:30:21 | INFO: Extracting primitive: ranch_tile_096_144-col
14:30:21 | INFO: Primitives created: 1
14:30:21 | INFO: Extracting primitive: ranch_tile_096_168-col
14:30:21 | INFO: Primitives created: 1
14:30:21 | INFO: Extracting primitive: ranch_tile_096_192-col
14:30:21 | INFO: Primitives created: 1
14:30:21 | INFO: Extracting primitive: ranch_tile_096_216-col
14:30:21 | INFO: Primitives created: 1
14:30:21 | INFO: Extracting primitive: ranch_tile_120_000-col
14:30:21 | INFO: Primitives created: 1
14:30:21 | INFO: Extracting primitive: ranch_tile_120_024-col
14:30:21 | INFO: Primitives created: 1
14:30:21 | INFO: Extracting primitive: ranch_tile_120_048-col
14:30:21 | INFO: Primitives created: 1
14:30:21 | INFO: Extracting primitive: ranch_tile_120_072-col
14:30:21 | INFO: Primitives created: 1
14:30:21 | INFO: Extracting primitive: ranch_tile_120_096-col
14:30:21 | INFO: Primitives created: 1
14:30:21 | INFO: Extracting primitive: ranch_tile_120_120-col
14:30:21 | INFO: Primitives created: 1
14:30:21 | INFO: Extracting primitive: ranch_tile_120_144-col
14:30:21 | INFO: Primitives created: 1
14:30:21 | INFO: Extracting primitive: ranch_tile_120_168-col
14:30:21 | INFO: Primitives created: 1
14:30:21 | INFO: Extracting primitive: ranch_tile_120_192-col
14:30:21 | INFO: Primitives created: 1
14:30:21 | INFO: Extracting primitive: ranch_tile_120_216-col
14:30:21 | INFO: Primitives created: 1
14:30:21 | INFO: Extracting primitive: ranch_tile_144_000-col
14:30:21 | INFO: Primitives created: 1
14:30:21 | INFO: Extracting primitive: ranch_tile_144_024-col
14:30:21 | INFO: Primitives created: 1
14:30:21 | INFO: Extracting primitive: ranch_tile_144_048-col
14:30:21 | INFO: Primitives created: 1
14:30:21 | INFO: Extracting primitive: ranch_tile_144_072-col
14:30:21 | INFO: Primitives created: 1
14:30:21 | INFO: Extracting primitive: ranch_tile_144_096-col
14:30:21 | INFO: Primitives created: 1
14:30:21 | INFO: Extracting primitive: ranch_tile_144_120-col
14:30:21 | INFO: Primitives created: 1
14:30:21 | INFO: Extracting primitive: ranch_tile_144_144-col
14:30:21 | INFO: Primitives created: 1
14:30:21 | INFO: Extracting primitive: ranch_tile_144_168-col
14:30:21 | INFO: Primitives created: 1
14:30:21 | INFO: Extracting primitive: ranch_tile_144_192-col
14:30:21 | INFO: Primitives created: 1
14:30:21 | INFO: Extracting primitive: ranch_tile_144_216-col
14:30:21 | INFO: Primitives created: 1
14:30:21 | INFO: Finished glTF 2.0 export in 0.18993306159973145 s

EXPORT_OK ranch_terrain 70
14:30:22 | INFO: Starting glTF 2.0 export
14:30:22 | INFO: Extracting primitive: ranch_community
14:30:22 | INFO: Primitives created: 1
14:30:22 | INFO: Extracting primitive: ranch_connection
14:30:22 | INFO: Primitives created: 1
14:30:22 | INFO: Extracting primitive: ranch_door_dairy_barn
14:30:22 | INFO: Primitives created: 1
14:30:22 | INFO: Extracting primitive: ranch_door_pasture
14:30:22 | INFO: Primitives created: 1
14:30:22 | INFO: Extracting primitive: ranch_door_pet_care
14:30:22 | INFO: Primitives created: 1
14:30:22 | INFO: Extracting primitive: ranch_door_pharmacy_lab
14:30:22 | INFO: Primitives created: 1
14:30:22 | INFO: Extracting primitive: ranch_door_ranch_house
14:30:22 | INFO: Primitives created: 1
14:30:22 | INFO: Extracting primitive: ranch_door_workshop
14:30:22 | INFO: Primitives created: 1
14:30:22 | INFO: Extracting primitive: ranch_farm_lane
14:30:22 | INFO: Primitives created: 1
14:30:22 | INFO: Extracting primitive: ranch_home_lane
14:30:22 | INFO: Primitives created: 1
14:30:22 | INFO: Extracting primitive: ranch_quiet_garden
14:30:22 | INFO: Primitives created: 1
14:30:22 | INFO: Extracting primitive: ranch_ranch_side_route
14:30:22 | INFO: Primitives created: 1
14:30:22 | INFO: Finished glTF 2.0 export in 0.05993962287902832 s

EXPORT_OK ranch_paths 12
14:30:22 | INFO: Starting glTF 2.0 export
14:30:22 | WARNING: Mesh ranch_bank_1_10_0-colonly is not valid, and may be exported wrongly
14:30:22 | INFO: Extracting primitive: ranch_bank_1_10_0-colonly
14:30:22 | INFO: Primitives created: 1
14:30:22 | WARNING: Mesh ranch_bank_1_10_1-colonly is not valid, and may be exported wrongly
14:30:22 | INFO: Extracting primitive: ranch_bank_1_10_1-colonly
14:30:22 | INFO: Primitives created: 1
14:30:22 | WARNING: Mesh ranch_bank_1_11_0-colonly is not valid, and may be exported wrongly
14:30:22 | INFO: Extracting primitive: ranch_bank_1_11_0-colonly
14:30:22 | INFO: Primitives created: 1
14:30:22 | WARNING: Mesh ranch_bank_1_11_1-colonly is not valid, and may be exported wrongly
14:30:22 | INFO: Extracting primitive: ranch_bank_1_11_1-colonly
14:30:22 | INFO: Primitives created: 1
14:30:22 | WARNING: Mesh ranch_bank_1_12_0-colonly is not valid, and may be exported wrongly
14:30:22 | INFO: Extracting primitive: ranch_bank_1_12_0-colonly
14:30:22 | INFO: Primitives created: 1
14:30:22 | WARNING: Mesh ranch_bank_1_12_1-colonly is not valid, and may be exported wrongly
14:30:22 | INFO: Extracting primitive: ranch_bank_1_12_1-colonly
14:30:22 | INFO: Primitives created: 1
14:30:22 | WARNING: Mesh ranch_bank_1_13_0-colonly is not valid, and may be exported wrongly
14:30:22 | INFO: Extracting primitive: ranch_bank_1_13_0-colonly
14:30:22 | INFO: Primitives created: 1
14:30:22 | WARNING: Mesh ranch_bank_1_13_1-colonly is not valid, and may be exported wrongly
14:30:22 | INFO: Extracting primitive: ranch_bank_1_13_1-colonly
14:30:22 | INFO: Primitives created: 1
14:30:22 | WARNING: Mesh ranch_bank_1_14_0-colonly is not valid, and may be exported wrongly
14:30:22 | INFO: Extracting primitive: ranch_bank_1_14_0-colonly
14:30:22 | INFO: Primitives created: 1
14:30:22 | WARNING: Mesh ranch_bank_1_14_1-colonly is not valid, and may be exported wrongly
14:30:22 | INFO: Extracting primitive: ranch_bank_1_14_1-colonly
14:30:22 | INFO: Primitives created: 1
14:30:22 | WARNING: Mesh ranch_bank_1_15_0-colonly is not valid, and may be exported wrongly
14:30:22 | INFO: Extracting primitive: ranch_bank_1_15_0-colonly
14:30:22 | INFO: Primitives created: 1
14:30:22 | WARNING: Mesh ranch_bank_1_15_1-colonly is not valid, and may be exported wrongly
14:30:22 | INFO: Extracting primitive: ranch_bank_1_15_1-colonly
14:30:22 | INFO: Primitives created: 1
14:30:22 | WARNING: Mesh ranch_bank_1_16_0-colonly is not valid, and may be exported wrongly
14:30:22 | INFO: Extracting primitive: ranch_bank_1_16_0-colonly
14:30:22 | INFO: Primitives created: 1
14:30:22 | WARNING: Mesh ranch_bank_1_16_1-colonly is not valid, and may be exported wrongly
14:30:22 | INFO: Extracting primitive: ranch_bank_1_16_1-colonly
14:30:22 | INFO: Primitives created: 1
14:30:22 | WARNING: Mesh ranch_bank_1_17_0-colonly is not valid, and may be exported wrongly
14:30:22 | INFO: Extracting primitive: ranch_bank_1_17_0-colonly
14:30:22 | INFO: Primitives created: 1
14:30:22 | WARNING: Mesh ranch_bank_1_17_1-colonly is not valid, and may be exported wrongly
14:30:22 | INFO: Extracting primitive: ranch_bank_1_17_1-colonly
14:30:22 | INFO: Primitives created: 1
14:30:22 | WARNING: Mesh ranch_bank_1_18_0-colonly is not valid, and may be exported wrongly
14:30:22 | INFO: Extracting primitive: ranch_bank_1_18_0-colonly
14:30:22 | INFO: Primitives created: 1
14:30:22 | WARNING: Mesh ranch_bank_1_18_1-colonly is not valid, and may be exported wrongly
14:30:22 | INFO: Extracting primitive: ranch_bank_1_18_1-colonly
14:30:22 | INFO: Primitives created: 1
14:30:22 | WARNING: Mesh ranch_bank_1_19_0-colonly is not valid, and may be exported wrongly
14:30:22 | INFO: Extracting primitive: ranch_bank_1_19_0-colonly
14:30:22 | INFO: Primitives created: 1
14:30:22 | WARNING: Mesh ranch_bank_1_19_1-colonly is not valid, and may be exported wrongly
14:30:22 | INFO: Extracting primitive: ranch_bank_1_19_1-colonly
14:30:22 | INFO: Primitives created: 1
14:30:22 | WARNING: Mesh ranch_bank_1_20_0-colonly is not valid, and may be exported wrongly
14:30:22 | INFO: Extracting primitive: ranch_bank_1_20_0-colonly
14:30:22 | INFO: Primitives created: 1
14:30:22 | WARNING: Mesh ranch_bank_1_20_1-colonly is not valid, and may be exported wrongly
14:30:22 | INFO: Extracting primitive: ranch_bank_1_20_1-colonly
14:30:22 | INFO: Primitives created: 1
14:30:22 | WARNING: Mesh ranch_bank_1_21_0-colonly is not valid, and may be exported wrongly
14:30:22 | INFO: Extracting primitive: ranch_bank_1_21_0-colonly
14:30:22 | INFO: Primitives created: 1
14:30:22 | WARNING: Mesh ranch_bank_1_21_1-colonly is not valid, and may be exported wrongly
14:30:22 | INFO: Extracting primitive: ranch_bank_1_21_1-colonly
14:30:22 | INFO: Primitives created: 1
14:30:22 | WARNING: Mesh ranch_bank_1_22_0-colonly is not valid, and may be exported wrongly
14:30:22 | INFO: Extracting primitive: ranch_bank_1_22_0-colonly
14:30:22 | INFO: Primitives created: 1
14:30:22 | WARNING: Mesh ranch_bank_1_22_1-colonly is not valid, and may be exported wrongly
14:30:22 | INFO: Extracting primitive: ranch_bank_1_22_1-colonly
14:30:22 | INFO: Primitives created: 1
14:30:22 | WARNING: Mesh ranch_bank_1_23_0-colonly is not valid, and may be exported wrongly
14:30:22 | INFO: Extracting primitive: ranch_bank_1_23_0-colonly
14:30:22 | INFO: Primitives created: 1
14:30:22 | WARNING: Mesh ranch_bank_1_23_1-colonly is not valid, and may be exported wrongly
14:30:22 | INFO: Extracting primitive: ranch_bank_1_23_1-colonly
14:30:22 | INFO: Primitives created: 1
14:30:22 | WARNING: Mesh ranch_bank_1_24_0-colonly is not valid, and may be exported wrongly
14:30:22 | INFO: Extracting primitive: ranch_bank_1_24_0-colonly
14:30:22 | INFO: Primitives created: 1
14:30:22 | WARNING: Mesh ranch_bank_1_24_1-colonly is not valid, and may be exported wrongly
14:30:22 | INFO: Extracting primitive: ranch_bank_1_24_1-colonly
14:30:22 | INFO: Primitives created: 1
14:30:22 | WARNING: Mesh ranch_bank_1_25_0-colonly is not valid, and may be exported wrongly
14:30:22 | INFO: Extracting primitive: ranch_bank_1_25_0-colonly
14:30:22 | INFO: Primitives created: 1
14:30:22 | WARNING: Mesh ranch_bank_1_25_1-colonly is not valid, and may be exported wrongly
14:30:22 | INFO: Extracting primitive: ranch_bank_1_25_1-colonly
14:30:22 | INFO: Primitives created: 1
14:30:22 | WARNING: Mesh ranch_bank_1_26_0-colonly is not valid, and may be exported wrongly
14:30:22 | INFO: Extracting primitive: ranch_bank_1_26_0-colonly
14:30:22 | INFO: Primitives created: 1
14:30:22 | WARNING: Mesh ranch_bank_1_26_1-colonly is not valid, and may be exported wrongly
14:30:22 | INFO: Extracting primitive: ranch_bank_1_26_1-colonly
14:30:22 | INFO: Primitives created: 1
14:30:22 | WARNING: Mesh ranch_bank_1_27_0-colonly is not valid, and may be exported wrongly
14:30:22 | INFO: Extracting primitive: ranch_bank_1_27_0-colonly
14:30:22 | INFO: Primitives created: 1
14:30:22 | WARNING: Mesh ranch_bank_1_27_1-colonly is not valid, and may be exported wrongly
14:30:22 | INFO: Extracting primitive: ranch_bank_1_27_1-colonly
14:30:22 | INFO: Primitives created: 1
14:30:22 | WARNING: Mesh ranch_bank_1_28_0-colonly is not valid, and may be exported wrongly
14:30:22 | INFO: Extracting primitive: ranch_bank_1_28_0-colonly
14:30:22 | INFO: Primitives created: 1
14:30:22 | WARNING: Mesh ranch_bank_1_28_1-colonly is not valid, and may be exported wrongly
14:30:22 | INFO: Extracting primitive: ranch_bank_1_28_1-colonly
14:30:22 | INFO: Primitives created: 1
14:30:22 | WARNING: Mesh ranch_bank_1_29_0-colonly is not valid, and may be exported wrongly
14:30:22 | INFO: Extracting primitive: ranch_bank_1_29_0-colonly
14:30:22 | INFO: Primitives created: 1
14:30:22 | WARNING: Mesh ranch_bank_1_29_1-colonly is not valid, and may be exported wrongly
14:30:22 | INFO: Extracting primitive: ranch_bank_1_29_1-colonly
14:30:22 | INFO: Primitives created: 1
14:30:22 | WARNING: Mesh ranch_bank_1_30_0-colonly is not valid, and may be exported wrongly
14:30:22 | INFO: Extracting primitive: ranch_bank_1_30_0-colonly
14:30:22 | INFO: Primitives created: 1
14:30:22 | WARNING: Mesh ranch_bank_1_30_1-colonly is not valid, and may be exported wrongly
14:30:22 | INFO: Extracting primitive: ranch_bank_1_30_1-colonly
14:30:22 | INFO: Primitives created: 1
14:30:22 | WARNING: Mesh ranch_bank_1_31_0-colonly is not valid, and may be exported wrongly
14:30:22 | INFO: Extracting primitive: ranch_bank_1_31_0-colonly
14:30:22 | INFO: Primitives created: 1
14:30:22 | WARNING: Mesh ranch_bank_1_31_1-colonly is not valid, and may be exported wrongly
14:30:22 | INFO: Extracting primitive: ranch_bank_1_31_1-colonly
14:30:22 | INFO: Primitives created: 1
14:30:22 | WARNING: Mesh ranch_bank_1_32_0-colonly is not valid, and may be exported wrongly
14:30:22 | INFO: Extracting primitive: ranch_bank_1_32_0-colonly
14:30:22 | INFO: Primitives created: 1
14:30:22 | WARNING: Mesh ranch_bank_1_32_1-colonly is not valid, and may be exported wrongly
14:30:22 | INFO: Extracting primitive: ranch_bank_1_32_1-colonly
14:30:22 | INFO: Primitives created: 1
14:30:22 | WARNING: Mesh ranch_bank_1_33_0-colonly is not valid, and may be exported wrongly
14:30:22 | INFO: Extracting primitive: ranch_bank_1_33_0-colonly
14:30:22 | INFO: Primitives created: 1
14:30:22 | WARNING: Mesh ranch_bank_1_33_1-colonly is not valid, and may be exported wrongly
14:30:22 | INFO: Extracting primitive: ranch_bank_1_33_1-colonly
14:30:22 | INFO: Primitives created: 1
14:30:22 | WARNING: Mesh ranch_bank_1_34_0-colonly is not valid, and may be exported wrongly
14:30:22 | INFO: Extracting primitive: ranch_bank_1_34_0-colonly
14:30:22 | INFO: Primitives created: 1
14:30:22 | WARNING: Mesh ranch_bank_1_34_1-colonly is not valid, and may be exported wrongly
14:30:22 | INFO: Extracting primitive: ranch_bank_1_34_1-colonly
14:30:22 | INFO: Primitives created: 1
14:30:22 | WARNING: Mesh ranch_bank_1_35_0-colonly is not valid, and may be exported wrongly
14:30:22 | INFO: Extracting primitive: ranch_bank_1_35_0-colonly
14:30:22 | INFO: Primitives created: 1
14:30:22 | WARNING: Mesh ranch_bank_1_35_1-colonly is not valid, and may be exported wrongly
14:30:22 | INFO: Extracting primitive: ranch_bank_1_35_1-colonly
14:30:22 | INFO: Primitives created: 1
14:30:22 | WARNING: Mesh ranch_bank_1_36_0-colonly is not valid, and may be exported wrongly
14:30:22 | INFO: Extracting primitive: ranch_bank_1_36_0-colonly
14:30:22 | INFO: Primitives created: 1
14:30:22 | WARNING: Mesh ranch_bank_1_36_1-colonly is not valid, and may be exported wrongly
14:30:22 | INFO: Extracting primitive: ranch_bank_1_36_1-colonly
14:30:22 | INFO: Primitives created: 1
14:30:22 | WARNING: Mesh ranch_bank_1_37_0-colonly is not valid, and may be exported wrongly
14:30:22 | INFO: Extracting primitive: ranch_bank_1_37_0-colonly
14:30:22 | INFO: Primitives created: 1
14:30:22 | WARNING: Mesh ranch_bank_1_37_1-colonly is not valid, and may be exported wrongly
14:30:22 | INFO: Extracting primitive: ranch_bank_1_37_1-colonly
14:30:22 | INFO: Primitives created: 1
14:30:22 | WARNING: Mesh ranch_bank_1_38_0-colonly is not valid, and may be exported wrongly
14:30:22 | INFO: Extracting primitive: ranch_bank_1_38_0-colonly
14:30:22 | INFO: Primitives created: 1
14:30:22 | WARNING: Mesh ranch_bank_1_38_1-colonly is not valid, and may be exported wrongly
14:30:22 | INFO: Extracting primitive: ranch_bank_1_38_1-colonly
14:30:22 | INFO: Primitives created: 1
14:30:22 | WARNING: Mesh ranch_bank_1_39_0-colonly is not valid, and may be exported wrongly
14:30:22 | INFO: Extracting primitive: ranch_bank_1_39_0-colonly
14:30:22 | INFO: Primitives created: 1
14:30:22 | WARNING: Mesh ranch_bank_1_39_1-colonly is not valid, and may be exported wrongly
14:30:22 | INFO: Extracting primitive: ranch_bank_1_39_1-colonly
14:30:22 | INFO: Primitives created: 1
14:30:22 | WARNING: Mesh ranch_bank_1_40_0-colonly is not valid, and may be exported wrongly
14:30:22 | INFO: Extracting primitive: ranch_bank_1_40_0-colonly
14:30:22 | INFO: Primitives created: 1
14:30:22 | WARNING: Mesh ranch_bank_1_40_1-colonly is not valid, and may be exported wrongly
14:30:22 | INFO: Extracting primitive: ranch_bank_1_40_1-colonly
14:30:22 | INFO: Primitives created: 1
14:30:22 | WARNING: Mesh ranch_bank_1_41_0-colonly is not valid, and may be exported wrongly
14:30:22 | INFO: Extracting primitive: ranch_bank_1_41_0-colonly
14:30:22 | INFO: Primitives created: 1
14:30:22 | WARNING: Mesh ranch_bank_1_41_1-colonly is not valid, and may be exported wrongly
14:30:22 | INFO: Extracting primitive: ranch_bank_1_41_1-colonly
14:30:22 | INFO: Primitives created: 1
14:30:22 | WARNING: Mesh ranch_bank_1_42_0-colonly is not valid, and may be exported wrongly
14:30:22 | INFO: Extracting primitive: ranch_bank_1_42_0-colonly
14:30:22 | INFO: Primitives created: 1
14:30:22 | WARNING: Mesh ranch_bank_1_42_1-colonly is not valid, and may be exported wrongly
14:30:22 | INFO: Extracting primitive: ranch_bank_1_42_1-colonly
14:30:22 | INFO: Primitives created: 1
14:30:22 | WARNING: Mesh ranch_bank_1_43_0-colonly is not valid, and may be exported wrongly
14:30:22 | INFO: Extracting primitive: ranch_bank_1_43_0-colonly
14:30:22 | INFO: Primitives created: 1
14:30:22 | WARNING: Mesh ranch_bank_1_43_1-colonly is not valid, and may be exported wrongly
14:30:22 | INFO: Extracting primitive: ranch_bank_1_43_1-colonly
14:30:22 | INFO: Primitives created: 1
14:30:22 | WARNING: Mesh ranch_bank_1_44_0-colonly is not valid, and may be exported wrongly
14:30:22 | INFO: Extracting primitive: ranch_bank_1_44_0-colonly
14:30:22 | INFO: Primitives created: 1
14:30:22 | WARNING: Mesh ranch_bank_1_44_1-colonly is not valid, and may be exported wrongly
14:30:22 | INFO: Extracting primitive: ranch_bank_1_44_1-colonly
14:30:22 | INFO: Primitives created: 1
14:30:22 | WARNING: Mesh ranch_bank_1_45_0-colonly is not valid, and may be exported wrongly
14:30:22 | INFO: Extracting primitive: ranch_bank_1_45_0-colonly
14:30:22 | INFO: Primitives created: 1
14:30:22 | WARNING: Mesh ranch_bank_1_45_1-colonly is not valid, and may be exported wrongly
14:30:22 | INFO: Extracting primitive: ranch_bank_1_45_1-colonly
14:30:22 | INFO: Primitives created: 1
14:30:22 | WARNING: Mesh ranch_bank_1_46_0-colonly is not valid, and may be exported wrongly
14:30:22 | INFO: Extracting primitive: ranch_bank_1_46_0-colonly
14:30:22 | INFO: Primitives created: 1
14:30:22 | WARNING: Mesh ranch_bank_1_46_1-colonly is not valid, and may be exported wrongly
14:30:22 | INFO: Extracting primitive: ranch_bank_1_46_1-colonly
14:30:22 | INFO: Primitives created: 1
14:30:22 | WARNING: Mesh ranch_bank_1_47_0-colonly is not valid, and may be exported wrongly
14:30:22 | INFO: Extracting primitive: ranch_bank_1_47_0-colonly
14:30:22 | INFO: Primitives created: 1
14:30:22 | WARNING: Mesh ranch_bank_1_47_1-colonly is not valid, and may be exported wrongly
14:30:22 | INFO: Extracting primitive: ranch_bank_1_47_1-colonly
14:30:22 | INFO: Primitives created: 1
14:30:22 | WARNING: Mesh ranch_bank_1_48_0-colonly is not valid, and may be exported wrongly
14:30:22 | INFO: Extracting primitive: ranch_bank_1_48_0-colonly
14:30:22 | INFO: Primitives created: 1
14:30:22 | WARNING: Mesh ranch_bank_1_48_1-colonly is not valid, and may be exported wrongly
14:30:22 | INFO: Extracting primitive: ranch_bank_1_48_1-colonly
14:30:22 | INFO: Primitives created: 1
14:30:22 | WARNING: Mesh ranch_bank_1_49_0-colonly is not valid, and may be exported wrongly
14:30:22 | INFO: Extracting primitive: ranch_bank_1_49_0-colonly
14:30:22 | INFO: Primitives created: 1
14:30:22 | WARNING: Mesh ranch_bank_1_49_1-colonly is not valid, and may be exported wrongly
14:30:22 | INFO: Extracting primitive: ranch_bank_1_49_1-colonly
14:30:22 | INFO: Primitives created: 1
14:30:22 | WARNING: Mesh ranch_bank_1_50_0-colonly is not valid, and may be exported wrongly
14:30:22 | INFO: Extracting primitive: ranch_bank_1_50_0-colonly
14:30:22 | INFO: Primitives created: 1
14:30:22 | WARNING: Mesh ranch_bank_1_50_1-colonly is not valid, and may be exported wrongly
14:30:22 | INFO: Extracting primitive: ranch_bank_1_50_1-colonly
14:30:22 | INFO: Primitives created: 1
14:30:22 | WARNING: Mesh ranch_bank_1_51_0-colonly is not valid, and may be exported wrongly
14:30:22 | INFO: Extracting primitive: ranch_bank_1_51_0-colonly
14:30:22 | INFO: Primitives created: 1
14:30:22 | WARNING: Mesh ranch_bank_1_51_1-colonly is not valid, and may be exported wrongly
14:30:22 | INFO: Extracting primitive: ranch_bank_1_51_1-colonly
14:30:22 | INFO: Primitives created: 1
14:30:22 | WARNING: Mesh ranch_bank_1_52_0-colonly is not valid, and may be exported wrongly
14:30:22 | INFO: Extracting primitive: ranch_bank_1_52_0-colonly
14:30:22 | INFO: Primitives created: 1
14:30:22 | WARNING: Mesh ranch_bank_1_52_1-colonly is not valid, and may be exported wrongly
14:30:22 | INFO: Extracting primitive: ranch_bank_1_52_1-colonly
14:30:22 | INFO: Primitives created: 1
14:30:22 | WARNING: Mesh ranch_bank_1_53_0-colonly is not valid, and may be exported wrongly
14:30:22 | INFO: Extracting primitive: ranch_bank_1_53_0-colonly
14:30:22 | INFO: Primitives created: 1
14:30:22 | WARNING: Mesh ranch_bank_1_53_1-colonly is not valid, and may be exported wrongly
14:30:22 | INFO: Extracting primitive: ranch_bank_1_53_1-colonly
14:30:22 | INFO: Primitives created: 1
14:30:22 | WARNING: Mesh ranch_bank_1_54_0-colonly is not valid, and may be exported wrongly
14:30:22 | INFO: Extracting primitive: ranch_bank_1_54_0-colonly
14:30:22 | INFO: Primitives created: 1
14:30:22 | WARNING: Mesh ranch_bank_1_54_1-colonly is not valid, and may be exported wrongly
14:30:22 | INFO: Extracting primitive: ranch_bank_1_54_1-colonly
14:30:22 | INFO: Primitives created: 1
14:30:22 | WARNING: Mesh ranch_bank_1_55_0-colonly is not valid, and may be exported wrongly
14:30:22 | INFO: Extracting primitive: ranch_bank_1_55_0-colonly
14:30:22 | INFO: Primitives created: 1
14:30:22 | WARNING: Mesh ranch_bank_1_55_1-colonly is not valid, and may be exported wrongly
14:30:22 | INFO: Extracting primitive: ranch_bank_1_55_1-colonly
14:30:22 | INFO: Primitives created: 1
14:30:22 | WARNING: Mesh ranch_bank_1_56_0-colonly is not valid, and may be exported wrongly
14:30:22 | INFO: Extracting primitive: ranch_bank_1_56_0-colonly
14:30:22 | INFO: Primitives created: 1
14:30:22 | WARNING: Mesh ranch_bank_1_56_1-colonly is not valid, and may be exported wrongly
14:30:22 | INFO: Extracting primitive: ranch_bank_1_56_1-colonly
14:30:22 | INFO: Primitives created: 1
14:30:22 | WARNING: Mesh ranch_bank_1_57_0-colonly is not valid, and may be exported wrongly
14:30:22 | INFO: Extracting primitive: ranch_bank_1_57_0-colonly
14:30:22 | INFO: Primitives created: 1
14:30:22 | WARNING: Mesh ranch_bank_1_57_1-colonly is not valid, and may be exported wrongly
14:30:22 | INFO: Extracting primitive: ranch_bank_1_57_1-colonly
14:30:22 | INFO: Primitives created: 1
14:30:22 | WARNING: Mesh ranch_bank_1_58_0-colonly is not valid, and may be exported wrongly
14:30:22 | INFO: Extracting primitive: ranch_bank_1_58_0-colonly
14:30:22 | INFO: Primitives created: 1
14:30:22 | WARNING: Mesh ranch_bank_1_58_1-colonly is not valid, and may be exported wrongly
14:30:22 | INFO: Extracting primitive: ranch_bank_1_58_1-colonly
14:30:22 | INFO: Primitives created: 1
14:30:22 | WARNING: Mesh ranch_bank_1_59_0-colonly is not valid, and may be exported wrongly
14:30:22 | INFO: Extracting primitive: ranch_bank_1_59_0-colonly
14:30:22 | INFO: Primitives created: 1
14:30:22 | WARNING: Mesh ranch_bank_1_59_1-colonly is not valid, and may be exported wrongly
14:30:22 | INFO: Extracting primitive: ranch_bank_1_59_1-colonly
14:30:22 | INFO: Primitives created: 1
14:30:22 | WARNING: Mesh ranch_bank_1_60_0-colonly is not valid, and may be exported wrongly
14:30:22 | INFO: Extracting primitive: ranch_bank_1_60_0-colonly
14:30:22 | INFO: Primitives created: 1
14:30:22 | WARNING: Mesh ranch_bank_1_60_1-colonly is not valid, and may be exported wrongly
14:30:22 | INFO: Extracting primitive: ranch_bank_1_60_1-colonly
14:30:22 | INFO: Primitives created: 1
14:30:22 | WARNING: Mesh ranch_bank_1_61_0-colonly is not valid, and may be exported wrongly
14:30:22 | INFO: Extracting primitive: ranch_bank_1_61_0-colonly
14:30:22 | INFO: Primitives created: 1
14:30:22 | WARNING: Mesh ranch_bank_1_61_1-colonly is not valid, and may be exported wrongly
14:30:22 | INFO: Extracting primitive: ranch_bank_1_61_1-colonly
14:30:22 | INFO: Primitives created: 1
14:30:22 | WARNING: Mesh ranch_bank_1_62_0-colonly is not valid, and may be exported wrongly
14:30:22 | INFO: Extracting primitive: ranch_bank_1_62_0-colonly
14:30:22 | INFO: Primitives created: 1
14:30:22 | WARNING: Mesh ranch_bank_1_62_1-colonly is not valid, and may be exported wrongly
14:30:22 | INFO: Extracting primitive: ranch_bank_1_62_1-colonly
14:30:22 | INFO: Primitives created: 1
14:30:22 | WARNING: Mesh ranch_bank_1_63_0-colonly is not valid, and may be exported wrongly
14:30:22 | INFO: Extracting primitive: ranch_bank_1_63_0-colonly
14:30:22 | INFO: Primitives created: 1
14:30:22 | WARNING: Mesh ranch_bank_1_63_1-colonly is not valid, and may be exported wrongly
14:30:22 | INFO: Extracting primitive: ranch_bank_1_63_1-colonly
14:30:22 | INFO: Primitives created: 1
14:30:22 | WARNING: Mesh ranch_bank_1_64_0-colonly is not valid, and may be exported wrongly
14:30:22 | INFO: Extracting primitive: ranch_bank_1_64_0-colonly
14:30:22 | INFO: Primitives created: 1
14:30:22 | WARNING: Mesh ranch_bank_1_64_1-colonly is not valid, and may be exported wrongly
14:30:22 | INFO: Extracting primitive: ranch_bank_1_64_1-colonly
14:30:22 | INFO: Primitives created: 1
14:30:22 | WARNING: Mesh ranch_bank_1_65_0-colonly is not valid, and may be exported wrongly
14:30:22 | INFO: Extracting primitive: ranch_bank_1_65_0-colonly
14:30:22 | INFO: Primitives created: 1
14:30:22 | WARNING: Mesh ranch_bank_1_65_1-colonly is not valid, and may be exported wrongly
14:30:22 | INFO: Extracting primitive: ranch_bank_1_65_1-colonly
14:30:22 | INFO: Primitives created: 1
14:30:22 | WARNING: Mesh ranch_bank_1_66_0-colonly is not valid, and may be exported wrongly
14:30:22 | INFO: Extracting primitive: ranch_bank_1_66_0-colonly
14:30:22 | INFO: Primitives created: 1
14:30:22 | WARNING: Mesh ranch_bank_1_66_1-colonly is not valid, and may be exported wrongly
14:30:22 | INFO: Extracting primitive: ranch_bank_1_66_1-colonly
14:30:22 | INFO: Primitives created: 1
14:30:22 | WARNING: Mesh ranch_bank_1_67_0-colonly is not valid, and may be exported wrongly
14:30:22 | INFO: Extracting primitive: ranch_bank_1_67_0-colonly
14:30:22 | INFO: Primitives created: 1
14:30:22 | WARNING: Mesh ranch_bank_1_67_1-colonly is not valid, and may be exported wrongly
14:30:22 | INFO: Extracting primitive: ranch_bank_1_67_1-colonly
14:30:22 | INFO: Primitives created: 1
14:30:22 | WARNING: Mesh ranch_bank_1_68_0-colonly is not valid, and may be exported wrongly
14:30:22 | INFO: Extracting primitive: ranch_bank_1_68_0-colonly
14:30:22 | INFO: Primitives created: 1
14:30:22 | WARNING: Mesh ranch_bank_1_68_1-colonly is not valid, and may be exported wrongly
14:30:22 | INFO: Extracting primitive: ranch_bank_1_68_1-colonly
14:30:22 | INFO: Primitives created: 1
14:30:22 | WARNING: Mesh ranch_bank_1_69_0-colonly is not valid, and may be exported wrongly
14:30:22 | INFO: Extracting primitive: ranch_bank_1_69_0-colonly
14:30:22 | INFO: Primitives created: 1
14:30:22 | WARNING: Mesh ranch_bank_1_69_1-colonly is not valid, and may be exported wrongly
14:30:22 | INFO: Extracting primitive: ranch_bank_1_69_1-colonly
14:30:22 | INFO: Primitives created: 1
14:30:22 | WARNING: Mesh ranch_bank_1_70_0-colonly is not valid, and may be exported wrongly
14:30:22 | INFO: Extracting primitive: ranch_bank_1_70_0-colonly
14:30:22 | INFO: Primitives created: 1
14:30:22 | WARNING: Mesh ranch_bank_1_70_1-colonly is not valid, and may be exported wrongly
14:30:22 | INFO: Extracting primitive: ranch_bank_1_70_1-colonly
14:30:22 | INFO: Primitives created: 1
14:30:22 | WARNING: Mesh ranch_bank_1_71_0-colonly is not valid, and may be exported wrongly
14:30:22 | INFO: Extracting primitive: ranch_bank_1_71_0-colonly
14:30:22 | INFO: Primitives created: 1
14:30:22 | WARNING: Mesh ranch_bank_1_71_1-colonly is not valid, and may be exported wrongly
14:30:22 | INFO: Extracting primitive: ranch_bank_1_71_1-colonly
14:30:22 | INFO: Primitives created: 1
14:30:22 | WARNING: Mesh ranch_bank_1_72_0-colonly is not valid, and may be exported wrongly
14:30:22 | INFO: Extracting primitive: ranch_bank_1_72_0-colonly
14:30:22 | INFO: Primitives created: 1
14:30:22 | WARNING: Mesh ranch_bank_1_72_1-colonly is not valid, and may be exported wrongly
14:30:22 | INFO: Extracting primitive: ranch_bank_1_72_1-colonly
14:30:22 | INFO: Primitives created: 1
14:30:22 | WARNING: Mesh ranch_bank_1_73_0-colonly is not valid, and may be exported wrongly
14:30:22 | INFO: Extracting primitive: ranch_bank_1_73_0-colonly
14:30:22 | INFO: Primitives created: 1
14:30:22 | WARNING: Mesh ranch_bank_1_73_1-colonly is not valid, and may be exported wrongly
14:30:22 | INFO: Extracting primitive: ranch_bank_1_73_1-colonly
14:30:22 | INFO: Primitives created: 1
14:30:22 | WARNING: Mesh ranch_bank_1_74_0-colonly is not valid, and may be exported wrongly
14:30:22 | INFO: Extracting primitive: ranch_bank_1_74_0-colonly
14:30:22 | INFO: Primitives created: 1
14:30:22 | WARNING: Mesh ranch_bank_1_74_1-colonly is not valid, and may be exported wrongly
14:30:22 | INFO: Extracting primitive: ranch_bank_1_74_1-colonly
14:30:22 | INFO: Primitives created: 1
14:30:22 | WARNING: Mesh ranch_bank_1_75_0-colonly is not valid, and may be exported wrongly
14:30:22 | INFO: Extracting primitive: ranch_bank_1_75_0-colonly
14:30:22 | INFO: Primitives created: 1
14:30:22 | WARNING: Mesh ranch_bank_1_75_1-colonly is not valid, and may be exported wrongly
14:30:22 | INFO: Extracting primitive: ranch_bank_1_75_1-colonly
14:30:22 | INFO: Primitives created: 1
14:30:22 | WARNING: Mesh ranch_bank_1_76_0-colonly is not valid, and may be exported wrongly
14:30:22 | INFO: Extracting primitive: ranch_bank_1_76_0-colonly
14:30:22 | INFO: Primitives created: 1
14:30:22 | WARNING: Mesh ranch_bank_1_76_1-colonly is not valid, and may be exported wrongly
14:30:22 | INFO: Extracting primitive: ranch_bank_1_76_1-colonly
14:30:22 | INFO: Primitives created: 1
14:30:22 | WARNING: Mesh ranch_bank_1_77_0-colonly is not valid, and may be exported wrongly
14:30:22 | INFO: Extracting primitive: ranch_bank_1_77_0-colonly
14:30:22 | INFO: Primitives created: 1
14:30:22 | WARNING: Mesh ranch_bank_1_77_1-colonly is not valid, and may be exported wrongly
14:30:22 | INFO: Extracting primitive: ranch_bank_1_77_1-colonly
14:30:22 | INFO: Primitives created: 1
14:30:22 | WARNING: Mesh ranch_bank_1_78_0-colonly is not valid, and may be exported wrongly
14:30:22 | INFO: Extracting primitive: ranch_bank_1_78_0-colonly
14:30:22 | INFO: Primitives created: 1
14:30:22 | WARNING: Mesh ranch_bank_1_78_1-colonly is not valid, and may be exported wrongly
14:30:22 | INFO: Extracting primitive: ranch_bank_1_78_1-colonly
14:30:22 | INFO: Primitives created: 1
14:30:22 | WARNING: Mesh ranch_bank_1_79_0-colonly is not valid, and may be exported wrongly
14:30:22 | INFO: Extracting primitive: ranch_bank_1_79_0-colonly
14:30:22 | INFO: Primitives created: 1
14:30:22 | WARNING: Mesh ranch_bank_1_79_1-colonly is not valid, and may be exported wrongly
14:30:22 | INFO: Extracting primitive: ranch_bank_1_79_1-colonly
14:30:22 | INFO: Primitives created: 1
14:30:22 | WARNING: Mesh ranch_bank_1_80_0-colonly is not valid, and may be exported wrongly
14:30:22 | INFO: Extracting primitive: ranch_bank_1_80_0-colonly
14:30:22 | INFO: Primitives created: 1
14:30:22 | WARNING: Mesh ranch_bank_1_80_1-colonly is not valid, and may be exported wrongly
14:30:22 | INFO: Extracting primitive: ranch_bank_1_80_1-colonly
14:30:22 | INFO: Primitives created: 1
14:30:22 | WARNING: Mesh ranch_bank_1_81_0-colonly is not valid, and may be exported wrongly
14:30:22 | INFO: Extracting primitive: ranch_bank_1_81_0-colonly
14:30:22 | INFO: Primitives created: 1
14:30:22 | WARNING: Mesh ranch_bank_1_81_1-colonly is not valid, and may be exported wrongly
14:30:22 | INFO: Extracting primitive: ranch_bank_1_81_1-colonly
14:30:22 | INFO: Primitives created: 1
14:30:22 | WARNING: Mesh ranch_bank_1_82_0-colonly is not valid, and may be exported wrongly
14:30:22 | INFO: Extracting primitive: ranch_bank_1_82_0-colonly
14:30:22 | INFO: Primitives created: 1
14:30:22 | WARNING: Mesh ranch_bank_1_82_1-colonly is not valid, and may be exported wrongly
14:30:22 | INFO: Extracting primitive: ranch_bank_1_82_1-colonly
14:30:22 | INFO: Primitives created: 1
14:30:22 | WARNING: Mesh ranch_bank_1_83_0-colonly is not valid, and may be exported wrongly
14:30:22 | INFO: Extracting primitive: ranch_bank_1_83_0-colonly
14:30:22 | INFO: Primitives created: 1
14:30:22 | WARNING: Mesh ranch_bank_1_83_1-colonly is not valid, and may be exported wrongly
14:30:22 | INFO: Extracting primitive: ranch_bank_1_83_1-colonly
14:30:22 | INFO: Primitives created: 1
14:30:22 | WARNING: Mesh ranch_bank_1_84_0-colonly is not valid, and may be exported wrongly
14:30:22 | INFO: Extracting primitive: ranch_bank_1_84_0-colonly
14:30:22 | INFO: Primitives created: 1
14:30:22 | WARNING: Mesh ranch_bank_1_84_1-colonly is not valid, and may be exported wrongly
14:30:22 | INFO: Extracting primitive: ranch_bank_1_84_1-colonly
14:30:22 | INFO: Primitives created: 1
14:30:22 | WARNING: Mesh ranch_bank_1_85_0-colonly is not valid, and may be exported wrongly
14:30:22 | INFO: Extracting primitive: ranch_bank_1_85_0-colonly
14:30:22 | INFO: Primitives created: 1
14:30:22 | WARNING: Mesh ranch_bank_1_85_1-colonly is not valid, and may be exported wrongly
14:30:22 | INFO: Extracting primitive: ranch_bank_1_85_1-colonly
14:30:22 | INFO: Primitives created: 1
14:30:22 | WARNING: Mesh ranch_bank_1_86_0-colonly is not valid, and may be exported wrongly
14:30:22 | INFO: Extracting primitive: ranch_bank_1_86_0-colonly
14:30:22 | INFO: Primitives created: 1
14:30:22 | WARNING: Mesh ranch_bank_1_86_1-colonly is not valid, and may be exported wrongly
14:30:22 | INFO: Extracting primitive: ranch_bank_1_86_1-colonly
14:30:22 | INFO: Primitives created: 1
14:30:22 | WARNING: Mesh ranch_bank_1_87_0-colonly is not valid, and may be exported wrongly
14:30:22 | INFO: Extracting primitive: ranch_bank_1_87_0-colonly
14:30:22 | INFO: Primitives created: 1
14:30:22 | WARNING: Mesh ranch_bank_1_87_1-colonly is not valid, and may be exported wrongly
14:30:22 | INFO: Extracting primitive: ranch_bank_1_87_1-colonly
14:30:22 | INFO: Primitives created: 1
14:30:22 | WARNING: Mesh ranch_bank_1_88_0-colonly is not valid, and may be exported wrongly
14:30:22 | INFO: Extracting primitive: ranch_bank_1_88_0-colonly
14:30:22 | INFO: Primitives created: 1
14:30:22 | WARNING: Mesh ranch_bank_1_88_1-colonly is not valid, and may be exported wrongly
14:30:22 | INFO: Extracting primitive: ranch_bank_1_88_1-colonly
14:30:22 | INFO: Primitives created: 1
14:30:22 | WARNING: Mesh ranch_bank_1_89_0-colonly is not valid, and may be exported wrongly
14:30:22 | INFO: Extracting primitive: ranch_bank_1_89_0-colonly
14:30:22 | INFO: Primitives created: 1
14:30:22 | WARNING: Mesh ranch_bank_1_89_1-colonly is not valid, and may be exported wrongly
14:30:22 | INFO: Extracting primitive: ranch_bank_1_89_1-colonly
14:30:22 | INFO: Primitives created: 1
14:30:22 | WARNING: Mesh ranch_bank_1_90_0-colonly is not valid, and may be exported wrongly
14:30:22 | INFO: Extracting primitive: ranch_bank_1_90_0-colonly
14:30:22 | INFO: Primitives created: 1
14:30:22 | WARNING: Mesh ranch_bank_1_90_1-colonly is not valid, and may be exported wrongly
14:30:22 | INFO: Extracting primitive: ranch_bank_1_90_1-colonly
14:30:22 | INFO: Primitives created: 1
14:30:22 | WARNING: Mesh ranch_bank_1_91_0-colonly is not valid, and may be exported wrongly
14:30:22 | INFO: Extracting primitive: ranch_bank_1_91_0-colonly
14:30:22 | INFO: Primitives created: 1
14:30:22 | WARNING: Mesh ranch_bank_1_91_1-colonly is not valid, and may be exported wrongly
14:30:22 | INFO: Extracting primitive: ranch_bank_1_91_1-colonly
14:30:22 | INFO: Primitives created: 1
14:30:22 | WARNING: Mesh ranch_bank_1_92_0-colonly is not valid, and may be exported wrongly
14:30:22 | INFO: Extracting primitive: ranch_bank_1_92_0-colonly
14:30:22 | INFO: Primitives created: 1
14:30:22 | WARNING: Mesh ranch_bank_1_92_1-colonly is not valid, and may be exported wrongly
14:30:22 | INFO: Extracting primitive: ranch_bank_1_92_1-colonly
14:30:22 | INFO: Primitives created: 1
14:30:22 | WARNING: Mesh ranch_bank_1_93_0-colonly is not valid, and may be exported wrongly
14:30:22 | INFO: Extracting primitive: ranch_bank_1_93_0-colonly
14:30:22 | INFO: Primitives created: 1
14:30:22 | WARNING: Mesh ranch_bank_1_93_1-colonly is not valid, and may be exported wrongly
14:30:22 | INFO: Extracting primitive: ranch_bank_1_93_1-colonly
14:30:22 | INFO: Primitives created: 1
14:30:22 | WARNING: Mesh ranch_bank_1_94_0-colonly is not valid, and may be exported wrongly
14:30:22 | INFO: Extracting primitive: ranch_bank_1_94_0-colonly
14:30:22 | INFO: Primitives created: 1
14:30:22 | WARNING: Mesh ranch_bank_1_94_1-colonly is not valid, and may be exported wrongly
14:30:22 | INFO: Extracting primitive: ranch_bank_1_94_1-colonly
14:30:22 | INFO: Primitives created: 1
14:30:22 | WARNING: Mesh ranch_bank_1_95_0-colonly is not valid, and may be exported wrongly
14:30:22 | INFO: Extracting primitive: ranch_bank_1_95_0-colonly
14:30:22 | INFO: Primitives created: 1
14:30:22 | WARNING: Mesh ranch_bank_1_95_1-colonly is not valid, and may be exported wrongly
14:30:22 | INFO: Extracting primitive: ranch_bank_1_95_1-colonly
14:30:22 | INFO: Primitives created: 1
14:30:22 | WARNING: Mesh ranch_bank_1_96_0-colonly is not valid, and may be exported wrongly
14:30:22 | INFO: Extracting primitive: ranch_bank_1_96_0-colonly
14:30:22 | INFO: Primitives created: 1
14:30:22 | WARNING: Mesh ranch_bank_1_96_1-colonly is not valid, and may be exported wrongly
14:30:22 | INFO: Extracting primitive: ranch_bank_1_96_1-colonly
14:30:22 | INFO: Primitives created: 1
14:30:22 | WARNING: Mesh ranch_bank_1_97_0-colonly is not valid, and may be exported wrongly
14:30:22 | INFO: Extracting primitive: ranch_bank_1_97_0-colonly
14:30:22 | INFO: Primitives created: 1
14:30:22 | WARNING: Mesh ranch_bank_1_97_1-colonly is not valid, and may be exported wrongly
14:30:22 | INFO: Extracting primitive: ranch_bank_1_97_1-colonly
14:30:22 | INFO: Primitives created: 1
14:30:22 | WARNING: Mesh ranch_bank_1_98_0-colonly is not valid, and may be exported wrongly
14:30:22 | INFO: Extracting primitive: ranch_bank_1_98_0-colonly
14:30:22 | INFO: Primitives created: 1
14:30:22 | WARNING: Mesh ranch_bank_1_98_1-colonly is not valid, and may be exported wrongly
14:30:22 | INFO: Extracting primitive: ranch_bank_1_98_1-colonly
14:30:22 | INFO: Primitives created: 1
14:30:22 | WARNING: Mesh ranch_bank_1_99_0-colonly is not valid, and may be exported wrongly
14:30:22 | INFO: Extracting primitive: ranch_bank_1_99_0-colonly
14:30:22 | INFO: Primitives created: 1
14:30:22 | WARNING: Mesh ranch_bank_1_99_1-colonly is not valid, and may be exported wrongly
14:30:22 | INFO: Extracting primitive: ranch_bank_1_99_1-colonly
14:30:22 | INFO: Primitives created: 1
14:30:22 | WARNING: Mesh ranch_bank_1_100_0-colonly is not valid, and may be exported wrongly
14:30:22 | INFO: Extracting primitive: ranch_bank_1_100_0-colonly
14:30:22 | INFO: Primitives created: 1
14:30:22 | WARNING: Mesh ranch_bank_1_100_1-colonly is not valid, and may be exported wrongly
14:30:22 | INFO: Extracting primitive: ranch_bank_1_100_1-colonly
14:30:22 | INFO: Primitives created: 1
14:30:22 | WARNING: Mesh ranch_bank_1_101_0-colonly is not valid, and may be exported wrongly
14:30:22 | INFO: Extracting primitive: ranch_bank_1_101_0-colonly
14:30:22 | INFO: Primitives created: 1
14:30:22 | WARNING: Mesh ranch_bank_1_101_1-colonly is not valid, and may be exported wrongly
14:30:22 | INFO: Extracting primitive: ranch_bank_1_101_1-colonly
14:30:22 | INFO: Primitives created: 1
14:30:22 | WARNING: Mesh ranch_bank_1_102_0-colonly is not valid, and may be exported wrongly
14:30:22 | INFO: Extracting primitive: ranch_bank_1_102_0-colonly
14:30:22 | INFO: Primitives created: 1
14:30:22 | WARNING: Mesh ranch_bank_1_102_1-colonly is not valid, and may be exported wrongly
14:30:22 | INFO: Extracting primitive: ranch_bank_1_102_1-colonly
14:30:22 | INFO: Primitives created: 1
14:30:22 | WARNING: Mesh ranch_bank_1_103_0-colonly is not valid, and may be exported wrongly
14:30:22 | INFO: Extracting primitive: ranch_bank_1_103_0-colonly
14:30:22 | INFO: Primitives created: 1
14:30:22 | WARNING: Mesh ranch_bank_1_103_1-colonly is not valid, and may be exported wrongly
14:30:22 | INFO: Extracting primitive: ranch_bank_1_103_1-colonly
14:30:22 | INFO: Primitives created: 1
14:30:22 | WARNING: Mesh ranch_bank_1_104_0-colonly is not valid, and may be exported wrongly
14:30:22 | INFO: Extracting primitive: ranch_bank_1_104_0-colonly
14:30:22 | INFO: Primitives created: 1
14:30:22 | WARNING: Mesh ranch_bank_1_104_1-colonly is not valid, and may be exported wrongly
14:30:22 | INFO: Extracting primitive: ranch_bank_1_104_1-colonly
14:30:22 | INFO: Primitives created: 1
14:30:22 | WARNING: Mesh ranch_bank_1_105_0-colonly is not valid, and may be exported wrongly
14:30:22 | INFO: Extracting primitive: ranch_bank_1_105_0-colonly
14:30:22 | INFO: Primitives created: 1
14:30:22 | WARNING: Mesh ranch_bank_1_105_1-colonly is not valid, and may be exported wrongly
14:30:22 | INFO: Extracting primitive: ranch_bank_1_105_1-colonly
14:30:22 | INFO: Primitives created: 1
14:30:22 | WARNING: Mesh ranch_bank_1_106_0-colonly is not valid, and may be exported wrongly
14:30:22 | INFO: Extracting primitive: ranch_bank_1_106_0-colonly
14:30:22 | INFO: Primitives created: 1
14:30:22 | WARNING: Mesh ranch_bank_1_106_1-colonly is not valid, and may be exported wrongly
14:30:22 | INFO: Extracting primitive: ranch_bank_1_106_1-colonly
14:30:22 | INFO: Primitives created: 1
14:30:22 | WARNING: Mesh ranch_bank_1_107_0-colonly is not valid, and may be exported wrongly
14:30:22 | INFO: Extracting primitive: ranch_bank_1_107_0-colonly
14:30:22 | INFO: Primitives created: 1
14:30:22 | WARNING: Mesh ranch_bank_1_107_1-colonly is not valid, and may be exported wrongly
14:30:22 | INFO: Extracting primitive: ranch_bank_1_107_1-colonly
14:30:22 | INFO: Primitives created: 1
14:30:22 | WARNING: Mesh ranch_bank_1_108_0-colonly is not valid, and may be exported wrongly
14:30:22 | INFO: Extracting primitive: ranch_bank_1_108_0-colonly
14:30:22 | INFO: Primitives created: 1
14:30:22 | WARNING: Mesh ranch_bank_1_108_1-colonly is not valid, and may be exported wrongly
14:30:22 | INFO: Extracting primitive: ranch_bank_1_108_1-colonly
14:30:22 | INFO: Primitives created: 1
14:30:22 | WARNING: Mesh ranch_bank_1_109_0-colonly is not valid, and may be exported wrongly
14:30:22 | INFO: Extracting primitive: ranch_bank_1_109_0-colonly
14:30:22 | INFO: Primitives created: 1
14:30:22 | WARNING: Mesh ranch_bank_1_109_1-colonly is not valid, and may be exported wrongly
14:30:22 | INFO: Extracting primitive: ranch_bank_1_109_1-colonly
14:30:22 | INFO: Primitives created: 1
14:30:22 | WARNING: Mesh ranch_bank_1_110_0-colonly is not valid, and may be exported wrongly
14:30:22 | INFO: Extracting primitive: ranch_bank_1_110_0-colonly
14:30:22 | INFO: Primitives created: 1
14:30:22 | WARNING: Mesh ranch_bank_1_110_1-colonly is not valid, and may be exported wrongly
14:30:22 | INFO: Extracting primitive: ranch_bank_1_110_1-colonly
14:30:22 | INFO: Primitives created: 1
14:30:22 | WARNING: Mesh ranch_bank_2_0_0-colonly is not valid, and may be exported wrongly
14:30:22 | INFO: Extracting primitive: ranch_bank_2_0_0-colonly
14:30:22 | INFO: Primitives created: 1
14:30:22 | WARNING: Mesh ranch_bank_2_0_1-colonly is not valid, and may be exported wrongly
14:30:22 | INFO: Extracting primitive: ranch_bank_2_0_1-colonly
14:30:22 | INFO: Primitives created: 1
14:30:22 | WARNING: Mesh ranch_bank_2_1_0-colonly is not valid, and may be exported wrongly
14:30:22 | INFO: Extracting primitive: ranch_bank_2_1_0-colonly
14:30:22 | INFO: Primitives created: 1
14:30:22 | WARNING: Mesh ranch_bank_2_1_1-colonly is not valid, and may be exported wrongly
14:30:22 | INFO: Extracting primitive: ranch_bank_2_1_1-colonly
14:30:22 | INFO: Primitives created: 1
14:30:22 | WARNING: Mesh ranch_bank_2_2_0-colonly is not valid, and may be exported wrongly
14:30:22 | INFO: Extracting primitive: ranch_bank_2_2_0-colonly
14:30:22 | INFO: Primitives created: 1
14:30:22 | WARNING: Mesh ranch_bank_2_2_1-colonly is not valid, and may be exported wrongly
14:30:22 | INFO: Extracting primitive: ranch_bank_2_2_1-colonly
14:30:22 | INFO: Primitives created: 1
14:30:22 | WARNING: Mesh ranch_bank_2_3_0-colonly is not valid, and may be exported wrongly
14:30:22 | INFO: Extracting primitive: ranch_bank_2_3_0-colonly
14:30:22 | INFO: Primitives created: 1
14:30:22 | WARNING: Mesh ranch_bank_2_3_1-colonly is not valid, and may be exported wrongly
14:30:22 | INFO: Extracting primitive: ranch_bank_2_3_1-colonly
14:30:22 | INFO: Primitives created: 1
14:30:22 | WARNING: Mesh ranch_bank_2_4_0-colonly is not valid, and may be exported wrongly
14:30:22 | INFO: Extracting primitive: ranch_bank_2_4_0-colonly
14:30:22 | INFO: Primitives created: 1
14:30:22 | WARNING: Mesh ranch_bank_2_4_1-colonly is not valid, and may be exported wrongly
14:30:22 | INFO: Extracting primitive: ranch_bank_2_4_1-colonly
14:30:22 | INFO: Primitives created: 1
14:30:22 | WARNING: Mesh ranch_bank_2_5_0-colonly is not valid, and may be exported wrongly
14:30:22 | INFO: Extracting primitive: ranch_bank_2_5_0-colonly
14:30:22 | INFO: Primitives created: 1
14:30:22 | WARNING: Mesh ranch_bank_2_5_1-colonly is not valid, and may be exported wrongly
14:30:22 | INFO: Extracting primitive: ranch_bank_2_5_1-colonly
14:30:22 | INFO: Primitives created: 1
14:30:22 | WARNING: Mesh ranch_bank_2_6_0-colonly is not valid, and may be exported wrongly
14:30:22 | INFO: Extracting primitive: ranch_bank_2_6_0-colonly
14:30:22 | INFO: Primitives created: 1
14:30:22 | WARNING: Mesh ranch_bank_2_6_1-colonly is not valid, and may be exported wrongly
14:30:22 | INFO: Extracting primitive: ranch_bank_2_6_1-colonly
14:30:22 | INFO: Primitives created: 1
14:30:22 | WARNING: Mesh ranch_bank_2_7_0-colonly is not valid, and may be exported wrongly
14:30:22 | INFO: Extracting primitive: ranch_bank_2_7_0-colonly
14:30:22 | INFO: Primitives created: 1
14:30:22 | WARNING: Mesh ranch_bank_2_7_1-colonly is not valid, and may be exported wrongly
14:30:22 | INFO: Extracting primitive: ranch_bank_2_7_1-colonly
14:30:22 | INFO: Primitives created: 1
14:30:22 | WARNING: Mesh ranch_bank_2_8_0-colonly is not valid, and may be exported wrongly
14:30:22 | INFO: Extracting primitive: ranch_bank_2_8_0-colonly
14:30:22 | INFO: Primitives created: 1
14:30:22 | WARNING: Mesh ranch_bank_2_8_1-colonly is not valid, and may be exported wrongly
14:30:22 | INFO: Extracting primitive: ranch_bank_2_8_1-colonly
14:30:22 | INFO: Primitives created: 1
14:30:22 | WARNING: Mesh ranch_bank_2_9_0-colonly is not valid, and may be exported wrongly
14:30:22 | INFO: Extracting primitive: ranch_bank_2_9_0-colonly
14:30:22 | INFO: Primitives created: 1
14:30:22 | WARNING: Mesh ranch_bank_2_9_1-colonly is not valid, and may be exported wrongly
14:30:22 | INFO: Extracting primitive: ranch_bank_2_9_1-colonly
14:30:22 | INFO: Primitives created: 1
14:30:22 | WARNING: Mesh ranch_bank_2_10_0-colonly is not valid, and may be exported wrongly
14:30:22 | INFO: Extracting primitive: ranch_bank_2_10_0-colonly
14:30:22 | INFO: Primitives created: 1
14:30:22 | WARNING: Mesh ranch_bank_2_10_1-colonly is not valid, and may be exported wrongly
14:30:22 | INFO: Extracting primitive: ranch_bank_2_10_1-colonly
14:30:22 | INFO: Primitives created: 1
14:30:22 | WARNING: Mesh ranch_bank_2_11_0-colonly is not valid, and may be exported wrongly
14:30:22 | INFO: Extracting primitive: ranch_bank_2_11_0-colonly
14:30:22 | INFO: Primitives created: 1
14:30:22 | WARNING: Mesh ranch_bank_2_11_1-colonly is not valid, and may be exported wrongly
14:30:22 | INFO: Extracting primitive: ranch_bank_2_11_1-colonly
14:30:22 | INFO: Primitives created: 1
14:30:22 | WARNING: Mesh ranch_bank_2_12_0-colonly is not valid, and may be exported wrongly
14:30:22 | INFO: Extracting primitive: ranch_bank_2_12_0-colonly
14:30:22 | INFO: Primitives created: 1
14:30:22 | WARNING: Mesh ranch_bank_2_12_1-colonly is not valid, and may be exported wrongly
14:30:22 | INFO: Extracting primitive: ranch_bank_2_12_1-colonly
14:30:22 | INFO: Primitives created: 1
14:30:22 | WARNING: Mesh ranch_bank_2_13_0-colonly is not valid, and may be exported wrongly
14:30:22 | INFO: Extracting primitive: ranch_bank_2_13_0-colonly
14:30:22 | INFO: Primitives created: 1
14:30:22 | WARNING: Mesh ranch_bank_2_13_1-colonly is not valid, and may be exported wrongly
14:30:22 | INFO: Extracting primitive: ranch_bank_2_13_1-colonly
14:30:22 | INFO: Primitives created: 1
14:30:22 | WARNING: Mesh ranch_bank_2_14_0-colonly is not valid, and may be exported wrongly
14:30:22 | INFO: Extracting primitive: ranch_bank_2_14_0-colonly
14:30:22 | INFO: Primitives created: 1
14:30:22 | WARNING: Mesh ranch_bank_2_14_1-colonly is not valid, and may be exported wrongly
14:30:22 | INFO: Extracting primitive: ranch_bank_2_14_1-colonly
14:30:22 | INFO: Primitives created: 1
14:30:22 | WARNING: Mesh ranch_bank_2_15_0-colonly is not valid, and may be exported wrongly
14:30:22 | INFO: Extracting primitive: ranch_bank_2_15_0-colonly
14:30:22 | INFO: Primitives created: 1
14:30:22 | WARNING: Mesh ranch_bank_2_15_1-colonly is not valid, and may be exported wrongly
14:30:22 | INFO: Extracting primitive: ranch_bank_2_15_1-colonly
14:30:22 | INFO: Primitives created: 1
14:30:22 | WARNING: Mesh ranch_bank_2_16_0-colonly is not valid, and may be exported wrongly
14:30:22 | INFO: Extracting primitive: ranch_bank_2_16_0-colonly
14:30:22 | INFO: Primitives created: 1
14:30:22 | WARNING: Mesh ranch_bank_2_16_1-colonly is not valid, and may be exported wrongly
14:30:22 | INFO: Extracting primitive: ranch_bank_2_16_1-colonly
14:30:22 | INFO: Primitives created: 1
14:30:22 | WARNING: Mesh ranch_bank_2_17_0-colonly is not valid, and may be exported wrongly
14:30:22 | INFO: Extracting primitive: ranch_bank_2_17_0-colonly
14:30:22 | INFO: Primitives created: 1
14:30:22 | WARNING: Mesh ranch_bank_2_17_1-colonly is not valid, and may be exported wrongly
14:30:22 | INFO: Extracting primitive: ranch_bank_2_17_1-colonly
14:30:22 | INFO: Primitives created: 1
14:30:22 | WARNING: Mesh ranch_bank_2_18_0-colonly is not valid, and may be exported wrongly
14:30:22 | INFO: Extracting primitive: ranch_bank_2_18_0-colonly
14:30:22 | INFO: Primitives created: 1
14:30:22 | WARNING: Mesh ranch_bank_2_18_1-colonly is not valid, and may be exported wrongly
14:30:22 | INFO: Extracting primitive: ranch_bank_2_18_1-colonly
14:30:22 | INFO: Primitives created: 1
14:30:22 | WARNING: Mesh ranch_bank_2_19_0-colonly is not valid, and may be exported wrongly
14:30:22 | INFO: Extracting primitive: ranch_bank_2_19_0-colonly
14:30:22 | INFO: Primitives created: 1
14:30:22 | WARNING: Mesh ranch_bank_2_19_1-colonly is not valid, and may be exported wrongly
14:30:22 | INFO: Extracting primitive: ranch_bank_2_19_1-colonly
14:30:22 | INFO: Primitives created: 1
14:30:22 | WARNING: Mesh ranch_bank_2_20_0-colonly is not valid, and may be exported wrongly
14:30:22 | INFO: Extracting primitive: ranch_bank_2_20_0-colonly
14:30:22 | INFO: Primitives created: 1
14:30:22 | WARNING: Mesh ranch_bank_2_20_1-colonly is not valid, and may be exported wrongly
14:30:22 | INFO: Extracting primitive: ranch_bank_2_20_1-colonly
14:30:22 | INFO: Primitives created: 1
14:30:22 | WARNING: Mesh ranch_bank_2_21_0-colonly is not valid, and may be exported wrongly
14:30:22 | INFO: Extracting primitive: ranch_bank_2_21_0-colonly
14:30:22 | INFO: Primitives created: 1
14:30:22 | WARNING: Mesh ranch_bank_2_21_1-colonly is not valid, and may be exported wrongly
14:30:22 | INFO: Extracting primitive: ranch_bank_2_21_1-colonly
14:30:22 | INFO: Primitives created: 1
14:30:22 | WARNING: Mesh ranch_bank_2_22_0-colonly is not valid, and may be exported wrongly
14:30:22 | INFO: Extracting primitive: ranch_bank_2_22_0-colonly
14:30:22 | INFO: Primitives created: 1
14:30:22 | WARNING: Mesh ranch_bank_2_22_1-colonly is not valid, and may be exported wrongly
14:30:22 | INFO: Extracting primitive: ranch_bank_2_22_1-colonly
14:30:22 | INFO: Primitives created: 1
14:30:22 | WARNING: Mesh ranch_bank_2_23_0-colonly is not valid, and may be exported wrongly
14:30:22 | INFO: Extracting primitive: ranch_bank_2_23_0-colonly
14:30:22 | INFO: Primitives created: 1
14:30:22 | WARNING: Mesh ranch_bank_2_23_1-colonly is not valid, and may be exported wrongly
14:30:22 | INFO: Extracting primitive: ranch_bank_2_23_1-colonly
14:30:22 | INFO: Primitives created: 1
14:30:22 | WARNING: Mesh ranch_bank_2_24_0-colonly is not valid, and may be exported wrongly
14:30:22 | INFO: Extracting primitive: ranch_bank_2_24_0-colonly
14:30:22 | INFO: Primitives created: 1
14:30:22 | WARNING: Mesh ranch_bank_2_24_1-colonly is not valid, and may be exported wrongly
14:30:22 | INFO: Extracting primitive: ranch_bank_2_24_1-colonly
14:30:22 | INFO: Primitives created: 1
14:30:22 | WARNING: Mesh ranch_bank_2_25_0-colonly is not valid, and may be exported wrongly
14:30:22 | INFO: Extracting primitive: ranch_bank_2_25_0-colonly
14:30:22 | INFO: Primitives created: 1
14:30:22 | WARNING: Mesh ranch_bank_2_25_1-colonly is not valid, and may be exported wrongly
14:30:22 | INFO: Extracting primitive: ranch_bank_2_25_1-colonly
14:30:22 | INFO: Primitives created: 1
14:30:22 | WARNING: Mesh ranch_bank_2_26_0-colonly is not valid, and may be exported wrongly
14:30:22 | INFO: Extracting primitive: ranch_bank_2_26_0-colonly
14:30:22 | INFO: Primitives created: 1
14:30:22 | WARNING: Mesh ranch_bank_2_26_1-colonly is not valid, and may be exported wrongly
14:30:22 | INFO: Extracting primitive: ranch_bank_2_26_1-colonly
14:30:22 | INFO: Primitives created: 1
14:30:22 | WARNING: Mesh ranch_bank_2_27_0-colonly is not valid, and may be exported wrongly
14:30:22 | INFO: Extracting primitive: ranch_bank_2_27_0-colonly
14:30:22 | INFO: Primitives created: 1
14:30:22 | WARNING: Mesh ranch_bank_2_27_1-colonly is not valid, and may be exported wrongly
14:30:22 | INFO: Extracting primitive: ranch_bank_2_27_1-colonly
14:30:22 | INFO: Primitives created: 1
14:30:22 | WARNING: Mesh ranch_bank_2_28_0-colonly is not valid, and may be exported wrongly
14:30:22 | INFO: Extracting primitive: ranch_bank_2_28_0-colonly
14:30:22 | INFO: Primitives created: 1
14:30:22 | WARNING: Mesh ranch_bank_2_28_1-colonly is not valid, and may be exported wrongly
14:30:22 | INFO: Extracting primitive: ranch_bank_2_28_1-colonly
14:30:22 | INFO: Primitives created: 1
14:30:22 | WARNING: Mesh ranch_bank_2_29_0-colonly is not valid, and may be exported wrongly
14:30:22 | INFO: Extracting primitive: ranch_bank_2_29_0-colonly
14:30:22 | INFO: Primitives created: 1
14:30:22 | WARNING: Mesh ranch_bank_2_29_1-colonly is not valid, and may be exported wrongly
14:30:22 | INFO: Extracting primitive: ranch_bank_2_29_1-colonly
14:30:22 | INFO: Primitives created: 1
14:30:22 | WARNING: Mesh ranch_bank_2_30_0-colonly is not valid, and may be exported wrongly
14:30:22 | INFO: Extracting primitive: ranch_bank_2_30_0-colonly
14:30:22 | INFO: Primitives created: 1
14:30:22 | WARNING: Mesh ranch_bank_2_30_1-colonly is not valid, and may be exported wrongly
14:30:22 | INFO: Extracting primitive: ranch_bank_2_30_1-colonly
14:30:22 | INFO: Primitives created: 1
14:30:22 | WARNING: Mesh ranch_bank_2_31_0-colonly is not valid, and may be exported wrongly
14:30:22 | INFO: Extracting primitive: ranch_bank_2_31_0-colonly
14:30:22 | INFO: Primitives created: 1
14:30:22 | WARNING: Mesh ranch_bank_2_31_1-colonly is not valid, and may be exported wrongly
14:30:22 | INFO: Extracting primitive: ranch_bank_2_31_1-colonly
14:30:22 | INFO: Primitives created: 1
14:30:22 | WARNING: Mesh ranch_bank_2_32_0-colonly is not valid, and may be exported wrongly
14:30:22 | INFO: Extracting primitive: ranch_bank_2_32_0-colonly
14:30:22 | INFO: Primitives created: 1
14:30:22 | WARNING: Mesh ranch_bank_2_32_1-colonly is not valid, and may be exported wrongly
14:30:22 | INFO: Extracting primitive: ranch_bank_2_32_1-colonly
14:30:22 | INFO: Primitives created: 1
14:30:22 | WARNING: Mesh ranch_bank_2_33_0-colonly is not valid, and may be exported wrongly
14:30:22 | INFO: Extracting primitive: ranch_bank_2_33_0-colonly
14:30:22 | INFO: Primitives created: 1
14:30:22 | WARNING: Mesh ranch_bank_2_33_1-colonly is not valid, and may be exported wrongly
14:30:22 | INFO: Extracting primitive: ranch_bank_2_33_1-colonly
14:30:22 | INFO: Primitives created: 1
14:30:22 | WARNING: Mesh ranch_bank_2_34_0-colonly is not valid, and may be exported wrongly
14:30:22 | INFO: Extracting primitive: ranch_bank_2_34_0-colonly
14:30:22 | INFO: Primitives created: 1
14:30:22 | WARNING: Mesh ranch_bank_2_34_1-colonly is not valid, and may be exported wrongly
14:30:22 | INFO: Extracting primitive: ranch_bank_2_34_1-colonly
14:30:22 | INFO: Primitives created: 1
14:30:22 | WARNING: Mesh ranch_bank_2_35_0-colonly is not valid, and may be exported wrongly
14:30:22 | INFO: Extracting primitive: ranch_bank_2_35_0-colonly
14:30:22 | INFO: Primitives created: 1
14:30:22 | WARNING: Mesh ranch_bank_2_35_1-colonly is not valid, and may be exported wrongly
14:30:22 | INFO: Extracting primitive: ranch_bank_2_35_1-colonly
14:30:22 | INFO: Primitives created: 1
14:30:22 | WARNING: Mesh ranch_bank_2_36_0-colonly is not valid, and may be exported wrongly
14:30:22 | INFO: Extracting primitive: ranch_bank_2_36_0-colonly
14:30:22 | INFO: Primitives created: 1
14:30:22 | WARNING: Mesh ranch_bank_2_36_1-colonly is not valid, and may be exported wrongly
14:30:22 | INFO: Extracting primitive: ranch_bank_2_36_1-colonly
14:30:22 | INFO: Primitives created: 1
14:30:22 | WARNING: Mesh ranch_bank_2_37_0-colonly is not valid, and may be exported wrongly
14:30:22 | INFO: Extracting primitive: ranch_bank_2_37_0-colonly
14:30:22 | INFO: Primitives created: 1
14:30:22 | WARNING: Mesh ranch_bank_2_37_1-colonly is not valid, and may be exported wrongly
14:30:22 | INFO: Extracting primitive: ranch_bank_2_37_1-colonly
14:30:22 | INFO: Primitives created: 1
14:30:22 | WARNING: Mesh ranch_bank_2_38_0-colonly is not valid, and may be exported wrongly
14:30:22 | INFO: Extracting primitive: ranch_bank_2_38_0-colonly
14:30:22 | INFO: Primitives created: 1
14:30:22 | WARNING: Mesh ranch_bank_2_38_1-colonly is not valid, and may be exported wrongly
14:30:22 | INFO: Extracting primitive: ranch_bank_2_38_1-colonly
14:30:22 | INFO: Primitives created: 1
14:30:22 | WARNING: Mesh ranch_bank_2_39_0-colonly is not valid, and may be exported wrongly
14:30:22 | INFO: Extracting primitive: ranch_bank_2_39_0-colonly
14:30:22 | INFO: Primitives created: 1
14:30:22 | WARNING: Mesh ranch_bank_2_39_1-colonly is not valid, and may be exported wrongly
14:30:22 | INFO: Extracting primitive: ranch_bank_2_39_1-colonly
14:30:22 | INFO: Primitives created: 1
14:30:22 | WARNING: Mesh ranch_bank_2_40_0-colonly is not valid, and may be exported wrongly
14:30:22 | INFO: Extracting primitive: ranch_bank_2_40_0-colonly
14:30:22 | INFO: Primitives created: 1
14:30:22 | WARNING: Mesh ranch_bank_2_40_1-colonly is not valid, and may be exported wrongly
14:30:22 | INFO: Extracting primitive: ranch_bank_2_40_1-colonly
14:30:22 | INFO: Primitives created: 1
14:30:22 | WARNING: Mesh ranch_bank_2_41_0-colonly is not valid, and may be exported wrongly
14:30:22 | INFO: Extracting primitive: ranch_bank_2_41_0-colonly
14:30:22 | INFO: Primitives created: 1
14:30:22 | WARNING: Mesh ranch_bank_2_41_1-colonly is not valid, and may be exported wrongly
14:30:22 | INFO: Extracting primitive: ranch_bank_2_41_1-colonly
14:30:22 | INFO: Primitives created: 1
14:30:22 | WARNING: Mesh ranch_bank_2_42_0-colonly is not valid, and may be exported wrongly
14:30:22 | INFO: Extracting primitive: ranch_bank_2_42_0-colonly
14:30:22 | INFO: Primitives created: 1
14:30:22 | WARNING: Mesh ranch_bank_2_42_1-colonly is not valid, and may be exported wrongly
14:30:22 | INFO: Extracting primitive: ranch_bank_2_42_1-colonly
14:30:22 | INFO: Primitives created: 1
14:30:22 | WARNING: Mesh ranch_bank_2_43_0-colonly is not valid, and may be exported wrongly
14:30:22 | INFO: Extracting primitive: ranch_bank_2_43_0-colonly
14:30:22 | INFO: Primitives created: 1
14:30:22 | WARNING: Mesh ranch_bank_2_43_1-colonly is not valid, and may be exported wrongly
14:30:22 | INFO: Extracting primitive: ranch_bank_2_43_1-colonly
14:30:22 | INFO: Primitives created: 1
14:30:22 | WARNING: Mesh ranch_bank_2_44_0-colonly is not valid, and may be exported wrongly
14:30:22 | INFO: Extracting primitive: ranch_bank_2_44_0-colonly
14:30:22 | INFO: Primitives created: 1
14:30:22 | WARNING: Mesh ranch_bank_2_44_1-colonly is not valid, and may be exported wrongly
14:30:22 | INFO: Extracting primitive: ranch_bank_2_44_1-colonly
14:30:22 | INFO: Primitives created: 1
14:30:22 | WARNING: Mesh ranch_bank_2_54_0-colonly is not valid, and may be exported wrongly
14:30:22 | INFO: Extracting primitive: ranch_bank_2_54_0-colonly
14:30:22 | INFO: Primitives created: 1
14:30:22 | WARNING: Mesh ranch_bank_2_54_1-colonly is not valid, and may be exported wrongly
14:30:22 | INFO: Extracting primitive: ranch_bank_2_54_1-colonly
14:30:22 | INFO: Primitives created: 1
14:30:22 | WARNING: Mesh ranch_bank_2_55_0-colonly is not valid, and may be exported wrongly
14:30:22 | INFO: Extracting primitive: ranch_bank_2_55_0-colonly
14:30:22 | INFO: Primitives created: 1
14:30:22 | WARNING: Mesh ranch_bank_2_55_1-colonly is not valid, and may be exported wrongly
14:30:22 | INFO: Extracting primitive: ranch_bank_2_55_1-colonly
14:30:22 | INFO: Primitives created: 1
14:30:22 | WARNING: Mesh ranch_bank_2_56_0-colonly is not valid, and may be exported wrongly
14:30:22 | INFO: Extracting primitive: ranch_bank_2_56_0-colonly
14:30:22 | INFO: Primitives created: 1
14:30:22 | WARNING: Mesh ranch_bank_2_56_1-colonly is not valid, and may be exported wrongly
14:30:22 | INFO: Extracting primitive: ranch_bank_2_56_1-colonly
14:30:22 | INFO: Primitives created: 1
14:30:22 | WARNING: Mesh ranch_bank_2_57_0-colonly is not valid, and may be exported wrongly
14:30:22 | INFO: Extracting primitive: ranch_bank_2_57_0-colonly
14:30:22 | INFO: Primitives created: 1
14:30:22 | WARNING: Mesh ranch_bank_2_57_1-colonly is not valid, and may be exported wrongly
14:30:22 | INFO: Extracting primitive: ranch_bank_2_57_1-colonly
14:30:22 | INFO: Primitives created: 1
14:30:22 | WARNING: Mesh ranch_bank_2_58_0-colonly is not valid, and may be exported wrongly
14:30:22 | INFO: Extracting primitive: ranch_bank_2_58_0-colonly
14:30:22 | INFO: Primitives created: 1
14:30:22 | WARNING: Mesh ranch_bank_2_58_1-colonly is not valid, and may be exported wrongly
14:30:22 | INFO: Extracting primitive: ranch_bank_2_58_1-colonly
14:30:22 | INFO: Primitives created: 1
14:30:22 | WARNING: Mesh ranch_bank_2_59_0-colonly is not valid, and may be exported wrongly
14:30:22 | INFO: Extracting primitive: ranch_bank_2_59_0-colonly
14:30:22 | INFO: Primitives created: 1
14:30:22 | WARNING: Mesh ranch_bank_2_59_1-colonly is not valid, and may be exported wrongly
14:30:22 | INFO: Extracting primitive: ranch_bank_2_59_1-colonly
14:30:22 | INFO: Primitives created: 1
14:30:22 | WARNING: Mesh ranch_bank_2_60_0-colonly is not valid, and may be exported wrongly
14:30:22 | INFO: Extracting primitive: ranch_bank_2_60_0-colonly
14:30:22 | INFO: Primitives created: 1
14:30:22 | WARNING: Mesh ranch_bank_2_60_1-colonly is not valid, and may be exported wrongly
14:30:22 | INFO: Extracting primitive: ranch_bank_2_60_1-colonly
14:30:22 | INFO: Primitives created: 1
14:30:22 | WARNING: Mesh ranch_bank_2_61_0-colonly is not valid, and may be exported wrongly
14:30:22 | INFO: Extracting primitive: ranch_bank_2_61_0-colonly
14:30:22 | INFO: Primitives created: 1
14:30:22 | WARNING: Mesh ranch_bank_2_61_1-colonly is not valid, and may be exported wrongly
14:30:22 | INFO: Extracting primitive: ranch_bank_2_61_1-colonly
14:30:22 | INFO: Primitives created: 1
14:30:22 | WARNING: Mesh ranch_bank_2_62_0-colonly is not valid, and may be exported wrongly
14:30:22 | INFO: Extracting primitive: ranch_bank_2_62_0-colonly
14:30:22 | INFO: Primitives created: 1
14:30:22 | WARNING: Mesh ranch_bank_2_62_1-colonly is not valid, and may be exported wrongly
14:30:22 | INFO: Extracting primitive: ranch_bank_2_62_1-colonly
14:30:22 | INFO: Primitives created: 1
14:30:22 | WARNING: Mesh ranch_bank_2_63_0-colonly is not valid, and may be exported wrongly
14:30:22 | INFO: Extracting primitive: ranch_bank_2_63_0-colonly
14:30:22 | INFO: Primitives created: 1
14:30:22 | WARNING: Mesh ranch_bank_2_63_1-colonly is not valid, and may be exported wrongly
14:30:22 | INFO: Extracting primitive: ranch_bank_2_63_1-colonly
14:30:22 | INFO: Primitives created: 1
14:30:22 | WARNING: Mesh ranch_bank_2_64_0-colonly is not valid, and may be exported wrongly
14:30:22 | INFO: Extracting primitive: ranch_bank_2_64_0-colonly
14:30:22 | INFO: Primitives created: 1
14:30:22 | WARNING: Mesh ranch_bank_2_64_1-colonly is not valid, and may be exported wrongly
14:30:22 | INFO: Extracting primitive: ranch_bank_2_64_1-colonly
14:30:22 | INFO: Primitives created: 1
14:30:22 | WARNING: Mesh ranch_bank_2_65_0-colonly is not valid, and may be exported wrongly
14:30:22 | INFO: Extracting primitive: ranch_bank_2_65_0-colonly
14:30:22 | INFO: Primitives created: 1
14:30:22 | WARNING: Mesh ranch_bank_2_65_1-colonly is not valid, and may be exported wrongly
14:30:22 | INFO: Extracting primitive: ranch_bank_2_65_1-colonly
14:30:22 | INFO: Primitives created: 1
14:30:22 | WARNING: Mesh ranch_bank_2_66_0-colonly is not valid, and may be exported wrongly
14:30:22 | INFO: Extracting primitive: ranch_bank_2_66_0-colonly
14:30:22 | INFO: Primitives created: 1
14:30:22 | WARNING: Mesh ranch_bank_2_66_1-colonly is not valid, and may be exported wrongly
14:30:22 | INFO: Extracting primitive: ranch_bank_2_66_1-colonly
14:30:22 | INFO: Primitives created: 1
14:30:22 | WARNING: Mesh ranch_bank_2_67_0-colonly is not valid, and may be exported wrongly
14:30:22 | INFO: Extracting primitive: ranch_bank_2_67_0-colonly
14:30:22 | INFO: Primitives created: 1
14:30:22 | WARNING: Mesh ranch_bank_2_67_1-colonly is not valid, and may be exported wrongly
14:30:22 | INFO: Extracting primitive: ranch_bank_2_67_1-colonly
14:30:22 | INFO: Primitives created: 1
14:30:22 | WARNING: Mesh ranch_bank_2_68_0-colonly is not valid, and may be exported wrongly
14:30:22 | INFO: Extracting primitive: ranch_bank_2_68_0-colonly
14:30:22 | INFO: Primitives created: 1
14:30:22 | WARNING: Mesh ranch_bank_2_68_1-colonly is not valid, and may be exported wrongly
14:30:22 | INFO: Extracting primitive: ranch_bank_2_68_1-colonly
14:30:22 | INFO: Primitives created: 1
14:30:22 | WARNING: Mesh ranch_bank_2_69_0-colonly is not valid, and may be exported wrongly
14:30:22 | INFO: Extracting primitive: ranch_bank_2_69_0-colonly
14:30:22 | INFO: Primitives created: 1
14:30:22 | WARNING: Mesh ranch_bank_2_69_1-colonly is not valid, and may be exported wrongly
14:30:22 | INFO: Extracting primitive: ranch_bank_2_69_1-colonly
14:30:22 | INFO: Primitives created: 1
14:30:22 | WARNING: Mesh ranch_bank_2_70_0-colonly is not valid, and may be exported wrongly
14:30:22 | INFO: Extracting primitive: ranch_bank_2_70_0-colonly
14:30:22 | INFO: Primitives created: 1
14:30:22 | WARNING: Mesh ranch_bank_2_70_1-colonly is not valid, and may be exported wrongly
14:30:22 | INFO: Extracting primitive: ranch_bank_2_70_1-colonly
14:30:22 | INFO: Primitives created: 1
14:30:22 | WARNING: Mesh ranch_bank_2_71_0-colonly is not valid, and may be exported wrongly
14:30:22 | INFO: Extracting primitive: ranch_bank_2_71_0-colonly
14:30:22 | INFO: Primitives created: 1
14:30:22 | WARNING: Mesh ranch_bank_2_71_1-colonly is not valid, and may be exported wrongly
14:30:22 | INFO: Extracting primitive: ranch_bank_2_71_1-colonly
14:30:22 | INFO: Primitives created: 1
14:30:22 | WARNING: Mesh ranch_bank_2_72_0-colonly is not valid, and may be exported wrongly
14:30:22 | INFO: Extracting primitive: ranch_bank_2_72_0-colonly
14:30:22 | INFO: Primitives created: 1
14:30:22 | WARNING: Mesh ranch_bank_2_72_1-colonly is not valid, and may be exported wrongly
14:30:22 | INFO: Extracting primitive: ranch_bank_2_72_1-colonly
14:30:22 | INFO: Primitives created: 1
14:30:22 | WARNING: Mesh ranch_bank_2_73_0-colonly is not valid, and may be exported wrongly
14:30:22 | INFO: Extracting primitive: ranch_bank_2_73_0-colonly
14:30:22 | INFO: Primitives created: 1
14:30:22 | WARNING: Mesh ranch_bank_2_73_1-colonly is not valid, and may be exported wrongly
14:30:22 | INFO: Extracting primitive: ranch_bank_2_73_1-colonly
14:30:22 | INFO: Primitives created: 1
14:30:22 | WARNING: Mesh ranch_bank_2_74_0-colonly is not valid, and may be exported wrongly
14:30:22 | INFO: Extracting primitive: ranch_bank_2_74_0-colonly
14:30:22 | INFO: Primitives created: 1
14:30:22 | WARNING: Mesh ranch_bank_2_74_1-colonly is not valid, and may be exported wrongly
14:30:22 | INFO: Extracting primitive: ranch_bank_2_74_1-colonly
14:30:22 | INFO: Primitives created: 1
14:30:22 | WARNING: Mesh ranch_bank_2_75_0-colonly is not valid, and may be exported wrongly
14:30:22 | INFO: Extracting primitive: ranch_bank_2_75_0-colonly
14:30:22 | INFO: Primitives created: 1
14:30:22 | WARNING: Mesh ranch_bank_2_75_1-colonly is not valid, and may be exported wrongly
14:30:22 | INFO: Extracting primitive: ranch_bank_2_75_1-colonly
14:30:22 | INFO: Primitives created: 1
14:30:22 | WARNING: Mesh ranch_bank_2_76_0-colonly is not valid, and may be exported wrongly
14:30:22 | INFO: Extracting primitive: ranch_bank_2_76_0-colonly
14:30:23 | INFO: Primitives created: 1
14:30:23 | WARNING: Mesh ranch_bank_2_76_1-colonly is not valid, and may be exported wrongly
14:30:23 | INFO: Extracting primitive: ranch_bank_2_76_1-colonly
14:30:23 | INFO: Primitives created: 1
14:30:23 | WARNING: Mesh ranch_bank_2_77_0-colonly is not valid, and may be exported wrongly
14:30:23 | INFO: Extracting primitive: ranch_bank_2_77_0-colonly
14:30:23 | INFO: Primitives created: 1
14:30:23 | WARNING: Mesh ranch_bank_2_77_1-colonly is not valid, and may be exported wrongly
14:30:23 | INFO: Extracting primitive: ranch_bank_2_77_1-colonly
14:30:23 | INFO: Primitives created: 1
14:30:23 | WARNING: Mesh ranch_bank_2_78_0-colonly is not valid, and may be exported wrongly
14:30:23 | INFO: Extracting primitive: ranch_bank_2_78_0-colonly
14:30:23 | INFO: Primitives created: 1
14:30:23 | WARNING: Mesh ranch_bank_2_78_1-colonly is not valid, and may be exported wrongly
14:30:23 | INFO: Extracting primitive: ranch_bank_2_78_1-colonly
14:30:23 | INFO: Primitives created: 1
14:30:23 | WARNING: Mesh ranch_bank_2_79_0-colonly is not valid, and may be exported wrongly
14:30:23 | INFO: Extracting primitive: ranch_bank_2_79_0-colonly
14:30:23 | INFO: Primitives created: 1
14:30:23 | WARNING: Mesh ranch_bank_2_79_1-colonly is not valid, and may be exported wrongly
14:30:23 | INFO: Extracting primitive: ranch_bank_2_79_1-colonly
14:30:23 | INFO: Primitives created: 1
14:30:23 | WARNING: Mesh ranch_bank_2_80_0-colonly is not valid, and may be exported wrongly
14:30:23 | INFO: Extracting primitive: ranch_bank_2_80_0-colonly
14:30:23 | INFO: Primitives created: 1
14:30:23 | WARNING: Mesh ranch_bank_2_80_1-colonly is not valid, and may be exported wrongly
14:30:23 | INFO: Extracting primitive: ranch_bank_2_80_1-colonly
14:30:23 | INFO: Primitives created: 1
14:30:23 | WARNING: Mesh ranch_bank_2_81_0-colonly is not valid, and may be exported wrongly
14:30:23 | INFO: Extracting primitive: ranch_bank_2_81_0-colonly
14:30:23 | INFO: Primitives created: 1
14:30:23 | WARNING: Mesh ranch_bank_2_81_1-colonly is not valid, and may be exported wrongly
14:30:23 | INFO: Extracting primitive: ranch_bank_2_81_1-colonly
14:30:23 | INFO: Primitives created: 1
14:30:23 | WARNING: Mesh ranch_bank_2_82_0-colonly is not valid, and may be exported wrongly
14:30:23 | INFO: Extracting primitive: ranch_bank_2_82_0-colonly
14:30:23 | INFO: Primitives created: 1
14:30:23 | WARNING: Mesh ranch_bank_2_82_1-colonly is not valid, and may be exported wrongly
14:30:23 | INFO: Extracting primitive: ranch_bank_2_82_1-colonly
14:30:23 | INFO: Primitives created: 1
14:30:23 | WARNING: Mesh ranch_bank_2_83_0-colonly is not valid, and may be exported wrongly
14:30:23 | INFO: Extracting primitive: ranch_bank_2_83_0-colonly
14:30:23 | INFO: Primitives created: 1
14:30:23 | WARNING: Mesh ranch_bank_2_83_1-colonly is not valid, and may be exported wrongly
14:30:23 | INFO: Extracting primitive: ranch_bank_2_83_1-colonly
14:30:23 | INFO: Primitives created: 1
14:30:23 | WARNING: Mesh ranch_bank_2_84_0-colonly is not valid, and may be exported wrongly
14:30:23 | INFO: Extracting primitive: ranch_bank_2_84_0-colonly
14:30:23 | INFO: Primitives created: 1
14:30:23 | WARNING: Mesh ranch_bank_2_84_1-colonly is not valid, and may be exported wrongly
14:30:23 | INFO: Extracting primitive: ranch_bank_2_84_1-colonly
14:30:23 | INFO: Primitives created: 1
14:30:23 | WARNING: Mesh ranch_bank_2_85_0-colonly is not valid, and may be exported wrongly
14:30:23 | INFO: Extracting primitive: ranch_bank_2_85_0-colonly
14:30:23 | INFO: Primitives created: 1
14:30:23 | WARNING: Mesh ranch_bank_2_85_1-colonly is not valid, and may be exported wrongly
14:30:23 | INFO: Extracting primitive: ranch_bank_2_85_1-colonly
14:30:23 | INFO: Primitives created: 1
14:30:23 | WARNING: Mesh ranch_bank_2_86_0-colonly is not valid, and may be exported wrongly
14:30:23 | INFO: Extracting primitive: ranch_bank_2_86_0-colonly
14:30:23 | INFO: Primitives created: 1
14:30:23 | WARNING: Mesh ranch_bank_2_86_1-colonly is not valid, and may be exported wrongly
14:30:23 | INFO: Extracting primitive: ranch_bank_2_86_1-colonly
14:30:23 | INFO: Primitives created: 1
14:30:23 | WARNING: Mesh ranch_bank_2_87_0-colonly is not valid, and may be exported wrongly
14:30:23 | INFO: Extracting primitive: ranch_bank_2_87_0-colonly
14:30:23 | INFO: Primitives created: 1
14:30:23 | WARNING: Mesh ranch_bank_2_87_1-colonly is not valid, and may be exported wrongly
14:30:23 | INFO: Extracting primitive: ranch_bank_2_87_1-colonly
14:30:23 | INFO: Primitives created: 1
14:30:23 | WARNING: Mesh ranch_bank_2_88_0-colonly is not valid, and may be exported wrongly
14:30:23 | INFO: Extracting primitive: ranch_bank_2_88_0-colonly
14:30:23 | INFO: Primitives created: 1
14:30:23 | WARNING: Mesh ranch_bank_2_88_1-colonly is not valid, and may be exported wrongly
14:30:23 | INFO: Extracting primitive: ranch_bank_2_88_1-colonly
14:30:23 | INFO: Primitives created: 1
14:30:23 | WARNING: Mesh ranch_bank_2_89_0-colonly is not valid, and may be exported wrongly
14:30:23 | INFO: Extracting primitive: ranch_bank_2_89_0-colonly
14:30:23 | INFO: Primitives created: 1
14:30:23 | WARNING: Mesh ranch_bank_2_89_1-colonly is not valid, and may be exported wrongly
14:30:23 | INFO: Extracting primitive: ranch_bank_2_89_1-colonly
14:30:23 | INFO: Primitives created: 1
14:30:23 | WARNING: Mesh ranch_bank_2_90_0-colonly is not valid, and may be exported wrongly
14:30:23 | INFO: Extracting primitive: ranch_bank_2_90_0-colonly
14:30:23 | INFO: Primitives created: 1
14:30:23 | WARNING: Mesh ranch_bank_2_90_1-colonly is not valid, and may be exported wrongly
14:30:23 | INFO: Extracting primitive: ranch_bank_2_90_1-colonly
14:30:23 | INFO: Primitives created: 1
14:30:23 | WARNING: Mesh ranch_bank_2_91_0-colonly is not valid, and may be exported wrongly
14:30:23 | INFO: Extracting primitive: ranch_bank_2_91_0-colonly
14:30:23 | INFO: Primitives created: 1
14:30:23 | WARNING: Mesh ranch_bank_2_91_1-colonly is not valid, and may be exported wrongly
14:30:23 | INFO: Extracting primitive: ranch_bank_2_91_1-colonly
14:30:23 | INFO: Primitives created: 1
14:30:23 | WARNING: Mesh ranch_bank_2_92_0-colonly is not valid, and may be exported wrongly
14:30:23 | INFO: Extracting primitive: ranch_bank_2_92_0-colonly
14:30:23 | INFO: Primitives created: 1
14:30:23 | WARNING: Mesh ranch_bank_2_92_1-colonly is not valid, and may be exported wrongly
14:30:23 | INFO: Extracting primitive: ranch_bank_2_92_1-colonly
14:30:23 | INFO: Primitives created: 1
14:30:23 | WARNING: Mesh ranch_bank_2_93_0-colonly is not valid, and may be exported wrongly
14:30:23 | INFO: Extracting primitive: ranch_bank_2_93_0-colonly
14:30:23 | INFO: Primitives created: 1
14:30:23 | WARNING: Mesh ranch_bank_2_93_1-colonly is not valid, and may be exported wrongly
14:30:23 | INFO: Extracting primitive: ranch_bank_2_93_1-colonly
14:30:23 | INFO: Primitives created: 1
14:30:23 | WARNING: Mesh ranch_bank_2_94_0-colonly is not valid, and may be exported wrongly
14:30:23 | INFO: Extracting primitive: ranch_bank_2_94_0-colonly
14:30:23 | INFO: Primitives created: 1
14:30:23 | WARNING: Mesh ranch_bank_2_94_1-colonly is not valid, and may be exported wrongly
14:30:23 | INFO: Extracting primitive: ranch_bank_2_94_1-colonly
14:30:23 | INFO: Primitives created: 1
14:30:23 | WARNING: Mesh ranch_bank_2_95_0-colonly is not valid, and may be exported wrongly
14:30:23 | INFO: Extracting primitive: ranch_bank_2_95_0-colonly
14:30:23 | INFO: Primitives created: 1
14:30:23 | WARNING: Mesh ranch_bank_2_95_1-colonly is not valid, and may be exported wrongly
14:30:23 | INFO: Extracting primitive: ranch_bank_2_95_1-colonly
14:30:23 | INFO: Primitives created: 1
14:30:23 | WARNING: Mesh ranch_bank_2_96_0-colonly is not valid, and may be exported wrongly
14:30:23 | INFO: Extracting primitive: ranch_bank_2_96_0-colonly
14:30:23 | INFO: Primitives created: 1
14:30:23 | WARNING: Mesh ranch_bank_2_96_1-colonly is not valid, and may be exported wrongly
14:30:23 | INFO: Extracting primitive: ranch_bank_2_96_1-colonly
14:30:23 | INFO: Primitives created: 1
14:30:23 | WARNING: Mesh ranch_bank_2_97_0-colonly is not valid, and may be exported wrongly
14:30:23 | INFO: Extracting primitive: ranch_bank_2_97_0-colonly
14:30:23 | INFO: Primitives created: 1
14:30:23 | WARNING: Mesh ranch_bank_2_97_1-colonly is not valid, and may be exported wrongly
14:30:23 | INFO: Extracting primitive: ranch_bank_2_97_1-colonly
14:30:23 | INFO: Primitives created: 1
14:30:23 | WARNING: Mesh ranch_bank_2_98_0-colonly is not valid, and may be exported wrongly
14:30:23 | INFO: Extracting primitive: ranch_bank_2_98_0-colonly
14:30:23 | INFO: Primitives created: 1
14:30:23 | WARNING: Mesh ranch_bank_2_98_1-colonly is not valid, and may be exported wrongly
14:30:23 | INFO: Extracting primitive: ranch_bank_2_98_1-colonly
14:30:23 | INFO: Primitives created: 1
14:30:23 | WARNING: Mesh ranch_bank_2_99_0-colonly is not valid, and may be exported wrongly
14:30:23 | INFO: Extracting primitive: ranch_bank_2_99_0-colonly
14:30:23 | INFO: Primitives created: 1
14:30:23 | WARNING: Mesh ranch_bank_2_99_1-colonly is not valid, and may be exported wrongly
14:30:23 | INFO: Extracting primitive: ranch_bank_2_99_1-colonly
14:30:23 | INFO: Primitives created: 1
14:30:23 | WARNING: Mesh ranch_bank_2_100_0-colonly is not valid, and may be exported wrongly
14:30:23 | INFO: Extracting primitive: ranch_bank_2_100_0-colonly
14:30:23 | INFO: Primitives created: 1
14:30:23 | WARNING: Mesh ranch_bank_2_100_1-colonly is not valid, and may be exported wrongly
14:30:23 | INFO: Extracting primitive: ranch_bank_2_100_1-colonly
14:30:23 | INFO: Primitives created: 1
14:30:23 | WARNING: Mesh ranch_bank_2_101_0-colonly is not valid, and may be exported wrongly
14:30:23 | INFO: Extracting primitive: ranch_bank_2_101_0-colonly
14:30:23 | INFO: Primitives created: 1
14:30:23 | WARNING: Mesh ranch_bank_2_101_1-colonly is not valid, and may be exported wrongly
14:30:23 | INFO: Extracting primitive: ranch_bank_2_101_1-colonly
14:30:23 | INFO: Primitives created: 1
14:30:23 | WARNING: Mesh ranch_bank_2_102_0-colonly is not valid, and may be exported wrongly
14:30:23 | INFO: Extracting primitive: ranch_bank_2_102_0-colonly
14:30:23 | INFO: Primitives created: 1
14:30:23 | WARNING: Mesh ranch_bank_2_102_1-colonly is not valid, and may be exported wrongly
14:30:23 | INFO: Extracting primitive: ranch_bank_2_102_1-colonly
14:30:23 | INFO: Primitives created: 1
14:30:23 | WARNING: Mesh ranch_bank_2_103_0-colonly is not valid, and may be exported wrongly
14:30:23 | INFO: Extracting primitive: ranch_bank_2_103_0-colonly
14:30:23 | INFO: Primitives created: 1
14:30:23 | WARNING: Mesh ranch_bank_2_103_1-colonly is not valid, and may be exported wrongly
14:30:23 | INFO: Extracting primitive: ranch_bank_2_103_1-colonly
14:30:23 | INFO: Primitives created: 1
14:30:23 | WARNING: Mesh ranch_bank_2_104_0-colonly is not valid, and may be exported wrongly
14:30:23 | INFO: Extracting primitive: ranch_bank_2_104_0-colonly
14:30:23 | INFO: Primitives created: 1
14:30:23 | WARNING: Mesh ranch_bank_2_104_1-colonly is not valid, and may be exported wrongly
14:30:23 | INFO: Extracting primitive: ranch_bank_2_104_1-colonly
14:30:23 | INFO: Primitives created: 1
14:30:23 | WARNING: Mesh ranch_bank_2_105_0-colonly is not valid, and may be exported wrongly
14:30:23 | INFO: Extracting primitive: ranch_bank_2_105_0-colonly
14:30:23 | INFO: Primitives created: 1
14:30:23 | WARNING: Mesh ranch_bank_2_105_1-colonly is not valid, and may be exported wrongly
14:30:23 | INFO: Extracting primitive: ranch_bank_2_105_1-colonly
14:30:23 | INFO: Primitives created: 1
14:30:23 | WARNING: Mesh ranch_bank_2_106_0-colonly is not valid, and may be exported wrongly
14:30:23 | INFO: Extracting primitive: ranch_bank_2_106_0-colonly
14:30:23 | INFO: Primitives created: 1
14:30:23 | WARNING: Mesh ranch_bank_2_106_1-colonly is not valid, and may be exported wrongly
14:30:23 | INFO: Extracting primitive: ranch_bank_2_106_1-colonly
14:30:23 | INFO: Primitives created: 1
14:30:23 | WARNING: Mesh ranch_bank_2_107_0-colonly is not valid, and may be exported wrongly
14:30:23 | INFO: Extracting primitive: ranch_bank_2_107_0-colonly
14:30:23 | INFO: Primitives created: 1
14:30:23 | WARNING: Mesh ranch_bank_2_107_1-colonly is not valid, and may be exported wrongly
14:30:23 | INFO: Extracting primitive: ranch_bank_2_107_1-colonly
14:30:23 | INFO: Primitives created: 1
14:30:23 | WARNING: Mesh ranch_bank_2_108_0-colonly is not valid, and may be exported wrongly
14:30:23 | INFO: Extracting primitive: ranch_bank_2_108_0-colonly
14:30:23 | INFO: Primitives created: 1
14:30:23 | WARNING: Mesh ranch_bank_2_108_1-colonly is not valid, and may be exported wrongly
14:30:23 | INFO: Extracting primitive: ranch_bank_2_108_1-colonly
14:30:23 | INFO: Primitives created: 1
14:30:23 | WARNING: Mesh ranch_bank_2_109_0-colonly is not valid, and may be exported wrongly
14:30:23 | INFO: Extracting primitive: ranch_bank_2_109_0-colonly
14:30:23 | INFO: Primitives created: 1
14:30:23 | WARNING: Mesh ranch_bank_2_109_1-colonly is not valid, and may be exported wrongly
14:30:23 | INFO: Extracting primitive: ranch_bank_2_109_1-colonly
14:30:23 | INFO: Primitives created: 1
14:30:23 | WARNING: Mesh ranch_bank_2_110_0-colonly is not valid, and may be exported wrongly
14:30:23 | INFO: Extracting primitive: ranch_bank_2_110_0-colonly
14:30:23 | INFO: Primitives created: 1
14:30:23 | WARNING: Mesh ranch_bank_2_110_1-colonly is not valid, and may be exported wrongly
14:30:23 | INFO: Extracting primitive: ranch_bank_2_110_1-colonly
14:30:23 | INFO: Primitives created: 1
14:30:23 | WARNING: Mesh ranch_bank_2_111_0-colonly is not valid, and may be exported wrongly
14:30:23 | INFO: Extracting primitive: ranch_bank_2_111_0-colonly
14:30:23 | INFO: Primitives created: 1
14:30:23 | WARNING: Mesh ranch_bank_2_111_1-colonly is not valid, and may be exported wrongly
14:30:23 | INFO: Extracting primitive: ranch_bank_2_111_1-colonly
14:30:23 | INFO: Primitives created: 1
14:30:23 | WARNING: Mesh ranch_bank_2_112_0-colonly is not valid, and may be exported wrongly
14:30:23 | INFO: Extracting primitive: ranch_bank_2_112_0-colonly
14:30:23 | INFO: Primitives created: 1
14:30:23 | WARNING: Mesh ranch_bank_2_112_1-colonly is not valid, and may be exported wrongly
14:30:23 | INFO: Extracting primitive: ranch_bank_2_112_1-colonly
14:30:23 | INFO: Primitives created: 1
14:30:23 | WARNING: Mesh ranch_bank_2_113_0-colonly is not valid, and may be exported wrongly
14:30:23 | INFO: Extracting primitive: ranch_bank_2_113_0-colonly
14:30:23 | INFO: Primitives created: 1
14:30:23 | WARNING: Mesh ranch_bank_2_113_1-colonly is not valid, and may be exported wrongly
14:30:23 | INFO: Extracting primitive: ranch_bank_2_113_1-colonly
14:30:23 | INFO: Primitives created: 1
14:30:23 | WARNING: Mesh ranch_bank_2_114_0-colonly is not valid, and may be exported wrongly
14:30:23 | INFO: Extracting primitive: ranch_bank_2_114_0-colonly
14:30:23 | INFO: Primitives created: 1
14:30:23 | WARNING: Mesh ranch_bank_2_114_1-colonly is not valid, and may be exported wrongly
14:30:23 | INFO: Extracting primitive: ranch_bank_2_114_1-colonly
14:30:23 | INFO: Primitives created: 1
14:30:23 | WARNING: Mesh ranch_bank_2_115_0-colonly is not valid, and may be exported wrongly
14:30:23 | INFO: Extracting primitive: ranch_bank_2_115_0-colonly
14:30:23 | INFO: Primitives created: 1
14:30:23 | WARNING: Mesh ranch_bank_2_115_1-colonly is not valid, and may be exported wrongly
14:30:23 | INFO: Extracting primitive: ranch_bank_2_115_1-colonly
14:30:23 | INFO: Primitives created: 1
14:30:23 | WARNING: Mesh ranch_bank_2_116_0-colonly is not valid, and may be exported wrongly
14:30:23 | INFO: Extracting primitive: ranch_bank_2_116_0-colonly
14:30:23 | INFO: Primitives created: 1
14:30:23 | WARNING: Mesh ranch_bank_2_116_1-colonly is not valid, and may be exported wrongly
14:30:23 | INFO: Extracting primitive: ranch_bank_2_116_1-colonly
14:30:23 | INFO: Primitives created: 1
14:30:23 | WARNING: Mesh ranch_bank_2_117_0-colonly is not valid, and may be exported wrongly
14:30:23 | INFO: Extracting primitive: ranch_bank_2_117_0-colonly
14:30:23 | INFO: Primitives created: 1
14:30:23 | WARNING: Mesh ranch_bank_2_117_1-colonly is not valid, and may be exported wrongly
14:30:23 | INFO: Extracting primitive: ranch_bank_2_117_1-colonly
14:30:23 | INFO: Primitives created: 1
14:30:23 | WARNING: Mesh ranch_bank_2_118_0-colonly is not valid, and may be exported wrongly
14:30:23 | INFO: Extracting primitive: ranch_bank_2_118_0-colonly
14:30:23 | INFO: Primitives created: 1
14:30:23 | WARNING: Mesh ranch_bank_2_118_1-colonly is not valid, and may be exported wrongly
14:30:23 | INFO: Extracting primitive: ranch_bank_2_118_1-colonly
14:30:23 | INFO: Primitives created: 1
14:30:23 | WARNING: Mesh ranch_bank_2_119_0-colonly is not valid, and may be exported wrongly
14:30:23 | INFO: Extracting primitive: ranch_bank_2_119_0-colonly
14:30:23 | INFO: Primitives created: 1
14:30:23 | WARNING: Mesh ranch_bank_2_119_1-colonly is not valid, and may be exported wrongly
14:30:23 | INFO: Extracting primitive: ranch_bank_2_119_1-colonly
14:30:23 | INFO: Primitives created: 1
14:30:23 | WARNING: Mesh ranch_bank_2_120_0-colonly is not valid, and may be exported wrongly
14:30:23 | INFO: Extracting primitive: ranch_bank_2_120_0-colonly
14:30:23 | INFO: Primitives created: 1
14:30:23 | WARNING: Mesh ranch_bank_2_120_1-colonly is not valid, and may be exported wrongly
14:30:23 | INFO: Extracting primitive: ranch_bank_2_120_1-colonly
14:30:23 | INFO: Primitives created: 1
14:30:23 | WARNING: Mesh ranch_bank_2_121_0-colonly is not valid, and may be exported wrongly
14:30:23 | INFO: Extracting primitive: ranch_bank_2_121_0-colonly
14:30:23 | INFO: Primitives created: 1
14:30:23 | WARNING: Mesh ranch_bank_2_121_1-colonly is not valid, and may be exported wrongly
14:30:23 | INFO: Extracting primitive: ranch_bank_2_121_1-colonly
14:30:23 | INFO: Primitives created: 1
14:30:23 | WARNING: Mesh ranch_bank_2_122_0-colonly is not valid, and may be exported wrongly
14:30:23 | INFO: Extracting primitive: ranch_bank_2_122_0-colonly
14:30:23 | INFO: Primitives created: 1
14:30:23 | WARNING: Mesh ranch_bank_2_122_1-colonly is not valid, and may be exported wrongly
14:30:23 | INFO: Extracting primitive: ranch_bank_2_122_1-colonly
14:30:23 | INFO: Primitives created: 1
14:30:23 | WARNING: Mesh ranch_bank_2_123_0-colonly is not valid, and may be exported wrongly
14:30:23 | INFO: Extracting primitive: ranch_bank_2_123_0-colonly
14:30:23 | INFO: Primitives created: 1
14:30:23 | WARNING: Mesh ranch_bank_2_123_1-colonly is not valid, and may be exported wrongly
14:30:23 | INFO: Extracting primitive: ranch_bank_2_123_1-colonly
14:30:23 | INFO: Primitives created: 1
14:30:23 | WARNING: Mesh ranch_bank_2_124_0-colonly is not valid, and may be exported wrongly
14:30:23 | INFO: Extracting primitive: ranch_bank_2_124_0-colonly
14:30:23 | INFO: Primitives created: 1
14:30:23 | WARNING: Mesh ranch_bank_2_124_1-colonly is not valid, and may be exported wrongly
14:30:23 | INFO: Extracting primitive: ranch_bank_2_124_1-colonly
14:30:23 | INFO: Primitives created: 1
14:30:23 | WARNING: Mesh ranch_bank_2_125_0-colonly is not valid, and may be exported wrongly
14:30:23 | INFO: Extracting primitive: ranch_bank_2_125_0-colonly
14:30:23 | INFO: Primitives created: 1
14:30:23 | WARNING: Mesh ranch_bank_2_125_1-colonly is not valid, and may be exported wrongly
14:30:23 | INFO: Extracting primitive: ranch_bank_2_125_1-colonly
14:30:23 | INFO: Primitives created: 1
14:30:23 | WARNING: Mesh ranch_bank_2_126_0-colonly is not valid, and may be exported wrongly
14:30:23 | INFO: Extracting primitive: ranch_bank_2_126_0-colonly
14:30:23 | INFO: Primitives created: 1
14:30:23 | WARNING: Mesh ranch_bank_2_126_1-colonly is not valid, and may be exported wrongly
14:30:23 | INFO: Extracting primitive: ranch_bank_2_126_1-colonly
14:30:23 | INFO: Primitives created: 1
14:30:23 | WARNING: Mesh ranch_bank_2_127_0-colonly is not valid, and may be exported wrongly
14:30:23 | INFO: Extracting primitive: ranch_bank_2_127_0-colonly
14:30:23 | INFO: Primitives created: 1
14:30:23 | WARNING: Mesh ranch_bank_2_127_1-colonly is not valid, and may be exported wrongly
14:30:23 | INFO: Extracting primitive: ranch_bank_2_127_1-colonly
14:30:23 | INFO: Primitives created: 1
14:30:23 | WARNING: Mesh ranch_bank_2_128_0-colonly is not valid, and may be exported wrongly
14:30:23 | INFO: Extracting primitive: ranch_bank_2_128_0-colonly
14:30:23 | INFO: Primitives created: 1
14:30:23 | WARNING: Mesh ranch_bank_2_128_1-colonly is not valid, and may be exported wrongly
14:30:23 | INFO: Extracting primitive: ranch_bank_2_128_1-colonly
14:30:23 | INFO: Primitives created: 1
14:30:23 | WARNING: Mesh ranch_bank_2_129_0-colonly is not valid, and may be exported wrongly
14:30:23 | INFO: Extracting primitive: ranch_bank_2_129_0-colonly
14:30:23 | INFO: Primitives created: 1
14:30:23 | WARNING: Mesh ranch_bank_2_129_1-colonly is not valid, and may be exported wrongly
14:30:23 | INFO: Extracting primitive: ranch_bank_2_129_1-colonly
14:30:23 | INFO: Primitives created: 1
14:30:23 | WARNING: Mesh ranch_bank_2_130_0-colonly is not valid, and may be exported wrongly
14:30:23 | INFO: Extracting primitive: ranch_bank_2_130_0-colonly
14:30:23 | INFO: Primitives created: 1
14:30:23 | WARNING: Mesh ranch_bank_2_130_1-colonly is not valid, and may be exported wrongly
14:30:23 | INFO: Extracting primitive: ranch_bank_2_130_1-colonly
14:30:23 | INFO: Primitives created: 1
14:30:23 | WARNING: Mesh ranch_bank_2_131_0-colonly is not valid, and may be exported wrongly
14:30:23 | INFO: Extracting primitive: ranch_bank_2_131_0-colonly
14:30:23 | INFO: Primitives created: 1
14:30:23 | WARNING: Mesh ranch_bank_2_131_1-colonly is not valid, and may be exported wrongly
14:30:23 | INFO: Extracting primitive: ranch_bank_2_131_1-colonly
14:30:23 | INFO: Primitives created: 1
14:30:23 | WARNING: Mesh ranch_bank_2_132_0-colonly is not valid, and may be exported wrongly
14:30:23 | INFO: Extracting primitive: ranch_bank_2_132_0-colonly
14:30:23 | INFO: Primitives created: 1
14:30:23 | WARNING: Mesh ranch_bank_2_132_1-colonly is not valid, and may be exported wrongly
14:30:23 | INFO: Extracting primitive: ranch_bank_2_132_1-colonly
14:30:23 | INFO: Primitives created: 1
14:30:23 | WARNING: Mesh ranch_bank_2_133_0-colonly is not valid, and may be exported wrongly
14:30:23 | INFO: Extracting primitive: ranch_bank_2_133_0-colonly
14:30:23 | INFO: Primitives created: 1
14:30:23 | WARNING: Mesh ranch_bank_2_133_1-colonly is not valid, and may be exported wrongly
14:30:23 | INFO: Extracting primitive: ranch_bank_2_133_1-colonly
14:30:23 | INFO: Primitives created: 1
14:30:23 | WARNING: Mesh ranch_bank_3_0_0-colonly is not valid, and may be exported wrongly
14:30:23 | INFO: Extracting primitive: ranch_bank_3_0_0-colonly
14:30:23 | INFO: Primitives created: 1
14:30:23 | WARNING: Mesh ranch_bank_3_0_1-colonly is not valid, and may be exported wrongly
14:30:23 | INFO: Extracting primitive: ranch_bank_3_0_1-colonly
14:30:23 | INFO: Primitives created: 1
14:30:23 | WARNING: Mesh ranch_bank_3_1_0-colonly is not valid, and may be exported wrongly
14:30:23 | INFO: Extracting primitive: ranch_bank_3_1_0-colonly
14:30:23 | INFO: Primitives created: 1
14:30:23 | WARNING: Mesh ranch_bank_3_1_1-colonly is not valid, and may be exported wrongly
14:30:23 | INFO: Extracting primitive: ranch_bank_3_1_1-colonly
14:30:23 | INFO: Primitives created: 1
14:30:23 | WARNING: Mesh ranch_bank_3_2_0-colonly is not valid, and may be exported wrongly
14:30:23 | INFO: Extracting primitive: ranch_bank_3_2_0-colonly
14:30:23 | INFO: Primitives created: 1
14:30:23 | WARNING: Mesh ranch_bank_3_2_1-colonly is not valid, and may be exported wrongly
14:30:23 | INFO: Extracting primitive: ranch_bank_3_2_1-colonly
14:30:23 | INFO: Primitives created: 1
14:30:23 | WARNING: Mesh ranch_bank_3_3_0-colonly is not valid, and may be exported wrongly
14:30:23 | INFO: Extracting primitive: ranch_bank_3_3_0-colonly
14:30:23 | INFO: Primitives created: 1
14:30:23 | WARNING: Mesh ranch_bank_3_3_1-colonly is not valid, and may be exported wrongly
14:30:23 | INFO: Extracting primitive: ranch_bank_3_3_1-colonly
14:30:23 | INFO: Primitives created: 1
14:30:23 | WARNING: Mesh ranch_bank_3_4_0-colonly is not valid, and may be exported wrongly
14:30:23 | INFO: Extracting primitive: ranch_bank_3_4_0-colonly
14:30:23 | INFO: Primitives created: 1
14:30:23 | WARNING: Mesh ranch_bank_3_4_1-colonly is not valid, and may be exported wrongly
14:30:23 | INFO: Extracting primitive: ranch_bank_3_4_1-colonly
14:30:23 | INFO: Primitives created: 1
14:30:23 | WARNING: Mesh ranch_bank_3_5_0-colonly is not valid, and may be exported wrongly
14:30:23 | INFO: Extracting primitive: ranch_bank_3_5_0-colonly
14:30:23 | INFO: Primitives created: 1
14:30:23 | WARNING: Mesh ranch_bank_3_5_1-colonly is not valid, and may be exported wrongly
14:30:23 | INFO: Extracting primitive: ranch_bank_3_5_1-colonly
14:30:23 | INFO: Primitives created: 1
14:30:23 | WARNING: Mesh ranch_bank_3_6_0-colonly is not valid, and may be exported wrongly
14:30:23 | INFO: Extracting primitive: ranch_bank_3_6_0-colonly
14:30:23 | INFO: Primitives created: 1
14:30:23 | WARNING: Mesh ranch_bank_3_6_1-colonly is not valid, and may be exported wrongly
14:30:23 | INFO: Extracting primitive: ranch_bank_3_6_1-colonly
14:30:23 | INFO: Primitives created: 1
14:30:23 | WARNING: Mesh ranch_bank_3_7_0-colonly is not valid, and may be exported wrongly
14:30:23 | INFO: Extracting primitive: ranch_bank_3_7_0-colonly
14:30:23 | INFO: Primitives created: 1
14:30:23 | WARNING: Mesh ranch_bank_3_7_1-colonly is not valid, and may be exported wrongly
14:30:23 | INFO: Extracting primitive: ranch_bank_3_7_1-colonly
14:30:23 | INFO: Primitives created: 1
14:30:23 | WARNING: Mesh ranch_bank_3_8_0-colonly is not valid, and may be exported wrongly
14:30:23 | INFO: Extracting primitive: ranch_bank_3_8_0-colonly
14:30:23 | INFO: Primitives created: 1
14:30:23 | WARNING: Mesh ranch_bank_3_8_1-colonly is not valid, and may be exported wrongly
14:30:23 | INFO: Extracting primitive: ranch_bank_3_8_1-colonly
14:30:23 | INFO: Primitives created: 1
14:30:23 | WARNING: Mesh ranch_bank_3_9_0-colonly is not valid, and may be exported wrongly
14:30:23 | INFO: Extracting primitive: ranch_bank_3_9_0-colonly
14:30:23 | INFO: Primitives created: 1
14:30:23 | WARNING: Mesh ranch_bank_3_9_1-colonly is not valid, and may be exported wrongly
14:30:23 | INFO: Extracting primitive: ranch_bank_3_9_1-colonly
14:30:23 | INFO: Primitives created: 1
14:30:23 | WARNING: Mesh ranch_bank_3_10_0-colonly is not valid, and may be exported wrongly
14:30:23 | INFO: Extracting primitive: ranch_bank_3_10_0-colonly
14:30:23 | INFO: Primitives created: 1
14:30:23 | WARNING: Mesh ranch_bank_3_10_1-colonly is not valid, and may be exported wrongly
14:30:23 | INFO: Extracting primitive: ranch_bank_3_10_1-colonly
14:30:23 | INFO: Primitives created: 1
14:30:23 | WARNING: Mesh ranch_bank_3_11_0-colonly is not valid, and may be exported wrongly
14:30:23 | INFO: Extracting primitive: ranch_bank_3_11_0-colonly
14:30:23 | INFO: Primitives created: 1
14:30:23 | WARNING: Mesh ranch_bank_3_11_1-colonly is not valid, and may be exported wrongly
14:30:23 | INFO: Extracting primitive: ranch_bank_3_11_1-colonly
14:30:23 | INFO: Primitives created: 1
14:30:23 | WARNING: Mesh ranch_bank_3_12_0-colonly is not valid, and may be exported wrongly
14:30:23 | INFO: Extracting primitive: ranch_bank_3_12_0-colonly
14:30:23 | INFO: Primitives created: 1
14:30:23 | WARNING: Mesh ranch_bank_3_12_1-colonly is not valid, and may be exported wrongly
14:30:23 | INFO: Extracting primitive: ranch_bank_3_12_1-colonly
14:30:23 | INFO: Primitives created: 1
14:30:23 | WARNING: Mesh ranch_bank_3_13_0-colonly is not valid, and may be exported wrongly
14:30:23 | INFO: Extracting primitive: ranch_bank_3_13_0-colonly
14:30:23 | INFO: Primitives created: 1
14:30:23 | WARNING: Mesh ranch_bank_3_13_1-colonly is not valid, and may be exported wrongly
14:30:23 | INFO: Extracting primitive: ranch_bank_3_13_1-colonly
14:30:23 | INFO: Primitives created: 1
14:30:23 | WARNING: Mesh ranch_bank_3_14_0-colonly is not valid, and may be exported wrongly
14:30:23 | INFO: Extracting primitive: ranch_bank_3_14_0-colonly
14:30:23 | INFO: Primitives created: 1
14:30:23 | WARNING: Mesh ranch_bank_3_14_1-colonly is not valid, and may be exported wrongly
14:30:23 | INFO: Extracting primitive: ranch_bank_3_14_1-colonly
14:30:23 | INFO: Primitives created: 1
14:30:23 | WARNING: Mesh ranch_bank_3_15_0-colonly is not valid, and may be exported wrongly
14:30:23 | INFO: Extracting primitive: ranch_bank_3_15_0-colonly
14:30:23 | INFO: Primitives created: 1
14:30:23 | WARNING: Mesh ranch_bank_3_15_1-colonly is not valid, and may be exported wrongly
14:30:23 | INFO: Extracting primitive: ranch_bank_3_15_1-colonly
14:30:23 | INFO: Primitives created: 1
14:30:23 | WARNING: Mesh ranch_bank_3_16_0-colonly is not valid, and may be exported wrongly
14:30:23 | INFO: Extracting primitive: ranch_bank_3_16_0-colonly
14:30:23 | INFO: Primitives created: 1
14:30:23 | WARNING: Mesh ranch_bank_3_16_1-colonly is not valid, and may be exported wrongly
14:30:23 | INFO: Extracting primitive: ranch_bank_3_16_1-colonly
14:30:23 | INFO: Primitives created: 1
14:30:23 | WARNING: Mesh ranch_bank_3_17_0-colonly is not valid, and may be exported wrongly
14:30:23 | INFO: Extracting primitive: ranch_bank_3_17_0-colonly
14:30:23 | INFO: Primitives created: 1
14:30:23 | WARNING: Mesh ranch_bank_3_17_1-colonly is not valid, and may be exported wrongly
14:30:23 | INFO: Extracting primitive: ranch_bank_3_17_1-colonly
14:30:23 | INFO: Primitives created: 1
14:30:23 | WARNING: Mesh ranch_bank_3_18_0-colonly is not valid, and may be exported wrongly
14:30:23 | INFO: Extracting primitive: ranch_bank_3_18_0-colonly
14:30:23 | INFO: Primitives created: 1
14:30:23 | WARNING: Mesh ranch_bank_3_18_1-colonly is not valid, and may be exported wrongly
14:30:23 | INFO: Extracting primitive: ranch_bank_3_18_1-colonly
14:30:23 | INFO: Primitives created: 1
14:30:23 | WARNING: Mesh ranch_bank_3_19_0-colonly is not valid, and may be exported wrongly
14:30:23 | INFO: Extracting primitive: ranch_bank_3_19_0-colonly
14:30:23 | INFO: Primitives created: 1
14:30:23 | WARNING: Mesh ranch_bank_3_19_1-colonly is not valid, and may be exported wrongly
14:30:23 | INFO: Extracting primitive: ranch_bank_3_19_1-colonly
14:30:23 | INFO: Primitives created: 1
14:30:23 | WARNING: Mesh ranch_bank_3_20_0-colonly is not valid, and may be exported wrongly
14:30:23 | INFO: Extracting primitive: ranch_bank_3_20_0-colonly
14:30:23 | INFO: Primitives created: 1
14:30:23 | WARNING: Mesh ranch_bank_3_20_1-colonly is not valid, and may be exported wrongly
14:30:23 | INFO: Extracting primitive: ranch_bank_3_20_1-colonly
14:30:23 | INFO: Primitives created: 1
14:30:23 | WARNING: Mesh ranch_bank_3_21_0-colonly is not valid, and may be exported wrongly
14:30:23 | INFO: Extracting primitive: ranch_bank_3_21_0-colonly
14:30:23 | INFO: Primitives created: 1
14:30:23 | WARNING: Mesh ranch_bank_3_21_1-colonly is not valid, and may be exported wrongly
14:30:23 | INFO: Extracting primitive: ranch_bank_3_21_1-colonly
14:30:23 | INFO: Primitives created: 1
14:30:23 | WARNING: Mesh ranch_bank_3_22_0-colonly is not valid, and may be exported wrongly
14:30:23 | INFO: Extracting primitive: ranch_bank_3_22_0-colonly
14:30:23 | INFO: Primitives created: 1
14:30:23 | WARNING: Mesh ranch_bank_3_22_1-colonly is not valid, and may be exported wrongly
14:30:23 | INFO: Extracting primitive: ranch_bank_3_22_1-colonly
14:30:23 | INFO: Primitives created: 1
14:30:23 | WARNING: Mesh ranch_bank_3_23_0-colonly is not valid, and may be exported wrongly
14:30:23 | INFO: Extracting primitive: ranch_bank_3_23_0-colonly
14:30:23 | INFO: Primitives created: 1
14:30:23 | WARNING: Mesh ranch_bank_3_23_1-colonly is not valid, and may be exported wrongly
14:30:23 | INFO: Extracting primitive: ranch_bank_3_23_1-colonly
14:30:23 | INFO: Primitives created: 1
14:30:23 | WARNING: Mesh ranch_bank_3_24_0-colonly is not valid, and may be exported wrongly
14:30:23 | INFO: Extracting primitive: ranch_bank_3_24_0-colonly
14:30:23 | INFO: Primitives created: 1
14:30:23 | WARNING: Mesh ranch_bank_3_24_1-colonly is not valid, and may be exported wrongly
14:30:23 | INFO: Extracting primitive: ranch_bank_3_24_1-colonly
14:30:23 | INFO: Primitives created: 1
14:30:23 | WARNING: Mesh ranch_bank_3_25_0-colonly is not valid, and may be exported wrongly
14:30:23 | INFO: Extracting primitive: ranch_bank_3_25_0-colonly
14:30:23 | INFO: Primitives created: 1
14:30:23 | WARNING: Mesh ranch_bank_3_25_1-colonly is not valid, and may be exported wrongly
14:30:23 | INFO: Extracting primitive: ranch_bank_3_25_1-colonly
14:30:23 | INFO: Primitives created: 1
14:30:23 | WARNING: Mesh ranch_bank_3_26_0-colonly is not valid, and may be exported wrongly
14:30:23 | INFO: Extracting primitive: ranch_bank_3_26_0-colonly
14:30:23 | INFO: Primitives created: 1
14:30:23 | WARNING: Mesh ranch_bank_3_26_1-colonly is not valid, and may be exported wrongly
14:30:23 | INFO: Extracting primitive: ranch_bank_3_26_1-colonly
14:30:23 | INFO: Primitives created: 1
14:30:23 | WARNING: Mesh ranch_bank_3_27_0-colonly is not valid, and may be exported wrongly
14:30:23 | INFO: Extracting primitive: ranch_bank_3_27_0-colonly
14:30:23 | INFO: Primitives created: 1
14:30:23 | WARNING: Mesh ranch_bank_3_27_1-colonly is not valid, and may be exported wrongly
14:30:23 | INFO: Extracting primitive: ranch_bank_3_27_1-colonly
14:30:23 | INFO: Primitives created: 1
14:30:23 | WARNING: Mesh ranch_bank_3_28_0-colonly is not valid, and may be exported wrongly
14:30:23 | INFO: Extracting primitive: ranch_bank_3_28_0-colonly
14:30:23 | INFO: Primitives created: 1
14:30:23 | WARNING: Mesh ranch_bank_3_28_1-colonly is not valid, and may be exported wrongly
14:30:23 | INFO: Extracting primitive: ranch_bank_3_28_1-colonly
14:30:23 | INFO: Primitives created: 1
14:30:23 | WARNING: Mesh ranch_bank_3_29_0-colonly is not valid, and may be exported wrongly
14:30:23 | INFO: Extracting primitive: ranch_bank_3_29_0-colonly
14:30:23 | INFO: Primitives created: 1
14:30:23 | WARNING: Mesh ranch_bank_3_29_1-colonly is not valid, and may be exported wrongly
14:30:23 | INFO: Extracting primitive: ranch_bank_3_29_1-colonly
14:30:23 | INFO: Primitives created: 1
14:30:23 | WARNING: Mesh ranch_bank_3_30_0-colonly is not valid, and may be exported wrongly
14:30:23 | INFO: Extracting primitive: ranch_bank_3_30_0-colonly
14:30:23 | INFO: Primitives created: 1
14:30:23 | WARNING: Mesh ranch_bank_3_30_1-colonly is not valid, and may be exported wrongly
14:30:23 | INFO: Extracting primitive: ranch_bank_3_30_1-colonly
14:30:23 | INFO: Primitives created: 1
14:30:23 | WARNING: Mesh ranch_bank_3_31_0-colonly is not valid, and may be exported wrongly
14:30:23 | INFO: Extracting primitive: ranch_bank_3_31_0-colonly
14:30:23 | INFO: Primitives created: 1
14:30:23 | WARNING: Mesh ranch_bank_3_31_1-colonly is not valid, and may be exported wrongly
14:30:23 | INFO: Extracting primitive: ranch_bank_3_31_1-colonly
14:30:23 | INFO: Primitives created: 1
14:30:23 | WARNING: Mesh ranch_bank_3_32_0-colonly is not valid, and may be exported wrongly
14:30:23 | INFO: Extracting primitive: ranch_bank_3_32_0-colonly
14:30:23 | INFO: Primitives created: 1
14:30:23 | WARNING: Mesh ranch_bank_3_32_1-colonly is not valid, and may be exported wrongly
14:30:23 | INFO: Extracting primitive: ranch_bank_3_32_1-colonly
14:30:23 | INFO: Primitives created: 1
14:30:23 | WARNING: Mesh ranch_bank_3_33_0-colonly is not valid, and may be exported wrongly
14:30:23 | INFO: Extracting primitive: ranch_bank_3_33_0-colonly
14:30:23 | INFO: Primitives created: 1
14:30:23 | WARNING: Mesh ranch_bank_3_33_1-colonly is not valid, and may be exported wrongly
14:30:23 | INFO: Extracting primitive: ranch_bank_3_33_1-colonly
14:30:23 | INFO: Primitives created: 1
14:30:23 | WARNING: Mesh ranch_bank_3_34_0-colonly is not valid, and may be exported wrongly
14:30:23 | INFO: Extracting primitive: ranch_bank_3_34_0-colonly
14:30:23 | INFO: Primitives created: 1
14:30:23 | WARNING: Mesh ranch_bank_3_34_1-colonly is not valid, and may be exported wrongly
14:30:23 | INFO: Extracting primitive: ranch_bank_3_34_1-colonly
14:30:23 | INFO: Primitives created: 1
14:30:23 | WARNING: Mesh ranch_bank_3_35_0-colonly is not valid, and may be exported wrongly
14:30:23 | INFO: Extracting primitive: ranch_bank_3_35_0-colonly
14:30:23 | INFO: Primitives created: 1
14:30:23 | WARNING: Mesh ranch_bank_3_35_1-colonly is not valid, and may be exported wrongly
14:30:23 | INFO: Extracting primitive: ranch_bank_3_35_1-colonly
14:30:23 | INFO: Primitives created: 1
14:30:23 | WARNING: Mesh ranch_bank_3_36_0-colonly is not valid, and may be exported wrongly
14:30:23 | INFO: Extracting primitive: ranch_bank_3_36_0-colonly
14:30:23 | INFO: Primitives created: 1
14:30:23 | WARNING: Mesh ranch_bank_3_36_1-colonly is not valid, and may be exported wrongly
14:30:23 | INFO: Extracting primitive: ranch_bank_3_36_1-colonly
14:30:23 | INFO: Primitives created: 1
14:30:23 | WARNING: Mesh ranch_bank_3_37_0-colonly is not valid, and may be exported wrongly
14:30:23 | INFO: Extracting primitive: ranch_bank_3_37_0-colonly
14:30:23 | INFO: Primitives created: 1
14:30:23 | WARNING: Mesh ranch_bank_3_37_1-colonly is not valid, and may be exported wrongly
14:30:23 | INFO: Extracting primitive: ranch_bank_3_37_1-colonly
14:30:23 | INFO: Primitives created: 1
14:30:23 | WARNING: Mesh ranch_bank_3_38_0-colonly is not valid, and may be exported wrongly
14:30:23 | INFO: Extracting primitive: ranch_bank_3_38_0-colonly
14:30:23 | INFO: Primitives created: 1
14:30:23 | WARNING: Mesh ranch_bank_3_38_1-colonly is not valid, and may be exported wrongly
14:30:23 | INFO: Extracting primitive: ranch_bank_3_38_1-colonly
14:30:23 | INFO: Primitives created: 1
14:30:23 | WARNING: Mesh ranch_bank_3_39_0-colonly is not valid, and may be exported wrongly
14:30:23 | INFO: Extracting primitive: ranch_bank_3_39_0-colonly
14:30:23 | INFO: Primitives created: 1
14:30:23 | WARNING: Mesh ranch_bank_3_39_1-colonly is not valid, and may be exported wrongly
14:30:23 | INFO: Extracting primitive: ranch_bank_3_39_1-colonly
14:30:23 | INFO: Primitives created: 1
14:30:23 | WARNING: Mesh ranch_bank_3_40_0-colonly is not valid, and may be exported wrongly
14:30:23 | INFO: Extracting primitive: ranch_bank_3_40_0-colonly
14:30:23 | INFO: Primitives created: 1
14:30:23 | WARNING: Mesh ranch_bank_3_40_1-colonly is not valid, and may be exported wrongly
14:30:23 | INFO: Extracting primitive: ranch_bank_3_40_1-colonly
14:30:23 | INFO: Primitives created: 1
14:30:23 | WARNING: Mesh ranch_bank_3_41_0-colonly is not valid, and may be exported wrongly
14:30:23 | INFO: Extracting primitive: ranch_bank_3_41_0-colonly
14:30:23 | INFO: Primitives created: 1
14:30:23 | WARNING: Mesh ranch_bank_3_41_1-colonly is not valid, and may be exported wrongly
14:30:23 | INFO: Extracting primitive: ranch_bank_3_41_1-colonly
14:30:23 | INFO: Primitives created: 1
14:30:23 | WARNING: Mesh ranch_bank_3_42_0-colonly is not valid, and may be exported wrongly
14:30:23 | INFO: Extracting primitive: ranch_bank_3_42_0-colonly
14:30:23 | INFO: Primitives created: 1
14:30:23 | WARNING: Mesh ranch_bank_3_42_1-colonly is not valid, and may be exported wrongly
14:30:23 | INFO: Extracting primitive: ranch_bank_3_42_1-colonly
14:30:23 | INFO: Primitives created: 1
14:30:23 | WARNING: Mesh ranch_bank_3_43_0-colonly is not valid, and may be exported wrongly
14:30:23 | INFO: Extracting primitive: ranch_bank_3_43_0-colonly
14:30:23 | INFO: Primitives created: 1
14:30:23 | WARNING: Mesh ranch_bank_3_43_1-colonly is not valid, and may be exported wrongly
14:30:23 | INFO: Extracting primitive: ranch_bank_3_43_1-colonly
14:30:23 | INFO: Primitives created: 1
14:30:23 | WARNING: Mesh ranch_bank_3_44_0-colonly is not valid, and may be exported wrongly
14:30:23 | INFO: Extracting primitive: ranch_bank_3_44_0-colonly
14:30:23 | INFO: Primitives created: 1
14:30:23 | WARNING: Mesh ranch_bank_3_44_1-colonly is not valid, and may be exported wrongly
14:30:23 | INFO: Extracting primitive: ranch_bank_3_44_1-colonly
14:30:23 | INFO: Primitives created: 1
14:30:23 | WARNING: Mesh ranch_bank_3_45_0-colonly is not valid, and may be exported wrongly
14:30:23 | INFO: Extracting primitive: ranch_bank_3_45_0-colonly
14:30:23 | INFO: Primitives created: 1
14:30:23 | WARNING: Mesh ranch_bank_3_45_1-colonly is not valid, and may be exported wrongly
14:30:23 | INFO: Extracting primitive: ranch_bank_3_45_1-colonly
14:30:23 | INFO: Primitives created: 1
14:30:23 | WARNING: Mesh ranch_bank_3_46_0-colonly is not valid, and may be exported wrongly
14:30:23 | INFO: Extracting primitive: ranch_bank_3_46_0-colonly
14:30:23 | INFO: Primitives created: 1
14:30:23 | WARNING: Mesh ranch_bank_3_46_1-colonly is not valid, and may be exported wrongly
14:30:23 | INFO: Extracting primitive: ranch_bank_3_46_1-colonly
14:30:23 | INFO: Primitives created: 1
14:30:23 | WARNING: Mesh ranch_bank_3_47_0-colonly is not valid, and may be exported wrongly
14:30:23 | INFO: Extracting primitive: ranch_bank_3_47_0-colonly
14:30:23 | INFO: Primitives created: 1
14:30:23 | WARNING: Mesh ranch_bank_3_47_1-colonly is not valid, and may be exported wrongly
14:30:23 | INFO: Extracting primitive: ranch_bank_3_47_1-colonly
14:30:23 | INFO: Primitives created: 1
14:30:23 | WARNING: Mesh ranch_bank_3_48_0-colonly is not valid, and may be exported wrongly
14:30:23 | INFO: Extracting primitive: ranch_bank_3_48_0-colonly
14:30:23 | INFO: Primitives created: 1
14:30:23 | WARNING: Mesh ranch_bank_3_48_1-colonly is not valid, and may be exported wrongly
14:30:23 | INFO: Extracting primitive: ranch_bank_3_48_1-colonly
14:30:23 | INFO: Primitives created: 1
14:30:23 | WARNING: Mesh ranch_bank_3_49_0-colonly is not valid, and may be exported wrongly
14:30:23 | INFO: Extracting primitive: ranch_bank_3_49_0-colonly
14:30:23 | INFO: Primitives created: 1
14:30:23 | WARNING: Mesh ranch_bank_3_49_1-colonly is not valid, and may be exported wrongly
14:30:23 | INFO: Extracting primitive: ranch_bank_3_49_1-colonly
14:30:23 | INFO: Primitives created: 1
14:30:23 | WARNING: Mesh ranch_bank_3_50_0-colonly is not valid, and may be exported wrongly
14:30:23 | INFO: Extracting primitive: ranch_bank_3_50_0-colonly
14:30:23 | INFO: Primitives created: 1
14:30:23 | WARNING: Mesh ranch_bank_3_50_1-colonly is not valid, and may be exported wrongly
14:30:23 | INFO: Extracting primitive: ranch_bank_3_50_1-colonly
14:30:23 | INFO: Primitives created: 1
14:30:23 | WARNING: Mesh ranch_bank_3_51_0-colonly is not valid, and may be exported wrongly
14:30:23 | INFO: Extracting primitive: ranch_bank_3_51_0-colonly
14:30:23 | INFO: Primitives created: 1
14:30:23 | WARNING: Mesh ranch_bank_3_51_1-colonly is not valid, and may be exported wrongly
14:30:23 | INFO: Extracting primitive: ranch_bank_3_51_1-colonly
14:30:23 | INFO: Primitives created: 1
14:30:23 | WARNING: Mesh ranch_bank_3_52_0-colonly is not valid, and may be exported wrongly
14:30:23 | INFO: Extracting primitive: ranch_bank_3_52_0-colonly
14:30:23 | INFO: Primitives created: 1
14:30:23 | WARNING: Mesh ranch_bank_3_52_1-colonly is not valid, and may be exported wrongly
14:30:23 | INFO: Extracting primitive: ranch_bank_3_52_1-colonly
14:30:23 | INFO: Primitives created: 1
14:30:23 | WARNING: Mesh ranch_bank_3_53_0-colonly is not valid, and may be exported wrongly
14:30:23 | INFO: Extracting primitive: ranch_bank_3_53_0-colonly
14:30:23 | INFO: Primitives created: 1
14:30:23 | WARNING: Mesh ranch_bank_3_53_1-colonly is not valid, and may be exported wrongly
14:30:23 | INFO: Extracting primitive: ranch_bank_3_53_1-colonly
14:30:23 | INFO: Primitives created: 1
14:30:23 | WARNING: Mesh ranch_bank_3_54_0-colonly is not valid, and may be exported wrongly
14:30:23 | INFO: Extracting primitive: ranch_bank_3_54_0-colonly
14:30:23 | INFO: Primitives created: 1
14:30:23 | WARNING: Mesh ranch_bank_3_54_1-colonly is not valid, and may be exported wrongly
14:30:23 | INFO: Extracting primitive: ranch_bank_3_54_1-colonly
14:30:23 | INFO: Primitives created: 1
14:30:23 | WARNING: Mesh ranch_bank_3_55_0-colonly is not valid, and may be exported wrongly
14:30:23 | INFO: Extracting primitive: ranch_bank_3_55_0-colonly
14:30:23 | INFO: Primitives created: 1
14:30:23 | WARNING: Mesh ranch_bank_3_55_1-colonly is not valid, and may be exported wrongly
14:30:23 | INFO: Extracting primitive: ranch_bank_3_55_1-colonly
14:30:23 | INFO: Primitives created: 1
14:30:23 | WARNING: Mesh ranch_bank_3_56_0-colonly is not valid, and may be exported wrongly
14:30:23 | INFO: Extracting primitive: ranch_bank_3_56_0-colonly
14:30:23 | INFO: Primitives created: 1
14:30:23 | WARNING: Mesh ranch_bank_3_56_1-colonly is not valid, and may be exported wrongly
14:30:23 | INFO: Extracting primitive: ranch_bank_3_56_1-colonly
14:30:23 | INFO: Primitives created: 1
14:30:23 | WARNING: Mesh ranch_bank_3_57_0-colonly is not valid, and may be exported wrongly
14:30:23 | INFO: Extracting primitive: ranch_bank_3_57_0-colonly
14:30:23 | INFO: Primitives created: 1
14:30:23 | WARNING: Mesh ranch_bank_3_57_1-colonly is not valid, and may be exported wrongly
14:30:23 | INFO: Extracting primitive: ranch_bank_3_57_1-colonly
14:30:23 | INFO: Primitives created: 1
14:30:23 | WARNING: Mesh ranch_bank_3_58_0-colonly is not valid, and may be exported wrongly
14:30:23 | INFO: Extracting primitive: ranch_bank_3_58_0-colonly
14:30:23 | INFO: Primitives created: 1
14:30:23 | WARNING: Mesh ranch_bank_3_58_1-colonly is not valid, and may be exported wrongly
14:30:23 | INFO: Extracting primitive: ranch_bank_3_58_1-colonly
14:30:23 | INFO: Primitives created: 1
14:30:23 | WARNING: Mesh ranch_bank_3_59_0-colonly is not valid, and may be exported wrongly
14:30:23 | INFO: Extracting primitive: ranch_bank_3_59_0-colonly
14:30:23 | INFO: Primitives created: 1
14:30:23 | WARNING: Mesh ranch_bank_3_59_1-colonly is not valid, and may be exported wrongly
14:30:23 | INFO: Extracting primitive: ranch_bank_3_59_1-colonly
14:30:23 | INFO: Primitives created: 1
14:30:23 | WARNING: Mesh ranch_bank_3_60_0-colonly is not valid, and may be exported wrongly
14:30:23 | INFO: Extracting primitive: ranch_bank_3_60_0-colonly
14:30:23 | INFO: Primitives created: 1
14:30:23 | WARNING: Mesh ranch_bank_3_60_1-colonly is not valid, and may be exported wrongly
14:30:23 | INFO: Extracting primitive: ranch_bank_3_60_1-colonly
14:30:23 | INFO: Primitives created: 1
14:30:23 | WARNING: Mesh ranch_bank_3_61_0-colonly is not valid, and may be exported wrongly
14:30:23 | INFO: Extracting primitive: ranch_bank_3_61_0-colonly
14:30:23 | INFO: Primitives created: 1
14:30:23 | WARNING: Mesh ranch_bank_3_61_1-colonly is not valid, and may be exported wrongly
14:30:23 | INFO: Extracting primitive: ranch_bank_3_61_1-colonly
14:30:23 | INFO: Primitives created: 1
14:30:23 | WARNING: Mesh ranch_bank_3_62_0-colonly is not valid, and may be exported wrongly
14:30:23 | INFO: Extracting primitive: ranch_bank_3_62_0-colonly
14:30:23 | INFO: Primitives created: 1
14:30:23 | WARNING: Mesh ranch_bank_3_62_1-colonly is not valid, and may be exported wrongly
14:30:23 | INFO: Extracting primitive: ranch_bank_3_62_1-colonly
14:30:23 | INFO: Primitives created: 1
14:30:23 | WARNING: Mesh ranch_bank_3_63_0-colonly is not valid, and may be exported wrongly
14:30:23 | INFO: Extracting primitive: ranch_bank_3_63_0-colonly
14:30:23 | INFO: Primitives created: 1
14:30:23 | WARNING: Mesh ranch_bank_3_63_1-colonly is not valid, and may be exported wrongly
14:30:23 | INFO: Extracting primitive: ranch_bank_3_63_1-colonly
14:30:23 | INFO: Primitives created: 1
14:30:23 | WARNING: Mesh ranch_bank_3_64_0-colonly is not valid, and may be exported wrongly
14:30:23 | INFO: Extracting primitive: ranch_bank_3_64_0-colonly
14:30:23 | INFO: Primitives created: 1
14:30:23 | WARNING: Mesh ranch_bank_3_64_1-colonly is not valid, and may be exported wrongly
14:30:23 | INFO: Extracting primitive: ranch_bank_3_64_1-colonly
14:30:23 | INFO: Primitives created: 1
14:30:23 | WARNING: Mesh ranch_bank_3_65_0-colonly is not valid, and may be exported wrongly
14:30:23 | INFO: Extracting primitive: ranch_bank_3_65_0-colonly
14:30:23 | INFO: Primitives created: 1
14:30:23 | WARNING: Mesh ranch_bank_3_65_1-colonly is not valid, and may be exported wrongly
14:30:23 | INFO: Extracting primitive: ranch_bank_3_65_1-colonly
14:30:23 | INFO: Primitives created: 1
14:30:23 | WARNING: Mesh ranch_bank_3_66_0-colonly is not valid, and may be exported wrongly
14:30:23 | INFO: Extracting primitive: ranch_bank_3_66_0-colonly
14:30:23 | INFO: Primitives created: 1
14:30:23 | WARNING: Mesh ranch_bank_3_66_1-colonly is not valid, and may be exported wrongly
14:30:23 | INFO: Extracting primitive: ranch_bank_3_66_1-colonly
14:30:23 | INFO: Primitives created: 1
14:30:23 | WARNING: Mesh ranch_bank_3_67_0-colonly is not valid, and may be exported wrongly
14:30:23 | INFO: Extracting primitive: ranch_bank_3_67_0-colonly
14:30:23 | INFO: Primitives created: 1
14:30:23 | WARNING: Mesh ranch_bank_3_67_1-colonly is not valid, and may be exported wrongly
14:30:23 | INFO: Extracting primitive: ranch_bank_3_67_1-colonly
14:30:23 | INFO: Primitives created: 1
14:30:23 | WARNING: Mesh ranch_bank_3_68_0-colonly is not valid, and may be exported wrongly
14:30:23 | INFO: Extracting primitive: ranch_bank_3_68_0-colonly
14:30:23 | INFO: Primitives created: 1
14:30:23 | WARNING: Mesh ranch_bank_3_68_1-colonly is not valid, and may be exported wrongly
14:30:23 | INFO: Extracting primitive: ranch_bank_3_68_1-colonly
14:30:23 | INFO: Primitives created: 1
14:30:23 | WARNING: Mesh ranch_bank_3_69_0-colonly is not valid, and may be exported wrongly
14:30:23 | INFO: Extracting primitive: ranch_bank_3_69_0-colonly
14:30:23 | INFO: Primitives created: 1
14:30:23 | WARNING: Mesh ranch_bank_3_69_1-colonly is not valid, and may be exported wrongly
14:30:23 | INFO: Extracting primitive: ranch_bank_3_69_1-colonly
14:30:23 | INFO: Primitives created: 1
14:30:23 | WARNING: Mesh ranch_bank_3_70_0-colonly is not valid, and may be exported wrongly
14:30:23 | INFO: Extracting primitive: ranch_bank_3_70_0-colonly
14:30:23 | INFO: Primitives created: 1
14:30:23 | WARNING: Mesh ranch_bank_3_70_1-colonly is not valid, and may be exported wrongly
14:30:23 | INFO: Extracting primitive: ranch_bank_3_70_1-colonly
14:30:23 | INFO: Primitives created: 1
14:30:23 | WARNING: Mesh ranch_bank_3_71_0-colonly is not valid, and may be exported wrongly
14:30:23 | INFO: Extracting primitive: ranch_bank_3_71_0-colonly
14:30:23 | INFO: Primitives created: 1
14:30:23 | WARNING: Mesh ranch_bank_3_71_1-colonly is not valid, and may be exported wrongly
14:30:23 | INFO: Extracting primitive: ranch_bank_3_71_1-colonly
14:30:23 | INFO: Primitives created: 1
14:30:23 | WARNING: Mesh ranch_bank_3_72_0-colonly is not valid, and may be exported wrongly
14:30:23 | INFO: Extracting primitive: ranch_bank_3_72_0-colonly
14:30:23 | INFO: Primitives created: 1
14:30:23 | WARNING: Mesh ranch_bank_3_72_1-colonly is not valid, and may be exported wrongly
14:30:23 | INFO: Extracting primitive: ranch_bank_3_72_1-colonly
14:30:23 | INFO: Primitives created: 1
14:30:23 | WARNING: Mesh ranch_bank_3_73_0-colonly is not valid, and may be exported wrongly
14:30:23 | INFO: Extracting primitive: ranch_bank_3_73_0-colonly
14:30:23 | INFO: Primitives created: 1
14:30:23 | WARNING: Mesh ranch_bank_3_73_1-colonly is not valid, and may be exported wrongly
14:30:23 | INFO: Extracting primitive: ranch_bank_3_73_1-colonly
14:30:23 | INFO: Primitives created: 1
14:30:23 | WARNING: Mesh ranch_bank_3_74_0-colonly is not valid, and may be exported wrongly
14:30:23 | INFO: Extracting primitive: ranch_bank_3_74_0-colonly
14:30:23 | INFO: Primitives created: 1
14:30:23 | WARNING: Mesh ranch_bank_3_74_1-colonly is not valid, and may be exported wrongly
14:30:23 | INFO: Extracting primitive: ranch_bank_3_74_1-colonly
14:30:23 | INFO: Primitives created: 1
14:30:23 | WARNING: Mesh ranch_bank_3_75_0-colonly is not valid, and may be exported wrongly
14:30:23 | INFO: Extracting primitive: ranch_bank_3_75_0-colonly
14:30:23 | INFO: Primitives created: 1
14:30:23 | WARNING: Mesh ranch_bank_3_75_1-colonly is not valid, and may be exported wrongly
14:30:23 | INFO: Extracting primitive: ranch_bank_3_75_1-colonly
14:30:23 | INFO: Primitives created: 1
14:30:23 | WARNING: Mesh ranch_bank_3_76_0-colonly is not valid, and may be exported wrongly
14:30:23 | INFO: Extracting primitive: ranch_bank_3_76_0-colonly
14:30:23 | INFO: Primitives created: 1
14:30:23 | WARNING: Mesh ranch_bank_3_76_1-colonly is not valid, and may be exported wrongly
14:30:23 | INFO: Extracting primitive: ranch_bank_3_76_1-colonly
14:30:23 | INFO: Primitives created: 1
14:30:23 | WARNING: Mesh ranch_bank_3_77_0-colonly is not valid, and may be exported wrongly
14:30:23 | INFO: Extracting primitive: ranch_bank_3_77_0-colonly
14:30:23 | INFO: Primitives created: 1
14:30:23 | WARNING: Mesh ranch_bank_3_77_1-colonly is not valid, and may be exported wrongly
14:30:23 | INFO: Extracting primitive: ranch_bank_3_77_1-colonly
14:30:23 | INFO: Primitives created: 1
14:30:23 | WARNING: Mesh ranch_bank_3_78_0-colonly is not valid, and may be exported wrongly
14:30:23 | INFO: Extracting primitive: ranch_bank_3_78_0-colonly
14:30:23 | INFO: Primitives created: 1
14:30:23 | WARNING: Mesh ranch_bank_3_78_1-colonly is not valid, and may be exported wrongly
14:30:23 | INFO: Extracting primitive: ranch_bank_3_78_1-colonly
14:30:23 | INFO: Primitives created: 1
14:30:23 | WARNING: Mesh ranch_bank_3_79_0-colonly is not valid, and may be exported wrongly
14:30:23 | INFO: Extracting primitive: ranch_bank_3_79_0-colonly
14:30:23 | INFO: Primitives created: 1
14:30:23 | WARNING: Mesh ranch_bank_3_79_1-colonly is not valid, and may be exported wrongly
14:30:23 | INFO: Extracting primitive: ranch_bank_3_79_1-colonly
14:30:23 | INFO: Primitives created: 1
14:30:23 | WARNING: Mesh ranch_bank_3_80_0-colonly is not valid, and may be exported wrongly
14:30:23 | INFO: Extracting primitive: ranch_bank_3_80_0-colonly
14:30:23 | INFO: Primitives created: 1
14:30:23 | WARNING: Mesh ranch_bank_3_80_1-colonly is not valid, and may be exported wrongly
14:30:23 | INFO: Extracting primitive: ranch_bank_3_80_1-colonly
14:30:23 | INFO: Primitives created: 1
14:30:23 | WARNING: Mesh ranch_bank_3_81_0-colonly is not valid, and may be exported wrongly
14:30:23 | INFO: Extracting primitive: ranch_bank_3_81_0-colonly
14:30:23 | INFO: Primitives created: 1
14:30:23 | WARNING: Mesh ranch_bank_3_81_1-colonly is not valid, and may be exported wrongly
14:30:23 | INFO: Extracting primitive: ranch_bank_3_81_1-colonly
14:30:23 | INFO: Primitives created: 1
14:30:23 | WARNING: Mesh ranch_bank_3_82_0-colonly is not valid, and may be exported wrongly
14:30:23 | INFO: Extracting primitive: ranch_bank_3_82_0-colonly
14:30:23 | INFO: Primitives created: 1
14:30:23 | WARNING: Mesh ranch_bank_3_82_1-colonly is not valid, and may be exported wrongly
14:30:23 | INFO: Extracting primitive: ranch_bank_3_82_1-colonly
14:30:23 | INFO: Primitives created: 1
14:30:23 | WARNING: Mesh ranch_bank_3_83_0-colonly is not valid, and may be exported wrongly
14:30:23 | INFO: Extracting primitive: ranch_bank_3_83_0-colonly
14:30:23 | INFO: Primitives created: 1
14:30:23 | WARNING: Mesh ranch_bank_3_83_1-colonly is not valid, and may be exported wrongly
14:30:23 | INFO: Extracting primitive: ranch_bank_3_83_1-colonly
14:30:23 | INFO: Primitives created: 1
14:30:23 | WARNING: Mesh ranch_bank_3_84_0-colonly is not valid, and may be exported wrongly
14:30:23 | INFO: Extracting primitive: ranch_bank_3_84_0-colonly
14:30:23 | INFO: Primitives created: 1
14:30:23 | WARNING: Mesh ranch_bank_3_84_1-colonly is not valid, and may be exported wrongly
14:30:23 | INFO: Extracting primitive: ranch_bank_3_84_1-colonly
14:30:23 | INFO: Primitives created: 1
14:30:23 | WARNING: Mesh ranch_bank_3_85_0-colonly is not valid, and may be exported wrongly
14:30:23 | INFO: Extracting primitive: ranch_bank_3_85_0-colonly
14:30:23 | INFO: Primitives created: 1
14:30:23 | WARNING: Mesh ranch_bank_3_85_1-colonly is not valid, and may be exported wrongly
14:30:23 | INFO: Extracting primitive: ranch_bank_3_85_1-colonly
14:30:23 | INFO: Primitives created: 1
14:30:23 | WARNING: Mesh ranch_bank_3_86_0-colonly is not valid, and may be exported wrongly
14:30:23 | INFO: Extracting primitive: ranch_bank_3_86_0-colonly
14:30:23 | INFO: Primitives created: 1
14:30:23 | WARNING: Mesh ranch_bank_3_86_1-colonly is not valid, and may be exported wrongly
14:30:23 | INFO: Extracting primitive: ranch_bank_3_86_1-colonly
14:30:23 | INFO: Primitives created: 1
14:30:23 | WARNING: Mesh ranch_bank_3_87_0-colonly is not valid, and may be exported wrongly
14:30:23 | INFO: Extracting primitive: ranch_bank_3_87_0-colonly
14:30:23 | INFO: Primitives created: 1
14:30:23 | WARNING: Mesh ranch_bank_3_87_1-colonly is not valid, and may be exported wrongly
14:30:23 | INFO: Extracting primitive: ranch_bank_3_87_1-colonly
14:30:23 | INFO: Primitives created: 1
14:30:23 | WARNING: Mesh ranch_bank_3_88_0-colonly is not valid, and may be exported wrongly
14:30:23 | INFO: Extracting primitive: ranch_bank_3_88_0-colonly
14:30:23 | INFO: Primitives created: 1
14:30:23 | WARNING: Mesh ranch_bank_3_88_1-colonly is not valid, and may be exported wrongly
14:30:23 | INFO: Extracting primitive: ranch_bank_3_88_1-colonly
14:30:23 | INFO: Primitives created: 1
14:30:23 | WARNING: Mesh ranch_bank_3_89_0-colonly is not valid, and may be exported wrongly
14:30:23 | INFO: Extracting primitive: ranch_bank_3_89_0-colonly
14:30:23 | INFO: Primitives created: 1
14:30:23 | WARNING: Mesh ranch_bank_3_89_1-colonly is not valid, and may be exported wrongly
14:30:23 | INFO: Extracting primitive: ranch_bank_3_89_1-colonly
14:30:23 | INFO: Primitives created: 1
14:30:23 | WARNING: Mesh ranch_bank_3_90_0-colonly is not valid, and may be exported wrongly
14:30:23 | INFO: Extracting primitive: ranch_bank_3_90_0-colonly
14:30:23 | INFO: Primitives created: 1
14:30:23 | WARNING: Mesh ranch_bank_3_90_1-colonly is not valid, and may be exported wrongly
14:30:23 | INFO: Extracting primitive: ranch_bank_3_90_1-colonly
14:30:23 | INFO: Primitives created: 1
14:30:23 | WARNING: Mesh ranch_bank_3_91_0-colonly is not valid, and may be exported wrongly
14:30:23 | INFO: Extracting primitive: ranch_bank_3_91_0-colonly
14:30:23 | INFO: Primitives created: 1
14:30:23 | WARNING: Mesh ranch_bank_3_91_1-colonly is not valid, and may be exported wrongly
14:30:23 | INFO: Extracting primitive: ranch_bank_3_91_1-colonly
14:30:23 | INFO: Primitives created: 1
14:30:23 | WARNING: Mesh ranch_bank_3_92_0-colonly is not valid, and may be exported wrongly
14:30:23 | INFO: Extracting primitive: ranch_bank_3_92_0-colonly
14:30:23 | INFO: Primitives created: 1
14:30:23 | WARNING: Mesh ranch_bank_3_92_1-colonly is not valid, and may be exported wrongly
14:30:23 | INFO: Extracting primitive: ranch_bank_3_92_1-colonly
14:30:23 | INFO: Primitives created: 1
14:30:23 | WARNING: Mesh ranch_bank_3_93_0-colonly is not valid, and may be exported wrongly
14:30:23 | INFO: Extracting primitive: ranch_bank_3_93_0-colonly
14:30:23 | INFO: Primitives created: 1
14:30:23 | WARNING: Mesh ranch_bank_3_93_1-colonly is not valid, and may be exported wrongly
14:30:23 | INFO: Extracting primitive: ranch_bank_3_93_1-colonly
14:30:23 | INFO: Primitives created: 1
14:30:23 | WARNING: Mesh ranch_bank_3_94_0-colonly is not valid, and may be exported wrongly
14:30:23 | INFO: Extracting primitive: ranch_bank_3_94_0-colonly
14:30:23 | INFO: Primitives created: 1
14:30:23 | WARNING: Mesh ranch_bank_3_94_1-colonly is not valid, and may be exported wrongly
14:30:23 | INFO: Extracting primitive: ranch_bank_3_94_1-colonly
14:30:23 | INFO: Primitives created: 1
14:30:23 | WARNING: Mesh ranch_bank_3_95_0-colonly is not valid, and may be exported wrongly
14:30:23 | INFO: Extracting primitive: ranch_bank_3_95_0-colonly
14:30:23 | INFO: Primitives created: 1
14:30:23 | WARNING: Mesh ranch_bank_3_95_1-colonly is not valid, and may be exported wrongly
14:30:23 | INFO: Extracting primitive: ranch_bank_3_95_1-colonly
14:30:23 | INFO: Primitives created: 1
14:30:23 | WARNING: Mesh ranch_bank_3_96_0-colonly is not valid, and may be exported wrongly
14:30:23 | INFO: Extracting primitive: ranch_bank_3_96_0-colonly
14:30:23 | INFO: Primitives created: 1
14:30:23 | WARNING: Mesh ranch_bank_3_96_1-colonly is not valid, and may be exported wrongly
14:30:23 | INFO: Extracting primitive: ranch_bank_3_96_1-colonly
14:30:23 | INFO: Primitives created: 1
14:30:23 | WARNING: Mesh ranch_bank_3_97_0-colonly is not valid, and may be exported wrongly
14:30:23 | INFO: Extracting primitive: ranch_bank_3_97_0-colonly
14:30:23 | INFO: Primitives created: 1
14:30:23 | WARNING: Mesh ranch_bank_3_97_1-colonly is not valid, and may be exported wrongly
14:30:23 | INFO: Extracting primitive: ranch_bank_3_97_1-colonly
14:30:23 | INFO: Primitives created: 1
14:30:23 | WARNING: Mesh ranch_bank_3_98_0-colonly is not valid, and may be exported wrongly
14:30:23 | INFO: Extracting primitive: ranch_bank_3_98_0-colonly
14:30:23 | INFO: Primitives created: 1
14:30:23 | WARNING: Mesh ranch_bank_3_98_1-colonly is not valid, and may be exported wrongly
14:30:23 | INFO: Extracting primitive: ranch_bank_3_98_1-colonly
14:30:23 | INFO: Primitives created: 1
14:30:23 | WARNING: Mesh ranch_bank_3_99_0-colonly is not valid, and may be exported wrongly
14:30:23 | INFO: Extracting primitive: ranch_bank_3_99_0-colonly
14:30:23 | INFO: Primitives created: 1
14:30:23 | WARNING: Mesh ranch_bank_3_99_1-colonly is not valid, and may be exported wrongly
14:30:23 | INFO: Extracting primitive: ranch_bank_3_99_1-colonly
14:30:23 | INFO: Primitives created: 1
14:30:23 | WARNING: Mesh ranch_bank_3_100_0-colonly is not valid, and may be exported wrongly
14:30:23 | INFO: Extracting primitive: ranch_bank_3_100_0-colonly
14:30:23 | INFO: Primitives created: 1
14:30:23 | WARNING: Mesh ranch_bank_3_100_1-colonly is not valid, and may be exported wrongly
14:30:23 | INFO: Extracting primitive: ranch_bank_3_100_1-colonly
14:30:23 | INFO: Primitives created: 1
14:30:23 | WARNING: Mesh ranch_bank_3_101_0-colonly is not valid, and may be exported wrongly
14:30:23 | INFO: Extracting primitive: ranch_bank_3_101_0-colonly
14:30:23 | INFO: Primitives created: 1
14:30:23 | WARNING: Mesh ranch_bank_3_101_1-colonly is not valid, and may be exported wrongly
14:30:23 | INFO: Extracting primitive: ranch_bank_3_101_1-colonly
14:30:23 | INFO: Primitives created: 1
14:30:23 | WARNING: Mesh ranch_bank_3_102_0-colonly is not valid, and may be exported wrongly
14:30:23 | INFO: Extracting primitive: ranch_bank_3_102_0-colonly
14:30:23 | INFO: Primitives created: 1
14:30:23 | WARNING: Mesh ranch_bank_3_102_1-colonly is not valid, and may be exported wrongly
14:30:23 | INFO: Extracting primitive: ranch_bank_3_102_1-colonly
14:30:23 | INFO: Primitives created: 1
14:30:23 | WARNING: Mesh ranch_bank_3_103_0-colonly is not valid, and may be exported wrongly
14:30:23 | INFO: Extracting primitive: ranch_bank_3_103_0-colonly
14:30:23 | INFO: Primitives created: 1
14:30:23 | WARNING: Mesh ranch_bank_3_103_1-colonly is not valid, and may be exported wrongly
14:30:23 | INFO: Extracting primitive: ranch_bank_3_103_1-colonly
14:30:23 | INFO: Primitives created: 1
14:30:23 | WARNING: Mesh ranch_bank_3_104_0-colonly is not valid, and may be exported wrongly
14:30:23 | INFO: Extracting primitive: ranch_bank_3_104_0-colonly
14:30:23 | INFO: Primitives created: 1
14:30:23 | WARNING: Mesh ranch_bank_3_104_1-colonly is not valid, and may be exported wrongly
14:30:23 | INFO: Extracting primitive: ranch_bank_3_104_1-colonly
14:30:23 | INFO: Primitives created: 1
14:30:23 | WARNING: Mesh ranch_bank_3_105_0-colonly is not valid, and may be exported wrongly
14:30:23 | INFO: Extracting primitive: ranch_bank_3_105_0-colonly
14:30:23 | INFO: Primitives created: 1
14:30:23 | WARNING: Mesh ranch_bank_3_105_1-colonly is not valid, and may be exported wrongly
14:30:23 | INFO: Extracting primitive: ranch_bank_3_105_1-colonly
14:30:23 | INFO: Primitives created: 1
14:30:23 | WARNING: Mesh ranch_bank_3_106_0-colonly is not valid, and may be exported wrongly
14:30:23 | INFO: Extracting primitive: ranch_bank_3_106_0-colonly
14:30:23 | INFO: Primitives created: 1
14:30:23 | WARNING: Mesh ranch_bank_3_106_1-colonly is not valid, and may be exported wrongly
14:30:23 | INFO: Extracting primitive: ranch_bank_3_106_1-colonly
14:30:23 | INFO: Primitives created: 1
14:30:23 | WARNING: Mesh ranch_bank_3_107_0-colonly is not valid, and may be exported wrongly
14:30:23 | INFO: Extracting primitive: ranch_bank_3_107_0-colonly
14:30:23 | INFO: Primitives created: 1
14:30:23 | WARNING: Mesh ranch_bank_3_107_1-colonly is not valid, and may be exported wrongly
14:30:23 | INFO: Extracting primitive: ranch_bank_3_107_1-colonly
14:30:23 | INFO: Primitives created: 1
14:30:23 | WARNING: Mesh ranch_bank_3_108_0-colonly is not valid, and may be exported wrongly
14:30:23 | INFO: Extracting primitive: ranch_bank_3_108_0-colonly
14:30:23 | INFO: Primitives created: 1
14:30:23 | WARNING: Mesh ranch_bank_3_108_1-colonly is not valid, and may be exported wrongly
14:30:23 | INFO: Extracting primitive: ranch_bank_3_108_1-colonly
14:30:23 | INFO: Primitives created: 1
14:30:23 | WARNING: Mesh ranch_bank_3_109_0-colonly is not valid, and may be exported wrongly
14:30:23 | INFO: Extracting primitive: ranch_bank_3_109_0-colonly
14:30:23 | INFO: Primitives created: 1
14:30:23 | WARNING: Mesh ranch_bank_3_109_1-colonly is not valid, and may be exported wrongly
14:30:23 | INFO: Extracting primitive: ranch_bank_3_109_1-colonly
14:30:23 | INFO: Primitives created: 1
14:30:23 | WARNING: Mesh ranch_bank_3_110_0-colonly is not valid, and may be exported wrongly
14:30:23 | INFO: Extracting primitive: ranch_bank_3_110_0-colonly
14:30:23 | INFO: Primitives created: 1
14:30:23 | WARNING: Mesh ranch_bank_3_110_1-colonly is not valid, and may be exported wrongly
14:30:23 | INFO: Extracting primitive: ranch_bank_3_110_1-colonly
14:30:23 | INFO: Primitives created: 1
14:30:23 | WARNING: Mesh ranch_bank_3_111_0-colonly is not valid, and may be exported wrongly
14:30:23 | INFO: Extracting primitive: ranch_bank_3_111_0-colonly
14:30:23 | INFO: Primitives created: 1
14:30:23 | WARNING: Mesh ranch_bank_3_111_1-colonly is not valid, and may be exported wrongly
14:30:23 | INFO: Extracting primitive: ranch_bank_3_111_1-colonly
14:30:23 | INFO: Primitives created: 1
14:30:23 | WARNING: Mesh ranch_bank_3_112_0-colonly is not valid, and may be exported wrongly
14:30:23 | INFO: Extracting primitive: ranch_bank_3_112_0-colonly
14:30:23 | INFO: Primitives created: 1
14:30:23 | WARNING: Mesh ranch_bank_3_112_1-colonly is not valid, and may be exported wrongly
14:30:23 | INFO: Extracting primitive: ranch_bank_3_112_1-colonly
14:30:23 | INFO: Primitives created: 1
14:30:23 | WARNING: Mesh ranch_bank_3_113_0-colonly is not valid, and may be exported wrongly
14:30:23 | INFO: Extracting primitive: ranch_bank_3_113_0-colonly
14:30:23 | INFO: Primitives created: 1
14:30:23 | WARNING: Mesh ranch_bank_3_113_1-colonly is not valid, and may be exported wrongly
14:30:23 | INFO: Extracting primitive: ranch_bank_3_113_1-colonly
14:30:23 | INFO: Primitives created: 1
14:30:23 | WARNING: Mesh ranch_bank_3_114_0-colonly is not valid, and may be exported wrongly
14:30:23 | INFO: Extracting primitive: ranch_bank_3_114_0-colonly
14:30:23 | INFO: Primitives created: 1
14:30:23 | WARNING: Mesh ranch_bank_3_114_1-colonly is not valid, and may be exported wrongly
14:30:23 | INFO: Extracting primitive: ranch_bank_3_114_1-colonly
14:30:23 | INFO: Primitives created: 1
14:30:23 | WARNING: Mesh ranch_bank_3_115_0-colonly is not valid, and may be exported wrongly
14:30:23 | INFO: Extracting primitive: ranch_bank_3_115_0-colonly
14:30:23 | INFO: Primitives created: 1
14:30:23 | WARNING: Mesh ranch_bank_3_115_1-colonly is not valid, and may be exported wrongly
14:30:23 | INFO: Extracting primitive: ranch_bank_3_115_1-colonly
14:30:23 | INFO: Primitives created: 1
14:30:23 | WARNING: Mesh ranch_bank_3_116_0-colonly is not valid, and may be exported wrongly
14:30:23 | INFO: Extracting primitive: ranch_bank_3_116_0-colonly
14:30:23 | INFO: Primitives created: 1
14:30:23 | WARNING: Mesh ranch_bank_3_116_1-colonly is not valid, and may be exported wrongly
14:30:23 | INFO: Extracting primitive: ranch_bank_3_116_1-colonly
14:30:23 | INFO: Primitives created: 1
14:30:23 | WARNING: Mesh ranch_bank_3_117_0-colonly is not valid, and may be exported wrongly
14:30:23 | INFO: Extracting primitive: ranch_bank_3_117_0-colonly
14:30:23 | INFO: Primitives created: 1
14:30:23 | WARNING: Mesh ranch_bank_3_117_1-colonly is not valid, and may be exported wrongly
14:30:23 | INFO: Extracting primitive: ranch_bank_3_117_1-colonly
14:30:23 | INFO: Primitives created: 1
14:30:23 | WARNING: Mesh ranch_bank_3_118_0-colonly is not valid, and may be exported wrongly
14:30:23 | INFO: Extracting primitive: ranch_bank_3_118_0-colonly
14:30:23 | INFO: Primitives created: 1
14:30:23 | WARNING: Mesh ranch_bank_3_118_1-colonly is not valid, and may be exported wrongly
14:30:23 | INFO: Extracting primitive: ranch_bank_3_118_1-colonly
14:30:23 | INFO: Primitives created: 1
14:30:23 | WARNING: Mesh ranch_bank_3_119_0-colonly is not valid, and may be exported wrongly
14:30:23 | INFO: Extracting primitive: ranch_bank_3_119_0-colonly
14:30:23 | INFO: Primitives created: 1
14:30:23 | WARNING: Mesh ranch_bank_3_119_1-colonly is not valid, and may be exported wrongly
14:30:23 | INFO: Extracting primitive: ranch_bank_3_119_1-colonly
14:30:23 | INFO: Primitives created: 1
14:30:23 | WARNING: Mesh ranch_bank_3_120_0-colonly is not valid, and may be exported wrongly
14:30:23 | INFO: Extracting primitive: ranch_bank_3_120_0-colonly
14:30:23 | INFO: Primitives created: 1
14:30:23 | WARNING: Mesh ranch_bank_3_120_1-colonly is not valid, and may be exported wrongly
14:30:23 | INFO: Extracting primitive: ranch_bank_3_120_1-colonly
14:30:23 | INFO: Primitives created: 1
14:30:23 | WARNING: Mesh ranch_bank_3_121_0-colonly is not valid, and may be exported wrongly
14:30:23 | INFO: Extracting primitive: ranch_bank_3_121_0-colonly
14:30:23 | INFO: Primitives created: 1
14:30:23 | WARNING: Mesh ranch_bank_3_121_1-colonly is not valid, and may be exported wrongly
14:30:23 | INFO: Extracting primitive: ranch_bank_3_121_1-colonly
14:30:23 | INFO: Primitives created: 1
14:30:23 | WARNING: Mesh ranch_bank_3_122_0-colonly is not valid, and may be exported wrongly
14:30:23 | INFO: Extracting primitive: ranch_bank_3_122_0-colonly
14:30:23 | INFO: Primitives created: 1
14:30:23 | WARNING: Mesh ranch_bank_3_122_1-colonly is not valid, and may be exported wrongly
14:30:23 | INFO: Extracting primitive: ranch_bank_3_122_1-colonly
14:30:23 | INFO: Primitives created: 1
14:30:23 | WARNING: Mesh ranch_bank_3_123_0-colonly is not valid, and may be exported wrongly
14:30:23 | INFO: Extracting primitive: ranch_bank_3_123_0-colonly
14:30:23 | INFO: Primitives created: 1
14:30:23 | WARNING: Mesh ranch_bank_3_123_1-colonly is not valid, and may be exported wrongly
14:30:23 | INFO: Extracting primitive: ranch_bank_3_123_1-colonly
14:30:23 | INFO: Primitives created: 1
14:30:23 | WARNING: Mesh ranch_bank_3_124_0-colonly is not valid, and may be exported wrongly
14:30:23 | INFO: Extracting primitive: ranch_bank_3_124_0-colonly
14:30:23 | INFO: Primitives created: 1
14:30:23 | WARNING: Mesh ranch_bank_3_124_1-colonly is not valid, and may be exported wrongly
14:30:23 | INFO: Extracting primitive: ranch_bank_3_124_1-colonly
14:30:23 | INFO: Primitives created: 1
14:30:23 | WARNING: Mesh ranch_bank_3_125_0-colonly is not valid, and may be exported wrongly
14:30:23 | INFO: Extracting primitive: ranch_bank_3_125_0-colonly
14:30:23 | INFO: Primitives created: 1
14:30:23 | WARNING: Mesh ranch_bank_3_125_1-colonly is not valid, and may be exported wrongly
14:30:23 | INFO: Extracting primitive: ranch_bank_3_125_1-colonly
14:30:23 | INFO: Primitives created: 1
14:30:23 | WARNING: Mesh ranch_bank_3_126_0-colonly is not valid, and may be exported wrongly
14:30:23 | INFO: Extracting primitive: ranch_bank_3_126_0-colonly
14:30:23 | INFO: Primitives created: 1
14:30:23 | WARNING: Mesh ranch_bank_3_126_1-colonly is not valid, and may be exported wrongly
14:30:23 | INFO: Extracting primitive: ranch_bank_3_126_1-colonly
14:30:23 | INFO: Primitives created: 1
14:30:23 | WARNING: Mesh ranch_bank_3_127_0-colonly is not valid, and may be exported wrongly
14:30:23 | INFO: Extracting primitive: ranch_bank_3_127_0-colonly
14:30:23 | INFO: Primitives created: 1
14:30:23 | WARNING: Mesh ranch_bank_3_127_1-colonly is not valid, and may be exported wrongly
14:30:23 | INFO: Extracting primitive: ranch_bank_3_127_1-colonly
14:30:23 | INFO: Primitives created: 1
14:30:23 | WARNING: Mesh ranch_bank_3_128_0-colonly is not valid, and may be exported wrongly
14:30:23 | INFO: Extracting primitive: ranch_bank_3_128_0-colonly
14:30:23 | INFO: Primitives created: 1
14:30:23 | WARNING: Mesh ranch_bank_3_128_1-colonly is not valid, and may be exported wrongly
14:30:23 | INFO: Extracting primitive: ranch_bank_3_128_1-colonly
14:30:23 | INFO: Primitives created: 1
14:30:23 | WARNING: Mesh ranch_bank_3_129_0-colonly is not valid, and may be exported wrongly
14:30:23 | INFO: Extracting primitive: ranch_bank_3_129_0-colonly
14:30:23 | INFO: Primitives created: 1
14:30:23 | WARNING: Mesh ranch_bank_3_129_1-colonly is not valid, and may be exported wrongly
14:30:23 | INFO: Extracting primitive: ranch_bank_3_129_1-colonly
14:30:23 | INFO: Primitives created: 1
14:30:23 | WARNING: Mesh ranch_bank_3_130_0-colonly is not valid, and may be exported wrongly
14:30:23 | INFO: Extracting primitive: ranch_bank_3_130_0-colonly
14:30:23 | INFO: Primitives created: 1
14:30:23 | WARNING: Mesh ranch_bank_3_130_1-colonly is not valid, and may be exported wrongly
14:30:23 | INFO: Extracting primitive: ranch_bank_3_130_1-colonly
14:30:23 | INFO: Primitives created: 1
14:30:23 | WARNING: Mesh ranch_bank_3_131_0-colonly is not valid, and may be exported wrongly
14:30:23 | INFO: Extracting primitive: ranch_bank_3_131_0-colonly
14:30:23 | INFO: Primitives created: 1
14:30:23 | WARNING: Mesh ranch_bank_3_131_1-colonly is not valid, and may be exported wrongly
14:30:23 | INFO: Extracting primitive: ranch_bank_3_131_1-colonly
14:30:23 | INFO: Primitives created: 1
14:30:23 | WARNING: Mesh ranch_bank_3_132_0-colonly is not valid, and may be exported wrongly
14:30:23 | INFO: Extracting primitive: ranch_bank_3_132_0-colonly
14:30:23 | INFO: Primitives created: 1
14:30:23 | WARNING: Mesh ranch_bank_3_132_1-colonly is not valid, and may be exported wrongly
14:30:23 | INFO: Extracting primitive: ranch_bank_3_132_1-colonly
14:30:23 | INFO: Primitives created: 1
14:30:23 | WARNING: Mesh ranch_bank_3_133_0-colonly is not valid, and may be exported wrongly
14:30:23 | INFO: Extracting primitive: ranch_bank_3_133_0-colonly
14:30:23 | INFO: Primitives created: 1
14:30:23 | WARNING: Mesh ranch_bank_3_133_1-colonly is not valid, and may be exported wrongly
14:30:23 | INFO: Extracting primitive: ranch_bank_3_133_1-colonly
14:30:23 | INFO: Primitives created: 1
14:30:23 | WARNING: Mesh ranch_bank_3_134_0-colonly is not valid, and may be exported wrongly
14:30:23 | INFO: Extracting primitive: ranch_bank_3_134_0-colonly
14:30:23 | INFO: Primitives created: 1
14:30:23 | WARNING: Mesh ranch_bank_3_134_1-colonly is not valid, and may be exported wrongly
14:30:23 | INFO: Extracting primitive: ranch_bank_3_134_1-colonly
14:30:23 | INFO: Primitives created: 1
14:30:23 | WARNING: Mesh ranch_bank_3_135_0-colonly is not valid, and may be exported wrongly
14:30:23 | INFO: Extracting primitive: ranch_bank_3_135_0-colonly
14:30:23 | INFO: Primitives created: 1
14:30:23 | WARNING: Mesh ranch_bank_3_135_1-colonly is not valid, and may be exported wrongly
14:30:23 | INFO: Extracting primitive: ranch_bank_3_135_1-colonly
14:30:23 | INFO: Primitives created: 1
14:30:23 | WARNING: Mesh ranch_bank_3_136_0-colonly is not valid, and may be exported wrongly
14:30:23 | INFO: Extracting primitive: ranch_bank_3_136_0-colonly
14:30:23 | INFO: Primitives created: 1
14:30:23 | WARNING: Mesh ranch_bank_3_136_1-colonly is not valid, and may be exported wrongly
14:30:23 | INFO: Extracting primitive: ranch_bank_3_136_1-colonly
14:30:23 | INFO: Primitives created: 1
14:30:23 | WARNING: Mesh ranch_bank_3_137_0-colonly is not valid, and may be exported wrongly
14:30:23 | INFO: Extracting primitive: ranch_bank_3_137_0-colonly
14:30:23 | INFO: Primitives created: 1
14:30:23 | WARNING: Mesh ranch_bank_3_137_1-colonly is not valid, and may be exported wrongly
14:30:23 | INFO: Extracting primitive: ranch_bank_3_137_1-colonly
14:30:23 | INFO: Primitives created: 1
14:30:23 | WARNING: Mesh ranch_bank_3_138_0-colonly is not valid, and may be exported wrongly
14:30:23 | INFO: Extracting primitive: ranch_bank_3_138_0-colonly
14:30:23 | INFO: Primitives created: 1
14:30:23 | WARNING: Mesh ranch_bank_3_138_1-colonly is not valid, and may be exported wrongly
14:30:23 | INFO: Extracting primitive: ranch_bank_3_138_1-colonly
14:30:23 | INFO: Primitives created: 1
14:30:23 | WARNING: Mesh ranch_bank_3_139_0-colonly is not valid, and may be exported wrongly
14:30:23 | INFO: Extracting primitive: ranch_bank_3_139_0-colonly
14:30:23 | INFO: Primitives created: 1
14:30:23 | WARNING: Mesh ranch_bank_3_139_1-colonly is not valid, and may be exported wrongly
14:30:23 | INFO: Extracting primitive: ranch_bank_3_139_1-colonly
14:30:23 | INFO: Primitives created: 1
14:30:23 | WARNING: Mesh ranch_bank_3_140_0-colonly is not valid, and may be exported wrongly
14:30:23 | INFO: Extracting primitive: ranch_bank_3_140_0-colonly
14:30:23 | INFO: Primitives created: 1
14:30:23 | WARNING: Mesh ranch_bank_3_140_1-colonly is not valid, and may be exported wrongly
14:30:23 | INFO: Extracting primitive: ranch_bank_3_140_1-colonly
14:30:23 | INFO: Primitives created: 1
14:30:23 | WARNING: Mesh ranch_bank_3_141_0-colonly is not valid, and may be exported wrongly
14:30:23 | INFO: Extracting primitive: ranch_bank_3_141_0-colonly
14:30:23 | INFO: Primitives created: 1
14:30:23 | WARNING: Mesh ranch_bank_3_141_1-colonly is not valid, and may be exported wrongly
14:30:23 | INFO: Extracting primitive: ranch_bank_3_141_1-colonly
14:30:23 | INFO: Primitives created: 1
14:30:23 | WARNING: Mesh ranch_bank_3_142_0-colonly is not valid, and may be exported wrongly
14:30:23 | INFO: Extracting primitive: ranch_bank_3_142_0-colonly
14:30:23 | INFO: Primitives created: 1
14:30:23 | WARNING: Mesh ranch_bank_3_142_1-colonly is not valid, and may be exported wrongly
14:30:23 | INFO: Extracting primitive: ranch_bank_3_142_1-colonly
14:30:23 | INFO: Primitives created: 1
14:30:23 | WARNING: Mesh ranch_bank_3_143_0-colonly is not valid, and may be exported wrongly
14:30:23 | INFO: Extracting primitive: ranch_bank_3_143_0-colonly
14:30:23 | INFO: Primitives created: 1
14:30:23 | WARNING: Mesh ranch_bank_3_143_1-colonly is not valid, and may be exported wrongly
14:30:23 | INFO: Extracting primitive: ranch_bank_3_143_1-colonly
14:30:23 | INFO: Primitives created: 1
14:30:23 | WARNING: Mesh ranch_bank_3_144_0-colonly is not valid, and may be exported wrongly
14:30:23 | INFO: Extracting primitive: ranch_bank_3_144_0-colonly
14:30:23 | INFO: Primitives created: 1
14:30:23 | WARNING: Mesh ranch_bank_3_144_1-colonly is not valid, and may be exported wrongly
14:30:23 | INFO: Extracting primitive: ranch_bank_3_144_1-colonly
14:30:23 | INFO: Primitives created: 1
14:30:23 | WARNING: Mesh ranch_bank_3_145_0-colonly is not valid, and may be exported wrongly
14:30:23 | INFO: Extracting primitive: ranch_bank_3_145_0-colonly
14:30:23 | INFO: Primitives created: 1
14:30:23 | WARNING: Mesh ranch_bank_3_145_1-colonly is not valid, and may be exported wrongly
14:30:23 | INFO: Extracting primitive: ranch_bank_3_145_1-colonly
14:30:23 | INFO: Primitives created: 1
14:30:23 | WARNING: Mesh ranch_bank_3_146_0-colonly is not valid, and may be exported wrongly
14:30:23 | INFO: Extracting primitive: ranch_bank_3_146_0-colonly
14:30:23 | INFO: Primitives created: 1
14:30:23 | WARNING: Mesh ranch_bank_3_146_1-colonly is not valid, and may be exported wrongly
14:30:23 | INFO: Extracting primitive: ranch_bank_3_146_1-colonly
14:30:23 | INFO: Primitives created: 1
14:30:23 | WARNING: Mesh ranch_bank_3_147_0-colonly is not valid, and may be exported wrongly
14:30:23 | INFO: Extracting primitive: ranch_bank_3_147_0-colonly
14:30:23 | INFO: Primitives created: 1
14:30:23 | WARNING: Mesh ranch_bank_3_147_1-colonly is not valid, and may be exported wrongly
14:30:23 | INFO: Extracting primitive: ranch_bank_3_147_1-colonly
14:30:23 | INFO: Primitives created: 1
14:30:23 | WARNING: Mesh ranch_bank_3_148_0-colonly is not valid, and may be exported wrongly
14:30:23 | INFO: Extracting primitive: ranch_bank_3_148_0-colonly
14:30:23 | INFO: Primitives created: 1
14:30:23 | WARNING: Mesh ranch_bank_3_148_1-colonly is not valid, and may be exported wrongly
14:30:23 | INFO: Extracting primitive: ranch_bank_3_148_1-colonly
14:30:23 | INFO: Primitives created: 1
14:30:23 | WARNING: Mesh ranch_bank_3_149_0-colonly is not valid, and may be exported wrongly
14:30:23 | INFO: Extracting primitive: ranch_bank_3_149_0-colonly
14:30:23 | INFO: Primitives created: 1
14:30:23 | WARNING: Mesh ranch_bank_3_149_1-colonly is not valid, and may be exported wrongly
14:30:23 | INFO: Extracting primitive: ranch_bank_3_149_1-colonly
14:30:23 | INFO: Primitives created: 1
14:30:23 | WARNING: Mesh ranch_bank_3_150_0-colonly is not valid, and may be exported wrongly
14:30:23 | INFO: Extracting primitive: ranch_bank_3_150_0-colonly
14:30:23 | INFO: Primitives created: 1
14:30:23 | WARNING: Mesh ranch_bank_3_150_1-colonly is not valid, and may be exported wrongly
14:30:23 | INFO: Extracting primitive: ranch_bank_3_150_1-colonly
14:30:23 | INFO: Primitives created: 1
14:30:23 | WARNING: Mesh ranch_bank_3_151_0-colonly is not valid, and may be exported wrongly
14:30:23 | INFO: Extracting primitive: ranch_bank_3_151_0-colonly
14:30:23 | INFO: Primitives created: 1
14:30:23 | WARNING: Mesh ranch_bank_3_151_1-colonly is not valid, and may be exported wrongly
14:30:23 | INFO: Extracting primitive: ranch_bank_3_151_1-colonly
14:30:23 | INFO: Primitives created: 1
14:30:23 | WARNING: Mesh ranch_bank_3_152_0-colonly is not valid, and may be exported wrongly
14:30:23 | INFO: Extracting primitive: ranch_bank_3_152_0-colonly
14:30:23 | INFO: Primitives created: 1
14:30:23 | WARNING: Mesh ranch_bank_3_152_1-colonly is not valid, and may be exported wrongly
14:30:23 | INFO: Extracting primitive: ranch_bank_3_152_1-colonly
14:30:23 | INFO: Primitives created: 1
14:30:23 | WARNING: Mesh ranch_bank_3_153_0-colonly is not valid, and may be exported wrongly
14:30:23 | INFO: Extracting primitive: ranch_bank_3_153_0-colonly
14:30:23 | INFO: Primitives created: 1
14:30:23 | WARNING: Mesh ranch_bank_3_153_1-colonly is not valid, and may be exported wrongly
14:30:23 | INFO: Extracting primitive: ranch_bank_3_153_1-colonly
14:30:23 | INFO: Primitives created: 1
14:30:23 | WARNING: Mesh ranch_bank_3_154_0-colonly is not valid, and may be exported wrongly
14:30:23 | INFO: Extracting primitive: ranch_bank_3_154_0-colonly
14:30:23 | INFO: Primitives created: 1
14:30:23 | WARNING: Mesh ranch_bank_3_154_1-colonly is not valid, and may be exported wrongly
14:30:23 | INFO: Extracting primitive: ranch_bank_3_154_1-colonly
14:30:23 | INFO: Primitives created: 1
14:30:23 | WARNING: Mesh ranch_bank_3_155_0-colonly is not valid, and may be exported wrongly
14:30:23 | INFO: Extracting primitive: ranch_bank_3_155_0-colonly
14:30:23 | INFO: Primitives created: 1
14:30:23 | WARNING: Mesh ranch_bank_3_155_1-colonly is not valid, and may be exported wrongly
14:30:23 | INFO: Extracting primitive: ranch_bank_3_155_1-colonly
14:30:23 | INFO: Primitives created: 1
14:30:23 | WARNING: Mesh ranch_bank_3_156_0-colonly is not valid, and may be exported wrongly
14:30:23 | INFO: Extracting primitive: ranch_bank_3_156_0-colonly
14:30:23 | INFO: Primitives created: 1
14:30:23 | WARNING: Mesh ranch_bank_3_156_1-colonly is not valid, and may be exported wrongly
14:30:23 | INFO: Extracting primitive: ranch_bank_3_156_1-colonly
14:30:23 | INFO: Primitives created: 1
14:30:23 | WARNING: Mesh ranch_bank_3_157_0-colonly is not valid, and may be exported wrongly
14:30:23 | INFO: Extracting primitive: ranch_bank_3_157_0-colonly
14:30:23 | INFO: Primitives created: 1
14:30:23 | WARNING: Mesh ranch_bank_3_157_1-colonly is not valid, and may be exported wrongly
14:30:23 | INFO: Extracting primitive: ranch_bank_3_157_1-colonly
14:30:23 | INFO: Primitives created: 1
14:30:23 | WARNING: Mesh ranch_bank_3_158_0-colonly is not valid, and may be exported wrongly
14:30:23 | INFO: Extracting primitive: ranch_bank_3_158_0-colonly
14:30:23 | INFO: Primitives created: 1
14:30:23 | WARNING: Mesh ranch_bank_3_158_1-colonly is not valid, and may be exported wrongly
14:30:23 | INFO: Extracting primitive: ranch_bank_3_158_1-colonly
14:30:23 | INFO: Primitives created: 1
14:30:23 | WARNING: Mesh ranch_bank_3_159_0-colonly is not valid, and may be exported wrongly
14:30:23 | INFO: Extracting primitive: ranch_bank_3_159_0-colonly
14:30:23 | INFO: Primitives created: 1
14:30:23 | WARNING: Mesh ranch_bank_3_159_1-colonly is not valid, and may be exported wrongly
14:30:23 | INFO: Extracting primitive: ranch_bank_3_159_1-colonly
14:30:23 | INFO: Primitives created: 1
14:30:23 | WARNING: Mesh ranch_bank_3_160_0-colonly is not valid, and may be exported wrongly
14:30:23 | INFO: Extracting primitive: ranch_bank_3_160_0-colonly
14:30:23 | INFO: Primitives created: 1
14:30:23 | WARNING: Mesh ranch_bank_3_160_1-colonly is not valid, and may be exported wrongly
14:30:23 | INFO: Extracting primitive: ranch_bank_3_160_1-colonly
14:30:23 | INFO: Primitives created: 1
14:30:23 | WARNING: Mesh ranch_bank_3_161_0-colonly is not valid, and may be exported wrongly
14:30:23 | INFO: Extracting primitive: ranch_bank_3_161_0-colonly
14:30:23 | INFO: Primitives created: 1
14:30:23 | WARNING: Mesh ranch_bank_3_161_1-colonly is not valid, and may be exported wrongly
14:30:23 | INFO: Extracting primitive: ranch_bank_3_161_1-colonly
14:30:23 | INFO: Primitives created: 1
14:30:23 | WARNING: Mesh ranch_bank_3_162_0-colonly is not valid, and may be exported wrongly
14:30:23 | INFO: Extracting primitive: ranch_bank_3_162_0-colonly
14:30:23 | INFO: Primitives created: 1
14:30:23 | WARNING: Mesh ranch_bank_3_162_1-colonly is not valid, and may be exported wrongly
14:30:23 | INFO: Extracting primitive: ranch_bank_3_162_1-colonly
14:30:23 | INFO: Primitives created: 1
14:30:23 | WARNING: Mesh ranch_bank_3_163_0-colonly is not valid, and may be exported wrongly
14:30:23 | INFO: Extracting primitive: ranch_bank_3_163_0-colonly
14:30:23 | INFO: Primitives created: 1
14:30:23 | WARNING: Mesh ranch_bank_3_163_1-colonly is not valid, and may be exported wrongly
14:30:23 | INFO: Extracting primitive: ranch_bank_3_163_1-colonly
14:30:23 | INFO: Primitives created: 1
14:30:23 | WARNING: Mesh ranch_bank_3_164_0-colonly is not valid, and may be exported wrongly
14:30:23 | INFO: Extracting primitive: ranch_bank_3_164_0-colonly
14:30:23 | INFO: Primitives created: 1
14:30:23 | WARNING: Mesh ranch_bank_3_164_1-colonly is not valid, and may be exported wrongly
14:30:23 | INFO: Extracting primitive: ranch_bank_3_164_1-colonly
14:30:23 | INFO: Primitives created: 1
14:30:23 | WARNING: Mesh ranch_bank_3_165_0-colonly is not valid, and may be exported wrongly
14:30:23 | INFO: Extracting primitive: ranch_bank_3_165_0-colonly
14:30:23 | INFO: Primitives created: 1
14:30:23 | WARNING: Mesh ranch_bank_3_165_1-colonly is not valid, and may be exported wrongly
14:30:23 | INFO: Extracting primitive: ranch_bank_3_165_1-colonly
14:30:23 | INFO: Primitives created: 1
14:30:23 | WARNING: Mesh ranch_bank_3_166_0-colonly is not valid, and may be exported wrongly
14:30:23 | INFO: Extracting primitive: ranch_bank_3_166_0-colonly
14:30:23 | INFO: Primitives created: 1
14:30:23 | WARNING: Mesh ranch_bank_3_166_1-colonly is not valid, and may be exported wrongly
14:30:23 | INFO: Extracting primitive: ranch_bank_3_166_1-colonly
14:30:23 | INFO: Primitives created: 1
14:30:23 | WARNING: Mesh ranch_bank_3_167_0-colonly is not valid, and may be exported wrongly
14:30:23 | INFO: Extracting primitive: ranch_bank_3_167_0-colonly
14:30:23 | INFO: Primitives created: 1
14:30:23 | WARNING: Mesh ranch_bank_3_167_1-colonly is not valid, and may be exported wrongly
14:30:23 | INFO: Extracting primitive: ranch_bank_3_167_1-colonly
14:30:23 | INFO: Primitives created: 1
14:30:23 | WARNING: Mesh ranch_bank_3_168_0-colonly is not valid, and may be exported wrongly
14:30:23 | INFO: Extracting primitive: ranch_bank_3_168_0-colonly
14:30:23 | INFO: Primitives created: 1
14:30:23 | WARNING: Mesh ranch_bank_3_168_1-colonly is not valid, and may be exported wrongly
14:30:23 | INFO: Extracting primitive: ranch_bank_3_168_1-colonly
14:30:23 | INFO: Primitives created: 1
14:30:23 | WARNING: Mesh ranch_bank_3_169_0-colonly is not valid, and may be exported wrongly
14:30:23 | INFO: Extracting primitive: ranch_bank_3_169_0-colonly
14:30:23 | INFO: Primitives created: 1
14:30:23 | WARNING: Mesh ranch_bank_3_169_1-colonly is not valid, and may be exported wrongly
14:30:23 | INFO: Extracting primitive: ranch_bank_3_169_1-colonly
14:30:23 | INFO: Primitives created: 1
14:30:23 | WARNING: Mesh ranch_bank_3_170_0-colonly is not valid, and may be exported wrongly
14:30:23 | INFO: Extracting primitive: ranch_bank_3_170_0-colonly
14:30:23 | INFO: Primitives created: 1
14:30:23 | WARNING: Mesh ranch_bank_3_170_1-colonly is not valid, and may be exported wrongly
14:30:23 | INFO: Extracting primitive: ranch_bank_3_170_1-colonly
14:30:23 | INFO: Primitives created: 1
14:30:23 | WARNING: Mesh ranch_bank_3_171_0-colonly is not valid, and may be exported wrongly
14:30:23 | INFO: Extracting primitive: ranch_bank_3_171_0-colonly
14:30:23 | INFO: Primitives created: 1
14:30:23 | WARNING: Mesh ranch_bank_3_171_1-colonly is not valid, and may be exported wrongly
14:30:23 | INFO: Extracting primitive: ranch_bank_3_171_1-colonly
14:30:23 | INFO: Primitives created: 1
14:30:23 | WARNING: Mesh ranch_bank_3_172_0-colonly is not valid, and may be exported wrongly
14:30:23 | INFO: Extracting primitive: ranch_bank_3_172_0-colonly
14:30:23 | INFO: Primitives created: 1
14:30:23 | WARNING: Mesh ranch_bank_3_172_1-colonly is not valid, and may be exported wrongly
14:30:23 | INFO: Extracting primitive: ranch_bank_3_172_1-colonly
14:30:23 | INFO: Primitives created: 1
14:30:23 | WARNING: Mesh ranch_bank_3_173_0-colonly is not valid, and may be exported wrongly
14:30:23 | INFO: Extracting primitive: ranch_bank_3_173_0-colonly
14:30:23 | INFO: Primitives created: 1
14:30:23 | WARNING: Mesh ranch_bank_3_173_1-colonly is not valid, and may be exported wrongly
14:30:23 | INFO: Extracting primitive: ranch_bank_3_173_1-colonly
14:30:23 | INFO: Primitives created: 1
14:30:23 | WARNING: Mesh ranch_bank_3_174_0-colonly is not valid, and may be exported wrongly
14:30:23 | INFO: Extracting primitive: ranch_bank_3_174_0-colonly
14:30:23 | INFO: Primitives created: 1
14:30:23 | WARNING: Mesh ranch_bank_3_174_1-colonly is not valid, and may be exported wrongly
14:30:23 | INFO: Extracting primitive: ranch_bank_3_174_1-colonly
14:30:23 | INFO: Primitives created: 1
14:30:23 | WARNING: Mesh ranch_bank_3_175_0-colonly is not valid, and may be exported wrongly
14:30:23 | INFO: Extracting primitive: ranch_bank_3_175_0-colonly
14:30:23 | INFO: Primitives created: 1
14:30:23 | WARNING: Mesh ranch_bank_3_175_1-colonly is not valid, and may be exported wrongly
14:30:23 | INFO: Extracting primitive: ranch_bank_3_175_1-colonly
14:30:23 | INFO: Primitives created: 1
14:30:23 | WARNING: Mesh ranch_bank_3_176_0-colonly is not valid, and may be exported wrongly
14:30:23 | INFO: Extracting primitive: ranch_bank_3_176_0-colonly
14:30:23 | INFO: Primitives created: 1
14:30:23 | WARNING: Mesh ranch_bank_3_176_1-colonly is not valid, and may be exported wrongly
14:30:23 | INFO: Extracting primitive: ranch_bank_3_176_1-colonly
14:30:23 | INFO: Primitives created: 1
14:30:23 | WARNING: Mesh ranch_bank_3_177_0-colonly is not valid, and may be exported wrongly
14:30:23 | INFO: Extracting primitive: ranch_bank_3_177_0-colonly
14:30:23 | INFO: Primitives created: 1
14:30:23 | WARNING: Mesh ranch_bank_3_177_1-colonly is not valid, and may be exported wrongly
14:30:23 | INFO: Extracting primitive: ranch_bank_3_177_1-colonly
14:30:23 | INFO: Primitives created: 1
14:30:23 | WARNING: Mesh ranch_bank_3_178_0-colonly is not valid, and may be exported wrongly
14:30:23 | INFO: Extracting primitive: ranch_bank_3_178_0-colonly
14:30:23 | INFO: Primitives created: 1
14:30:23 | WARNING: Mesh ranch_bank_3_178_1-colonly is not valid, and may be exported wrongly
14:30:23 | INFO: Extracting primitive: ranch_bank_3_178_1-colonly
14:30:23 | INFO: Primitives created: 1
14:30:23 | WARNING: Mesh ranch_bank_3_179_0-colonly is not valid, and may be exported wrongly
14:30:23 | INFO: Extracting primitive: ranch_bank_3_179_0-colonly
14:30:23 | INFO: Primitives created: 1
14:30:23 | WARNING: Mesh ranch_bank_3_179_1-colonly is not valid, and may be exported wrongly
14:30:23 | INFO: Extracting primitive: ranch_bank_3_179_1-colonly
14:30:23 | INFO: Primitives created: 1
14:30:23 | WARNING: Mesh ranch_bank_3_180_0-colonly is not valid, and may be exported wrongly
14:30:23 | INFO: Extracting primitive: ranch_bank_3_180_0-colonly
14:30:23 | INFO: Primitives created: 1
14:30:23 | WARNING: Mesh ranch_bank_3_180_1-colonly is not valid, and may be exported wrongly
14:30:23 | INFO: Extracting primitive: ranch_bank_3_180_1-colonly
14:30:23 | INFO: Primitives created: 1
14:30:23 | WARNING: Mesh ranch_bank_3_181_0-colonly is not valid, and may be exported wrongly
14:30:23 | INFO: Extracting primitive: ranch_bank_3_181_0-colonly
14:30:23 | INFO: Primitives created: 1
14:30:23 | WARNING: Mesh ranch_bank_3_181_1-colonly is not valid, and may be exported wrongly
14:30:23 | INFO: Extracting primitive: ranch_bank_3_181_1-colonly
14:30:23 | INFO: Primitives created: 1
14:30:23 | WARNING: Mesh ranch_bank_3_182_0-colonly is not valid, and may be exported wrongly
14:30:23 | INFO: Extracting primitive: ranch_bank_3_182_0-colonly
14:30:23 | INFO: Primitives created: 1
14:30:23 | WARNING: Mesh ranch_bank_3_182_1-colonly is not valid, and may be exported wrongly
14:30:23 | INFO: Extracting primitive: ranch_bank_3_182_1-colonly
14:30:23 | INFO: Primitives created: 1
14:30:23 | WARNING: Mesh ranch_bank_3_183_0-colonly is not valid, and may be exported wrongly
14:30:23 | INFO: Extracting primitive: ranch_bank_3_183_0-colonly
14:30:23 | INFO: Primitives created: 1
14:30:23 | WARNING: Mesh ranch_bank_3_183_1-colonly is not valid, and may be exported wrongly
14:30:23 | INFO: Extracting primitive: ranch_bank_3_183_1-colonly
14:30:23 | INFO: Primitives created: 1
14:30:23 | WARNING: Mesh ranch_bank_3_184_0-colonly is not valid, and may be exported wrongly
14:30:23 | INFO: Extracting primitive: ranch_bank_3_184_0-colonly
14:30:23 | INFO: Primitives created: 1
14:30:23 | WARNING: Mesh ranch_bank_3_184_1-colonly is not valid, and may be exported wrongly
14:30:23 | INFO: Extracting primitive: ranch_bank_3_184_1-colonly
14:30:23 | INFO: Primitives created: 1
14:30:23 | WARNING: Mesh ranch_bank_3_185_0-colonly is not valid, and may be exported wrongly
14:30:23 | INFO: Extracting primitive: ranch_bank_3_185_0-colonly
14:30:23 | INFO: Primitives created: 1
14:30:23 | WARNING: Mesh ranch_bank_3_185_1-colonly is not valid, and may be exported wrongly
14:30:23 | INFO: Extracting primitive: ranch_bank_3_185_1-colonly
14:30:23 | INFO: Primitives created: 1
14:30:23 | WARNING: Mesh ranch_bank_3_186_0-colonly is not valid, and may be exported wrongly
14:30:23 | INFO: Extracting primitive: ranch_bank_3_186_0-colonly
14:30:23 | INFO: Primitives created: 1
14:30:23 | WARNING: Mesh ranch_bank_3_186_1-colonly is not valid, and may be exported wrongly
14:30:23 | INFO: Extracting primitive: ranch_bank_3_186_1-colonly
14:30:23 | INFO: Primitives created: 1
14:30:23 | WARNING: Mesh ranch_bank_3_187_0-colonly is not valid, and may be exported wrongly
14:30:23 | INFO: Extracting primitive: ranch_bank_3_187_0-colonly
14:30:23 | INFO: Primitives created: 1
14:30:23 | WARNING: Mesh ranch_bank_3_187_1-colonly is not valid, and may be exported wrongly
14:30:23 | INFO: Extracting primitive: ranch_bank_3_187_1-colonly
14:30:23 | INFO: Primitives created: 1
14:30:23 | WARNING: Mesh ranch_bank_3_188_0-colonly is not valid, and may be exported wrongly
14:30:23 | INFO: Extracting primitive: ranch_bank_3_188_0-colonly
14:30:23 | INFO: Primitives created: 1
14:30:23 | WARNING: Mesh ranch_bank_3_188_1-colonly is not valid, and may be exported wrongly
14:30:23 | INFO: Extracting primitive: ranch_bank_3_188_1-colonly
14:30:23 | INFO: Primitives created: 1
14:30:23 | WARNING: Mesh ranch_bank_3_189_0-colonly is not valid, and may be exported wrongly
14:30:23 | INFO: Extracting primitive: ranch_bank_3_189_0-colonly
14:30:23 | INFO: Primitives created: 1
14:30:23 | WARNING: Mesh ranch_bank_3_189_1-colonly is not valid, and may be exported wrongly
14:30:23 | INFO: Extracting primitive: ranch_bank_3_189_1-colonly
14:30:23 | INFO: Primitives created: 1
14:30:23 | WARNING: Mesh ranch_bank_3_190_0-colonly is not valid, and may be exported wrongly
14:30:23 | INFO: Extracting primitive: ranch_bank_3_190_0-colonly
14:30:23 | INFO: Primitives created: 1
14:30:23 | WARNING: Mesh ranch_bank_3_190_1-colonly is not valid, and may be exported wrongly
14:30:23 | INFO: Extracting primitive: ranch_bank_3_190_1-colonly
14:30:23 | INFO: Primitives created: 1
14:30:23 | WARNING: Mesh ranch_bank_3_191_0-colonly is not valid, and may be exported wrongly
14:30:23 | INFO: Extracting primitive: ranch_bank_3_191_0-colonly
14:30:23 | INFO: Primitives created: 1
14:30:23 | WARNING: Mesh ranch_bank_3_191_1-colonly is not valid, and may be exported wrongly
14:30:23 | INFO: Extracting primitive: ranch_bank_3_191_1-colonly
14:30:23 | INFO: Primitives created: 1
14:30:23 | WARNING: Mesh ranch_bank_3_192_0-colonly is not valid, and may be exported wrongly
14:30:23 | INFO: Extracting primitive: ranch_bank_3_192_0-colonly
14:30:23 | INFO: Primitives created: 1
14:30:23 | WARNING: Mesh ranch_bank_3_192_1-colonly is not valid, and may be exported wrongly
14:30:23 | INFO: Extracting primitive: ranch_bank_3_192_1-colonly
14:30:23 | INFO: Primitives created: 1
14:30:23 | WARNING: Mesh ranch_bank_3_193_0-colonly is not valid, and may be exported wrongly
14:30:23 | INFO: Extracting primitive: ranch_bank_3_193_0-colonly
14:30:23 | INFO: Primitives created: 1
14:30:23 | WARNING: Mesh ranch_bank_3_193_1-colonly is not valid, and may be exported wrongly
14:30:23 | INFO: Extracting primitive: ranch_bank_3_193_1-colonly
14:30:23 | INFO: Primitives created: 1
14:30:23 | WARNING: Mesh ranch_bank_3_194_0-colonly is not valid, and may be exported wrongly
14:30:23 | INFO: Extracting primitive: ranch_bank_3_194_0-colonly
14:30:23 | INFO: Primitives created: 1
14:30:23 | WARNING: Mesh ranch_bank_3_194_1-colonly is not valid, and may be exported wrongly
14:30:23 | INFO: Extracting primitive: ranch_bank_3_194_1-colonly
14:30:23 | INFO: Primitives created: 1
14:30:23 | WARNING: Mesh ranch_bank_3_195_0-colonly is not valid, and may be exported wrongly
14:30:23 | INFO: Extracting primitive: ranch_bank_3_195_0-colonly
14:30:23 | INFO: Primitives created: 1
14:30:23 | WARNING: Mesh ranch_bank_3_195_1-colonly is not valid, and may be exported wrongly
14:30:23 | INFO: Extracting primitive: ranch_bank_3_195_1-colonly
14:30:23 | INFO: Primitives created: 1
14:30:23 | WARNING: Mesh ranch_bank_3_196_0-colonly is not valid, and may be exported wrongly
14:30:23 | INFO: Extracting primitive: ranch_bank_3_196_0-colonly
14:30:23 | INFO: Primitives created: 1
14:30:23 | WARNING: Mesh ranch_bank_3_196_1-colonly is not valid, and may be exported wrongly
14:30:23 | INFO: Extracting primitive: ranch_bank_3_196_1-colonly
14:30:23 | INFO: Primitives created: 1
14:30:23 | WARNING: Mesh ranch_bank_3_197_0-colonly is not valid, and may be exported wrongly
14:30:23 | INFO: Extracting primitive: ranch_bank_3_197_0-colonly
14:30:23 | INFO: Primitives created: 1
14:30:23 | WARNING: Mesh ranch_bank_3_197_1-colonly is not valid, and may be exported wrongly
14:30:23 | INFO: Extracting primitive: ranch_bank_3_197_1-colonly
14:30:23 | INFO: Primitives created: 1
14:30:23 | WARNING: Mesh ranch_bank_3_198_0-colonly is not valid, and may be exported wrongly
14:30:23 | INFO: Extracting primitive: ranch_bank_3_198_0-colonly
14:30:23 | INFO: Primitives created: 1
14:30:23 | WARNING: Mesh ranch_bank_3_198_1-colonly is not valid, and may be exported wrongly
14:30:23 | INFO: Extracting primitive: ranch_bank_3_198_1-colonly
14:30:23 | INFO: Primitives created: 1
14:30:23 | WARNING: Mesh ranch_bank_3_199_0-colonly is not valid, and may be exported wrongly
14:30:23 | INFO: Extracting primitive: ranch_bank_3_199_0-colonly
14:30:23 | INFO: Primitives created: 1
14:30:23 | WARNING: Mesh ranch_bank_3_199_1-colonly is not valid, and may be exported wrongly
14:30:23 | INFO: Extracting primitive: ranch_bank_3_199_1-colonly
14:30:23 | INFO: Primitives created: 1
14:30:23 | WARNING: Mesh ranch_bank_3_200_0-colonly is not valid, and may be exported wrongly
14:30:23 | INFO: Extracting primitive: ranch_bank_3_200_0-colonly
14:30:23 | INFO: Primitives created: 1
14:30:23 | WARNING: Mesh ranch_bank_3_200_1-colonly is not valid, and may be exported wrongly
14:30:23 | INFO: Extracting primitive: ranch_bank_3_200_1-colonly
14:30:23 | INFO: Primitives created: 1
14:30:23 | WARNING: Mesh ranch_bank_3_201_0-colonly is not valid, and may be exported wrongly
14:30:23 | INFO: Extracting primitive: ranch_bank_3_201_0-colonly
14:30:23 | INFO: Primitives created: 1
14:30:23 | WARNING: Mesh ranch_bank_3_201_1-colonly is not valid, and may be exported wrongly
14:30:23 | INFO: Extracting primitive: ranch_bank_3_201_1-colonly
14:30:23 | INFO: Primitives created: 1
14:30:23 | WARNING: Mesh ranch_bank_3_202_0-colonly is not valid, and may be exported wrongly
14:30:23 | INFO: Extracting primitive: ranch_bank_3_202_0-colonly
14:30:23 | INFO: Primitives created: 1
14:30:23 | WARNING: Mesh ranch_bank_3_202_1-colonly is not valid, and may be exported wrongly
14:30:23 | INFO: Extracting primitive: ranch_bank_3_202_1-colonly
14:30:23 | INFO: Primitives created: 1
14:30:23 | WARNING: Mesh ranch_bank_3_203_0-colonly is not valid, and may be exported wrongly
14:30:23 | INFO: Extracting primitive: ranch_bank_3_203_0-colonly
14:30:23 | INFO: Primitives created: 1
14:30:23 | WARNING: Mesh ranch_bank_3_203_1-colonly is not valid, and may be exported wrongly
14:30:23 | INFO: Extracting primitive: ranch_bank_3_203_1-colonly
14:30:23 | INFO: Primitives created: 1
14:30:23 | WARNING: Mesh ranch_bank_4_0_0-colonly is not valid, and may be exported wrongly
14:30:23 | INFO: Extracting primitive: ranch_bank_4_0_0-colonly
14:30:23 | INFO: Primitives created: 1
14:30:23 | WARNING: Mesh ranch_bank_4_0_1-colonly is not valid, and may be exported wrongly
14:30:23 | INFO: Extracting primitive: ranch_bank_4_0_1-colonly
14:30:23 | INFO: Primitives created: 1
14:30:23 | WARNING: Mesh ranch_bank_4_1_0-colonly is not valid, and may be exported wrongly
14:30:23 | INFO: Extracting primitive: ranch_bank_4_1_0-colonly
14:30:23 | INFO: Primitives created: 1
14:30:23 | WARNING: Mesh ranch_bank_4_1_1-colonly is not valid, and may be exported wrongly
14:30:23 | INFO: Extracting primitive: ranch_bank_4_1_1-colonly
14:30:23 | INFO: Primitives created: 1
14:30:23 | WARNING: Mesh ranch_bank_4_2_0-colonly is not valid, and may be exported wrongly
14:30:23 | INFO: Extracting primitive: ranch_bank_4_2_0-colonly
14:30:23 | INFO: Primitives created: 1
14:30:23 | WARNING: Mesh ranch_bank_4_2_1-colonly is not valid, and may be exported wrongly
14:30:23 | INFO: Extracting primitive: ranch_bank_4_2_1-colonly
14:30:23 | INFO: Primitives created: 1
14:30:23 | WARNING: Mesh ranch_bank_4_3_0-colonly is not valid, and may be exported wrongly
14:30:23 | INFO: Extracting primitive: ranch_bank_4_3_0-colonly
14:30:23 | INFO: Primitives created: 1
14:30:23 | WARNING: Mesh ranch_bank_4_3_1-colonly is not valid, and may be exported wrongly
14:30:23 | INFO: Extracting primitive: ranch_bank_4_3_1-colonly
14:30:23 | INFO: Primitives created: 1
14:30:23 | WARNING: Mesh ranch_bank_4_4_0-colonly is not valid, and may be exported wrongly
14:30:23 | INFO: Extracting primitive: ranch_bank_4_4_0-colonly
14:30:23 | INFO: Primitives created: 1
14:30:23 | WARNING: Mesh ranch_bank_4_4_1-colonly is not valid, and may be exported wrongly
14:30:23 | INFO: Extracting primitive: ranch_bank_4_4_1-colonly
14:30:23 | INFO: Primitives created: 1
14:30:23 | WARNING: Mesh ranch_bank_4_5_0-colonly is not valid, and may be exported wrongly
14:30:23 | INFO: Extracting primitive: ranch_bank_4_5_0-colonly
14:30:23 | INFO: Primitives created: 1
14:30:23 | WARNING: Mesh ranch_bank_4_5_1-colonly is not valid, and may be exported wrongly
14:30:23 | INFO: Extracting primitive: ranch_bank_4_5_1-colonly
14:30:23 | INFO: Primitives created: 1
14:30:23 | WARNING: Mesh ranch_bank_4_6_0-colonly is not valid, and may be exported wrongly
14:30:23 | INFO: Extracting primitive: ranch_bank_4_6_0-colonly
14:30:23 | INFO: Primitives created: 1
14:30:23 | WARNING: Mesh ranch_bank_4_6_1-colonly is not valid, and may be exported wrongly
14:30:23 | INFO: Extracting primitive: ranch_bank_4_6_1-colonly
14:30:23 | INFO: Primitives created: 1
14:30:23 | WARNING: Mesh ranch_bank_4_7_0-colonly is not valid, and may be exported wrongly
14:30:23 | INFO: Extracting primitive: ranch_bank_4_7_0-colonly
14:30:23 | INFO: Primitives created: 1
14:30:23 | WARNING: Mesh ranch_bank_4_7_1-colonly is not valid, and may be exported wrongly
14:30:23 | INFO: Extracting primitive: ranch_bank_4_7_1-colonly
14:30:23 | INFO: Primitives created: 1
14:30:23 | WARNING: Mesh ranch_bank_4_8_0-colonly is not valid, and may be exported wrongly
14:30:23 | INFO: Extracting primitive: ranch_bank_4_8_0-colonly
14:30:23 | INFO: Primitives created: 1
14:30:23 | WARNING: Mesh ranch_bank_4_8_1-colonly is not valid, and may be exported wrongly
14:30:23 | INFO: Extracting primitive: ranch_bank_4_8_1-colonly
14:30:23 | INFO: Primitives created: 1
14:30:23 | WARNING: Mesh ranch_bank_4_9_0-colonly is not valid, and may be exported wrongly
14:30:23 | INFO: Extracting primitive: ranch_bank_4_9_0-colonly
14:30:23 | INFO: Primitives created: 1
14:30:23 | WARNING: Mesh ranch_bank_4_9_1-colonly is not valid, and may be exported wrongly
14:30:23 | INFO: Extracting primitive: ranch_bank_4_9_1-colonly
14:30:23 | INFO: Primitives created: 1
14:30:23 | WARNING: Mesh ranch_bank_4_10_0-colonly is not valid, and may be exported wrongly
14:30:23 | INFO: Extracting primitive: ranch_bank_4_10_0-colonly
14:30:23 | INFO: Primitives created: 1
14:30:23 | WARNING: Mesh ranch_bank_4_10_1-colonly is not valid, and may be exported wrongly
14:30:23 | INFO: Extracting primitive: ranch_bank_4_10_1-colonly
14:30:23 | INFO: Primitives created: 1
14:30:23 | WARNING: Mesh ranch_bank_4_11_0-colonly is not valid, and may be exported wrongly
14:30:23 | INFO: Extracting primitive: ranch_bank_4_11_0-colonly
14:30:23 | INFO: Primitives created: 1
14:30:23 | WARNING: Mesh ranch_bank_4_11_1-colonly is not valid, and may be exported wrongly
14:30:23 | INFO: Extracting primitive: ranch_bank_4_11_1-colonly
14:30:23 | INFO: Primitives created: 1
14:30:23 | WARNING: Mesh ranch_bank_4_12_0-colonly is not valid, and may be exported wrongly
14:30:23 | INFO: Extracting primitive: ranch_bank_4_12_0-colonly
14:30:23 | INFO: Primitives created: 1
14:30:23 | WARNING: Mesh ranch_bank_4_12_1-colonly is not valid, and may be exported wrongly
14:30:23 | INFO: Extracting primitive: ranch_bank_4_12_1-colonly
14:30:23 | INFO: Primitives created: 1
14:30:23 | WARNING: Mesh ranch_bank_4_13_0-colonly is not valid, and may be exported wrongly
14:30:23 | INFO: Extracting primitive: ranch_bank_4_13_0-colonly
14:30:23 | INFO: Primitives created: 1
14:30:23 | WARNING: Mesh ranch_bank_4_13_1-colonly is not valid, and may be exported wrongly
14:30:23 | INFO: Extracting primitive: ranch_bank_4_13_1-colonly
14:30:23 | INFO: Primitives created: 1
14:30:23 | WARNING: Mesh ranch_bank_4_14_0-colonly is not valid, and may be exported wrongly
14:30:23 | INFO: Extracting primitive: ranch_bank_4_14_0-colonly
14:30:23 | INFO: Primitives created: 1
14:30:23 | WARNING: Mesh ranch_bank_4_14_1-colonly is not valid, and may be exported wrongly
14:30:23 | INFO: Extracting primitive: ranch_bank_4_14_1-colonly
14:30:23 | INFO: Primitives created: 1
14:30:23 | WARNING: Mesh ranch_bank_4_15_0-colonly is not valid, and may be exported wrongly
14:30:23 | INFO: Extracting primitive: ranch_bank_4_15_0-colonly
14:30:23 | INFO: Primitives created: 1
14:30:23 | WARNING: Mesh ranch_bank_4_15_1-colonly is not valid, and may be exported wrongly
14:30:23 | INFO: Extracting primitive: ranch_bank_4_15_1-colonly
14:30:23 | INFO: Primitives created: 1
14:30:23 | WARNING: Mesh ranch_bank_4_16_0-colonly is not valid, and may be exported wrongly
14:30:23 | INFO: Extracting primitive: ranch_bank_4_16_0-colonly
14:30:23 | INFO: Primitives created: 1
14:30:23 | WARNING: Mesh ranch_bank_4_16_1-colonly is not valid, and may be exported wrongly
14:30:23 | INFO: Extracting primitive: ranch_bank_4_16_1-colonly
14:30:23 | INFO: Primitives created: 1
14:30:23 | WARNING: Mesh ranch_bank_4_17_0-colonly is not valid, and may be exported wrongly
14:30:23 | INFO: Extracting primitive: ranch_bank_4_17_0-colonly
14:30:23 | INFO: Primitives created: 1
14:30:23 | WARNING: Mesh ranch_bank_4_17_1-colonly is not valid, and may be exported wrongly
14:30:23 | INFO: Extracting primitive: ranch_bank_4_17_1-colonly
14:30:23 | INFO: Primitives created: 1
14:30:23 | WARNING: Mesh ranch_bank_4_18_0-colonly is not valid, and may be exported wrongly
14:30:23 | INFO: Extracting primitive: ranch_bank_4_18_0-colonly
14:30:23 | INFO: Primitives created: 1
14:30:23 | WARNING: Mesh ranch_bank_4_18_1-colonly is not valid, and may be exported wrongly
14:30:23 | INFO: Extracting primitive: ranch_bank_4_18_1-colonly
14:30:23 | INFO: Primitives created: 1
14:30:23 | WARNING: Mesh ranch_bank_4_19_0-colonly is not valid, and may be exported wrongly
14:30:23 | INFO: Extracting primitive: ranch_bank_4_19_0-colonly
14:30:23 | INFO: Primitives created: 1
14:30:23 | WARNING: Mesh ranch_bank_4_19_1-colonly is not valid, and may be exported wrongly
14:30:23 | INFO: Extracting primitive: ranch_bank_4_19_1-colonly
14:30:23 | INFO: Primitives created: 1
14:30:23 | WARNING: Mesh ranch_bank_4_20_0-colonly is not valid, and may be exported wrongly
14:30:23 | INFO: Extracting primitive: ranch_bank_4_20_0-colonly
14:30:23 | INFO: Primitives created: 1
14:30:23 | WARNING: Mesh ranch_bank_4_20_1-colonly is not valid, and may be exported wrongly
14:30:23 | INFO: Extracting primitive: ranch_bank_4_20_1-colonly
14:30:23 | INFO: Primitives created: 1
14:30:23 | WARNING: Mesh ranch_bank_4_21_0-colonly is not valid, and may be exported wrongly
14:30:23 | INFO: Extracting primitive: ranch_bank_4_21_0-colonly
14:30:23 | INFO: Primitives created: 1
14:30:23 | WARNING: Mesh ranch_bank_4_21_1-colonly is not valid, and may be exported wrongly
14:30:23 | INFO: Extracting primitive: ranch_bank_4_21_1-colonly
14:30:23 | INFO: Primitives created: 1
14:30:23 | WARNING: Mesh ranch_bank_4_22_0-colonly is not valid, and may be exported wrongly
14:30:23 | INFO: Extracting primitive: ranch_bank_4_22_0-colonly
14:30:23 | INFO: Primitives created: 1
14:30:23 | WARNING: Mesh ranch_bank_4_22_1-colonly is not valid, and may be exported wrongly
14:30:23 | INFO: Extracting primitive: ranch_bank_4_22_1-colonly
14:30:23 | INFO: Primitives created: 1
14:30:23 | WARNING: Mesh ranch_bank_4_23_0-colonly is not valid, and may be exported wrongly
14:30:23 | INFO: Extracting primitive: ranch_bank_4_23_0-colonly
14:30:23 | INFO: Primitives created: 1
14:30:23 | WARNING: Mesh ranch_bank_4_23_1-colonly is not valid, and may be exported wrongly
14:30:23 | INFO: Extracting primitive: ranch_bank_4_23_1-colonly
14:30:23 | INFO: Primitives created: 1
14:30:23 | WARNING: Mesh ranch_bank_4_24_0-colonly is not valid, and may be exported wrongly
14:30:23 | INFO: Extracting primitive: ranch_bank_4_24_0-colonly
14:30:23 | INFO: Primitives created: 1
14:30:23 | WARNING: Mesh ranch_bank_4_24_1-colonly is not valid, and may be exported wrongly
14:30:23 | INFO: Extracting primitive: ranch_bank_4_24_1-colonly
14:30:23 | INFO: Primitives created: 1
14:30:23 | WARNING: Mesh ranch_bank_4_25_0-colonly is not valid, and may be exported wrongly
14:30:23 | INFO: Extracting primitive: ranch_bank_4_25_0-colonly
14:30:23 | INFO: Primitives created: 1
14:30:23 | WARNING: Mesh ranch_bank_4_25_1-colonly is not valid, and may be exported wrongly
14:30:23 | INFO: Extracting primitive: ranch_bank_4_25_1-colonly
14:30:23 | INFO: Primitives created: 1
14:30:23 | WARNING: Mesh ranch_bank_4_26_0-colonly is not valid, and may be exported wrongly
14:30:23 | INFO: Extracting primitive: ranch_bank_4_26_0-colonly
14:30:23 | INFO: Primitives created: 1
14:30:23 | WARNING: Mesh ranch_bank_4_26_1-colonly is not valid, and may be exported wrongly
14:30:23 | INFO: Extracting primitive: ranch_bank_4_26_1-colonly
14:30:23 | INFO: Primitives created: 1
14:30:23 | WARNING: Mesh ranch_bank_4_27_0-colonly is not valid, and may be exported wrongly
14:30:23 | INFO: Extracting primitive: ranch_bank_4_27_0-colonly
14:30:23 | INFO: Primitives created: 1
14:30:23 | WARNING: Mesh ranch_bank_4_27_1-colonly is not valid, and may be exported wrongly
14:30:23 | INFO: Extracting primitive: ranch_bank_4_27_1-colonly
14:30:23 | INFO: Primitives created: 1
14:30:23 | WARNING: Mesh ranch_bank_4_28_0-colonly is not valid, and may be exported wrongly
14:30:23 | INFO: Extracting primitive: ranch_bank_4_28_0-colonly
14:30:23 | INFO: Primitives created: 1
14:30:23 | WARNING: Mesh ranch_bank_4_28_1-colonly is not valid, and may be exported wrongly
14:30:23 | INFO: Extracting primitive: ranch_bank_4_28_1-colonly
14:30:23 | INFO: Primitives created: 1
14:30:23 | WARNING: Mesh ranch_bank_4_29_0-colonly is not valid, and may be exported wrongly
14:30:23 | INFO: Extracting primitive: ranch_bank_4_29_0-colonly
14:30:23 | INFO: Primitives created: 1
14:30:23 | WARNING: Mesh ranch_bank_4_29_1-colonly is not valid, and may be exported wrongly
14:30:23 | INFO: Extracting primitive: ranch_bank_4_29_1-colonly
14:30:23 | INFO: Primitives created: 1
14:30:23 | WARNING: Mesh ranch_bank_4_30_0-colonly is not valid, and may be exported wrongly
14:30:23 | INFO: Extracting primitive: ranch_bank_4_30_0-colonly
14:30:23 | INFO: Primitives created: 1
14:30:23 | WARNING: Mesh ranch_bank_4_30_1-colonly is not valid, and may be exported wrongly
14:30:23 | INFO: Extracting primitive: ranch_bank_4_30_1-colonly
14:30:23 | INFO: Primitives created: 1
14:30:23 | WARNING: Mesh ranch_bank_4_31_0-colonly is not valid, and may be exported wrongly
14:30:23 | INFO: Extracting primitive: ranch_bank_4_31_0-colonly
14:30:23 | INFO: Primitives created: 1
14:30:23 | WARNING: Mesh ranch_bank_4_31_1-colonly is not valid, and may be exported wrongly
14:30:23 | INFO: Extracting primitive: ranch_bank_4_31_1-colonly
14:30:23 | INFO: Primitives created: 1
14:30:23 | WARNING: Mesh ranch_bank_4_32_0-colonly is not valid, and may be exported wrongly
14:30:23 | INFO: Extracting primitive: ranch_bank_4_32_0-colonly
14:30:23 | INFO: Primitives created: 1
14:30:23 | WARNING: Mesh ranch_bank_4_32_1-colonly is not valid, and may be exported wrongly
14:30:23 | INFO: Extracting primitive: ranch_bank_4_32_1-colonly
14:30:23 | INFO: Primitives created: 1
14:30:23 | WARNING: Mesh ranch_bank_4_33_0-colonly is not valid, and may be exported wrongly
14:30:23 | INFO: Extracting primitive: ranch_bank_4_33_0-colonly
14:30:23 | INFO: Primitives created: 1
14:30:23 | WARNING: Mesh ranch_bank_4_33_1-colonly is not valid, and may be exported wrongly
14:30:23 | INFO: Extracting primitive: ranch_bank_4_33_1-colonly
14:30:23 | INFO: Primitives created: 1
14:30:23 | WARNING: Mesh ranch_bank_4_34_0-colonly is not valid, and may be exported wrongly
14:30:23 | INFO: Extracting primitive: ranch_bank_4_34_0-colonly
14:30:23 | INFO: Primitives created: 1
14:30:23 | WARNING: Mesh ranch_bank_4_34_1-colonly is not valid, and may be exported wrongly
14:30:23 | INFO: Extracting primitive: ranch_bank_4_34_1-colonly
14:30:23 | INFO: Primitives created: 1
14:30:23 | WARNING: Mesh ranch_bank_4_35_0-colonly is not valid, and may be exported wrongly
14:30:23 | INFO: Extracting primitive: ranch_bank_4_35_0-colonly
14:30:23 | INFO: Primitives created: 1
14:30:23 | WARNING: Mesh ranch_bank_4_35_1-colonly is not valid, and may be exported wrongly
14:30:23 | INFO: Extracting primitive: ranch_bank_4_35_1-colonly
14:30:23 | INFO: Primitives created: 1
14:30:23 | WARNING: Mesh ranch_bank_4_36_0-colonly is not valid, and may be exported wrongly
14:30:23 | INFO: Extracting primitive: ranch_bank_4_36_0-colonly
14:30:23 | INFO: Primitives created: 1
14:30:23 | WARNING: Mesh ranch_bank_4_36_1-colonly is not valid, and may be exported wrongly
14:30:23 | INFO: Extracting primitive: ranch_bank_4_36_1-colonly
14:30:23 | INFO: Primitives created: 1
14:30:23 | WARNING: Mesh ranch_bank_4_37_0-colonly is not valid, and may be exported wrongly
14:30:23 | INFO: Extracting primitive: ranch_bank_4_37_0-colonly
14:30:23 | INFO: Primitives created: 1
14:30:23 | WARNING: Mesh ranch_bank_4_37_1-colonly is not valid, and may be exported wrongly
14:30:23 | INFO: Extracting primitive: ranch_bank_4_37_1-colonly
14:30:23 | INFO: Primitives created: 1
14:30:23 | WARNING: Mesh ranch_bank_4_38_0-colonly is not valid, and may be exported wrongly
14:30:23 | INFO: Extracting primitive: ranch_bank_4_38_0-colonly
14:30:23 | INFO: Primitives created: 1
14:30:23 | WARNING: Mesh ranch_bank_4_38_1-colonly is not valid, and may be exported wrongly
14:30:23 | INFO: Extracting primitive: ranch_bank_4_38_1-colonly
14:30:23 | INFO: Primitives created: 1
14:30:23 | WARNING: Mesh ranch_bank_4_39_0-colonly is not valid, and may be exported wrongly
14:30:23 | INFO: Extracting primitive: ranch_bank_4_39_0-colonly
14:30:23 | INFO: Primitives created: 1
14:30:23 | WARNING: Mesh ranch_bank_4_39_1-colonly is not valid, and may be exported wrongly
14:30:23 | INFO: Extracting primitive: ranch_bank_4_39_1-colonly
14:30:23 | INFO: Primitives created: 1
14:30:23 | WARNING: Mesh ranch_bank_4_40_0-colonly is not valid, and may be exported wrongly
14:30:23 | INFO: Extracting primitive: ranch_bank_4_40_0-colonly
14:30:23 | INFO: Primitives created: 1
14:30:23 | WARNING: Mesh ranch_bank_4_40_1-colonly is not valid, and may be exported wrongly
14:30:23 | INFO: Extracting primitive: ranch_bank_4_40_1-colonly
14:30:23 | INFO: Primitives created: 1
14:30:23 | WARNING: Mesh ranch_bank_4_41_0-colonly is not valid, and may be exported wrongly
14:30:23 | INFO: Extracting primitive: ranch_bank_4_41_0-colonly
14:30:23 | INFO: Primitives created: 1
14:30:23 | WARNING: Mesh ranch_bank_4_41_1-colonly is not valid, and may be exported wrongly
14:30:23 | INFO: Extracting primitive: ranch_bank_4_41_1-colonly
14:30:23 | INFO: Primitives created: 1
14:30:23 | WARNING: Mesh ranch_bank_4_42_0-colonly is not valid, and may be exported wrongly
14:30:23 | INFO: Extracting primitive: ranch_bank_4_42_0-colonly
14:30:23 | INFO: Primitives created: 1
14:30:23 | WARNING: Mesh ranch_bank_4_42_1-colonly is not valid, and may be exported wrongly
14:30:23 | INFO: Extracting primitive: ranch_bank_4_42_1-colonly
14:30:23 | INFO: Primitives created: 1
14:30:23 | WARNING: Mesh ranch_bank_4_43_0-colonly is not valid, and may be exported wrongly
14:30:23 | INFO: Extracting primitive: ranch_bank_4_43_0-colonly
14:30:23 | INFO: Primitives created: 1
14:30:23 | WARNING: Mesh ranch_bank_4_43_1-colonly is not valid, and may be exported wrongly
14:30:23 | INFO: Extracting primitive: ranch_bank_4_43_1-colonly
14:30:23 | INFO: Primitives created: 1
14:30:23 | WARNING: Mesh ranch_bank_4_44_0-colonly is not valid, and may be exported wrongly
14:30:23 | INFO: Extracting primitive: ranch_bank_4_44_0-colonly
14:30:23 | INFO: Primitives created: 1
14:30:23 | WARNING: Mesh ranch_bank_4_44_1-colonly is not valid, and may be exported wrongly
14:30:23 | INFO: Extracting primitive: ranch_bank_4_44_1-colonly
14:30:23 | INFO: Primitives created: 1
14:30:23 | WARNING: Mesh ranch_bank_4_45_0-colonly is not valid, and may be exported wrongly
14:30:23 | INFO: Extracting primitive: ranch_bank_4_45_0-colonly
14:30:23 | INFO: Primitives created: 1
14:30:23 | WARNING: Mesh ranch_bank_4_45_1-colonly is not valid, and may be exported wrongly
14:30:23 | INFO: Extracting primitive: ranch_bank_4_45_1-colonly
14:30:23 | INFO: Primitives created: 1
14:30:23 | WARNING: Mesh ranch_bank_4_46_0-colonly is not valid, and may be exported wrongly
14:30:23 | INFO: Extracting primitive: ranch_bank_4_46_0-colonly
14:30:23 | INFO: Primitives created: 1
14:30:23 | WARNING: Mesh ranch_bank_4_46_1-colonly is not valid, and may be exported wrongly
14:30:23 | INFO: Extracting primitive: ranch_bank_4_46_1-colonly
14:30:23 | INFO: Primitives created: 1
14:30:23 | WARNING: Mesh ranch_bank_4_47_0-colonly is not valid, and may be exported wrongly
14:30:23 | INFO: Extracting primitive: ranch_bank_4_47_0-colonly
14:30:23 | INFO: Primitives created: 1
14:30:23 | WARNING: Mesh ranch_bank_4_47_1-colonly is not valid, and may be exported wrongly
14:30:23 | INFO: Extracting primitive: ranch_bank_4_47_1-colonly
14:30:23 | INFO: Primitives created: 1
14:30:23 | WARNING: Mesh ranch_bank_4_48_0-colonly is not valid, and may be exported wrongly
14:30:23 | INFO: Extracting primitive: ranch_bank_4_48_0-colonly
14:30:23 | INFO: Primitives created: 1
14:30:23 | WARNING: Mesh ranch_bank_4_48_1-colonly is not valid, and may be exported wrongly
14:30:23 | INFO: Extracting primitive: ranch_bank_4_48_1-colonly
14:30:23 | INFO: Primitives created: 1
14:30:23 | WARNING: Mesh ranch_bank_4_49_0-colonly is not valid, and may be exported wrongly
14:30:23 | INFO: Extracting primitive: ranch_bank_4_49_0-colonly
14:30:23 | INFO: Primitives created: 1
14:30:23 | WARNING: Mesh ranch_bank_4_49_1-colonly is not valid, and may be exported wrongly
14:30:23 | INFO: Extracting primitive: ranch_bank_4_49_1-colonly
14:30:23 | INFO: Primitives created: 1
14:30:23 | WARNING: Mesh ranch_bank_4_50_0-colonly is not valid, and may be exported wrongly
14:30:23 | INFO: Extracting primitive: ranch_bank_4_50_0-colonly
14:30:23 | INFO: Primitives created: 1
14:30:23 | WARNING: Mesh ranch_bank_4_50_1-colonly is not valid, and may be exported wrongly
14:30:23 | INFO: Extracting primitive: ranch_bank_4_50_1-colonly
14:30:23 | INFO: Primitives created: 1
14:30:23 | WARNING: Mesh ranch_bank_4_51_0-colonly is not valid, and may be exported wrongly
14:30:23 | INFO: Extracting primitive: ranch_bank_4_51_0-colonly
14:30:23 | INFO: Primitives created: 1
14:30:23 | WARNING: Mesh ranch_bank_4_51_1-colonly is not valid, and may be exported wrongly
14:30:23 | INFO: Extracting primitive: ranch_bank_4_51_1-colonly
14:30:23 | INFO: Primitives created: 1
14:30:23 | WARNING: Mesh ranch_bank_4_52_0-colonly is not valid, and may be exported wrongly
14:30:23 | INFO: Extracting primitive: ranch_bank_4_52_0-colonly
14:30:23 | INFO: Primitives created: 1
14:30:23 | WARNING: Mesh ranch_bank_4_52_1-colonly is not valid, and may be exported wrongly
14:30:23 | INFO: Extracting primitive: ranch_bank_4_52_1-colonly
14:30:23 | INFO: Primitives created: 1
14:30:23 | WARNING: Mesh ranch_bank_4_53_0-colonly is not valid, and may be exported wrongly
14:30:23 | INFO: Extracting primitive: ranch_bank_4_53_0-colonly
14:30:23 | INFO: Primitives created: 1
14:30:23 | WARNING: Mesh ranch_bank_4_53_1-colonly is not valid, and may be exported wrongly
14:30:23 | INFO: Extracting primitive: ranch_bank_4_53_1-colonly
14:30:23 | INFO: Primitives created: 1
14:30:23 | WARNING: Mesh ranch_bank_4_54_0-colonly is not valid, and may be exported wrongly
14:30:23 | INFO: Extracting primitive: ranch_bank_4_54_0-colonly
14:30:23 | INFO: Primitives created: 1
14:30:23 | WARNING: Mesh ranch_bank_4_54_1-colonly is not valid, and may be exported wrongly
14:30:23 | INFO: Extracting primitive: ranch_bank_4_54_1-colonly
14:30:23 | INFO: Primitives created: 1
14:30:23 | WARNING: Mesh ranch_bank_4_55_0-colonly is not valid, and may be exported wrongly
14:30:23 | INFO: Extracting primitive: ranch_bank_4_55_0-colonly
14:30:23 | INFO: Primitives created: 1
14:30:23 | WARNING: Mesh ranch_bank_4_55_1-colonly is not valid, and may be exported wrongly
14:30:23 | INFO: Extracting primitive: ranch_bank_4_55_1-colonly
14:30:23 | INFO: Primitives created: 1
14:30:23 | WARNING: Mesh ranch_bank_4_56_0-colonly is not valid, and may be exported wrongly
14:30:23 | INFO: Extracting primitive: ranch_bank_4_56_0-colonly
14:30:23 | INFO: Primitives created: 1
14:30:23 | WARNING: Mesh ranch_bank_4_56_1-colonly is not valid, and may be exported wrongly
14:30:23 | INFO: Extracting primitive: ranch_bank_4_56_1-colonly
14:30:23 | INFO: Primitives created: 1
14:30:23 | WARNING: Mesh ranch_bank_4_57_0-colonly is not valid, and may be exported wrongly
14:30:23 | INFO: Extracting primitive: ranch_bank_4_57_0-colonly
14:30:23 | INFO: Primitives created: 1
14:30:23 | WARNING: Mesh ranch_bank_4_57_1-colonly is not valid, and may be exported wrongly
14:30:23 | INFO: Extracting primitive: ranch_bank_4_57_1-colonly
14:30:23 | INFO: Primitives created: 1
14:30:23 | WARNING: Mesh ranch_bank_4_58_0-colonly is not valid, and may be exported wrongly
14:30:23 | INFO: Extracting primitive: ranch_bank_4_58_0-colonly
14:30:23 | INFO: Primitives created: 1
14:30:23 | WARNING: Mesh ranch_bank_4_58_1-colonly is not valid, and may be exported wrongly
14:30:23 | INFO: Extracting primitive: ranch_bank_4_58_1-colonly
14:30:23 | INFO: Primitives created: 1
14:30:23 | WARNING: Mesh ranch_bank_4_59_0-colonly is not valid, and may be exported wrongly
14:30:23 | INFO: Extracting primitive: ranch_bank_4_59_0-colonly
14:30:23 | INFO: Primitives created: 1
14:30:23 | WARNING: Mesh ranch_bank_4_59_1-colonly is not valid, and may be exported wrongly
14:30:23 | INFO: Extracting primitive: ranch_bank_4_59_1-colonly
14:30:23 | INFO: Primitives created: 1
14:30:23 | WARNING: Mesh ranch_bank_4_60_0-colonly is not valid, and may be exported wrongly
14:30:23 | INFO: Extracting primitive: ranch_bank_4_60_0-colonly
14:30:23 | INFO: Primitives created: 1
14:30:23 | WARNING: Mesh ranch_bank_4_60_1-colonly is not valid, and may be exported wrongly
14:30:23 | INFO: Extracting primitive: ranch_bank_4_60_1-colonly
14:30:23 | INFO: Primitives created: 1
14:30:23 | WARNING: Mesh ranch_bank_4_61_0-colonly is not valid, and may be exported wrongly
14:30:23 | INFO: Extracting primitive: ranch_bank_4_61_0-colonly
14:30:23 | INFO: Primitives created: 1
14:30:23 | WARNING: Mesh ranch_bank_4_61_1-colonly is not valid, and may be exported wrongly
14:30:23 | INFO: Extracting primitive: ranch_bank_4_61_1-colonly
14:30:23 | INFO: Primitives created: 1
14:30:23 | WARNING: Mesh ranch_bank_4_62_0-colonly is not valid, and may be exported wrongly
14:30:23 | INFO: Extracting primitive: ranch_bank_4_62_0-colonly
14:30:23 | INFO: Primitives created: 1
14:30:23 | WARNING: Mesh ranch_bank_4_62_1-colonly is not valid, and may be exported wrongly
14:30:23 | INFO: Extracting primitive: ranch_bank_4_62_1-colonly
14:30:23 | INFO: Primitives created: 1
14:30:23 | WARNING: Mesh ranch_bank_4_63_0-colonly is not valid, and may be exported wrongly
14:30:23 | INFO: Extracting primitive: ranch_bank_4_63_0-colonly
14:30:23 | INFO: Primitives created: 1
14:30:23 | WARNING: Mesh ranch_bank_4_63_1-colonly is not valid, and may be exported wrongly
14:30:23 | INFO: Extracting primitive: ranch_bank_4_63_1-colonly
14:30:23 | INFO: Primitives created: 1
14:30:23 | WARNING: Mesh ranch_bank_4_74_0-colonly is not valid, and may be exported wrongly
14:30:23 | INFO: Extracting primitive: ranch_bank_4_74_0-colonly
14:30:23 | INFO: Primitives created: 1
14:30:23 | WARNING: Mesh ranch_bank_4_74_1-colonly is not valid, and may be exported wrongly
14:30:23 | INFO: Extracting primitive: ranch_bank_4_74_1-colonly
14:30:23 | INFO: Primitives created: 1
14:30:23 | WARNING: Mesh ranch_bank_4_75_0-colonly is not valid, and may be exported wrongly
14:30:23 | INFO: Extracting primitive: ranch_bank_4_75_0-colonly
14:30:23 | INFO: Primitives created: 1
14:30:23 | WARNING: Mesh ranch_bank_4_75_1-colonly is not valid, and may be exported wrongly
14:30:23 | INFO: Extracting primitive: ranch_bank_4_75_1-colonly
14:30:23 | INFO: Primitives created: 1
14:30:23 | WARNING: Mesh ranch_bank_4_76_0-colonly is not valid, and may be exported wrongly
14:30:23 | INFO: Extracting primitive: ranch_bank_4_76_0-colonly
14:30:23 | INFO: Primitives created: 1
14:30:23 | WARNING: Mesh ranch_bank_4_76_1-colonly is not valid, and may be exported wrongly
14:30:23 | INFO: Extracting primitive: ranch_bank_4_76_1-colonly
14:30:23 | INFO: Primitives created: 1
14:30:23 | WARNING: Mesh ranch_bank_4_77_0-colonly is not valid, and may be exported wrongly
14:30:23 | INFO: Extracting primitive: ranch_bank_4_77_0-colonly
14:30:23 | INFO: Primitives created: 1
14:30:23 | WARNING: Mesh ranch_bank_4_77_1-colonly is not valid, and may be exported wrongly
14:30:23 | INFO: Extracting primitive: ranch_bank_4_77_1-colonly
14:30:23 | INFO: Primitives created: 1
14:30:23 | WARNING: Mesh ranch_bank_4_78_0-colonly is not valid, and may be exported wrongly
14:30:23 | INFO: Extracting primitive: ranch_bank_4_78_0-colonly
14:30:23 | INFO: Primitives created: 1
14:30:23 | WARNING: Mesh ranch_bank_4_78_1-colonly is not valid, and may be exported wrongly
14:30:23 | INFO: Extracting primitive: ranch_bank_4_78_1-colonly
14:30:23 | INFO: Primitives created: 1
14:30:23 | WARNING: Mesh ranch_bank_4_79_0-colonly is not valid, and may be exported wrongly
14:30:23 | INFO: Extracting primitive: ranch_bank_4_79_0-colonly
14:30:23 | INFO: Primitives created: 1
14:30:23 | WARNING: Mesh ranch_bank_4_79_1-colonly is not valid, and may be exported wrongly
14:30:23 | INFO: Extracting primitive: ranch_bank_4_79_1-colonly
14:30:23 | INFO: Primitives created: 1
14:30:23 | WARNING: Mesh ranch_bank_4_80_0-colonly is not valid, and may be exported wrongly
14:30:23 | INFO: Extracting primitive: ranch_bank_4_80_0-colonly
14:30:23 | INFO: Primitives created: 1
14:30:23 | WARNING: Mesh ranch_bank_4_80_1-colonly is not valid, and may be exported wrongly
14:30:23 | INFO: Extracting primitive: ranch_bank_4_80_1-colonly
14:30:23 | INFO: Primitives created: 1
14:30:23 | WARNING: Mesh ranch_bank_4_81_0-colonly is not valid, and may be exported wrongly
14:30:23 | INFO: Extracting primitive: ranch_bank_4_81_0-colonly
14:30:23 | INFO: Primitives created: 1
14:30:23 | WARNING: Mesh ranch_bank_4_81_1-colonly is not valid, and may be exported wrongly
14:30:23 | INFO: Extracting primitive: ranch_bank_4_81_1-colonly
14:30:23 | INFO: Primitives created: 1
14:30:23 | WARNING: Mesh ranch_bank_4_82_0-colonly is not valid, and may be exported wrongly
14:30:23 | INFO: Extracting primitive: ranch_bank_4_82_0-colonly
14:30:23 | INFO: Primitives created: 1
14:30:23 | WARNING: Mesh ranch_bank_4_82_1-colonly is not valid, and may be exported wrongly
14:30:23 | INFO: Extracting primitive: ranch_bank_4_82_1-colonly
14:30:23 | INFO: Primitives created: 1
14:30:23 | WARNING: Mesh ranch_bank_4_83_0-colonly is not valid, and may be exported wrongly
14:30:23 | INFO: Extracting primitive: ranch_bank_4_83_0-colonly
14:30:23 | INFO: Primitives created: 1
14:30:23 | WARNING: Mesh ranch_bank_4_83_1-colonly is not valid, and may be exported wrongly
14:30:23 | INFO: Extracting primitive: ranch_bank_4_83_1-colonly
14:30:23 | INFO: Primitives created: 1
14:30:23 | WARNING: Mesh ranch_bank_4_84_0-colonly is not valid, and may be exported wrongly
14:30:23 | INFO: Extracting primitive: ranch_bank_4_84_0-colonly
14:30:23 | INFO: Primitives created: 1
14:30:23 | WARNING: Mesh ranch_bank_4_84_1-colonly is not valid, and may be exported wrongly
14:30:23 | INFO: Extracting primitive: ranch_bank_4_84_1-colonly
14:30:23 | INFO: Primitives created: 1
14:30:23 | WARNING: Mesh ranch_bank_4_85_0-colonly is not valid, and may be exported wrongly
14:30:23 | INFO: Extracting primitive: ranch_bank_4_85_0-colonly
14:30:23 | INFO: Primitives created: 1
14:30:23 | WARNING: Mesh ranch_bank_4_85_1-colonly is not valid, and may be exported wrongly
14:30:23 | INFO: Extracting primitive: ranch_bank_4_85_1-colonly
14:30:23 | INFO: Primitives created: 1
14:30:23 | WARNING: Mesh ranch_bank_4_86_0-colonly is not valid, and may be exported wrongly
14:30:23 | INFO: Extracting primitive: ranch_bank_4_86_0-colonly
14:30:23 | INFO: Primitives created: 1
14:30:23 | WARNING: Mesh ranch_bank_4_86_1-colonly is not valid, and may be exported wrongly
14:30:23 | INFO: Extracting primitive: ranch_bank_4_86_1-colonly
14:30:23 | INFO: Primitives created: 1
14:30:23 | WARNING: Mesh ranch_bank_4_87_0-colonly is not valid, and may be exported wrongly
14:30:23 | INFO: Extracting primitive: ranch_bank_4_87_0-colonly
14:30:23 | INFO: Primitives created: 1
14:30:23 | WARNING: Mesh ranch_bank_4_87_1-colonly is not valid, and may be exported wrongly
14:30:23 | INFO: Extracting primitive: ranch_bank_4_87_1-colonly
14:30:23 | INFO: Primitives created: 1
14:30:23 | WARNING: Mesh ranch_bank_4_88_0-colonly is not valid, and may be exported wrongly
14:30:23 | INFO: Extracting primitive: ranch_bank_4_88_0-colonly
14:30:23 | INFO: Primitives created: 1
14:30:23 | WARNING: Mesh ranch_bank_4_88_1-colonly is not valid, and may be exported wrongly
14:30:23 | INFO: Extracting primitive: ranch_bank_4_88_1-colonly
14:30:23 | INFO: Primitives created: 1
14:30:23 | WARNING: Mesh ranch_bank_4_89_0-colonly is not valid, and may be exported wrongly
14:30:23 | INFO: Extracting primitive: ranch_bank_4_89_0-colonly
14:30:23 | INFO: Primitives created: 1
14:30:23 | WARNING: Mesh ranch_bank_4_89_1-colonly is not valid, and may be exported wrongly
14:30:23 | INFO: Extracting primitive: ranch_bank_4_89_1-colonly
14:30:23 | INFO: Primitives created: 1
14:30:23 | WARNING: Mesh ranch_bank_4_90_0-colonly is not valid, and may be exported wrongly
14:30:23 | INFO: Extracting primitive: ranch_bank_4_90_0-colonly
14:30:23 | INFO: Primitives created: 1
14:30:23 | WARNING: Mesh ranch_bank_4_90_1-colonly is not valid, and may be exported wrongly
14:30:23 | INFO: Extracting primitive: ranch_bank_4_90_1-colonly
14:30:23 | INFO: Primitives created: 1
14:30:23 | WARNING: Mesh ranch_bank_4_91_0-colonly is not valid, and may be exported wrongly
14:30:23 | INFO: Extracting primitive: ranch_bank_4_91_0-colonly
14:30:23 | INFO: Primitives created: 1
14:30:23 | WARNING: Mesh ranch_bank_4_91_1-colonly is not valid, and may be exported wrongly
14:30:23 | INFO: Extracting primitive: ranch_bank_4_91_1-colonly
14:30:23 | INFO: Primitives created: 1
14:30:23 | WARNING: Mesh ranch_bank_4_92_0-colonly is not valid, and may be exported wrongly
14:30:23 | INFO: Extracting primitive: ranch_bank_4_92_0-colonly
14:30:23 | INFO: Primitives created: 1
14:30:23 | WARNING: Mesh ranch_bank_4_92_1-colonly is not valid, and may be exported wrongly
14:30:23 | INFO: Extracting primitive: ranch_bank_4_92_1-colonly
14:30:23 | INFO: Primitives created: 1
14:30:23 | WARNING: Mesh ranch_bank_4_93_0-colonly is not valid, and may be exported wrongly
14:30:23 | INFO: Extracting primitive: ranch_bank_4_93_0-colonly
14:30:23 | INFO: Primitives created: 1
14:30:23 | WARNING: Mesh ranch_bank_4_93_1-colonly is not valid, and may be exported wrongly
14:30:23 | INFO: Extracting primitive: ranch_bank_4_93_1-colonly
14:30:23 | INFO: Primitives created: 1
14:30:23 | WARNING: Mesh ranch_bank_4_94_0-colonly is not valid, and may be exported wrongly
14:30:23 | INFO: Extracting primitive: ranch_bank_4_94_0-colonly
14:30:23 | INFO: Primitives created: 1
14:30:23 | WARNING: Mesh ranch_bank_4_94_1-colonly is not valid, and may be exported wrongly
14:30:23 | INFO: Extracting primitive: ranch_bank_4_94_1-colonly
14:30:23 | INFO: Primitives created: 1
14:30:23 | WARNING: Mesh ranch_bank_4_95_0-colonly is not valid, and may be exported wrongly
14:30:23 | INFO: Extracting primitive: ranch_bank_4_95_0-colonly
14:30:23 | INFO: Primitives created: 1
14:30:23 | WARNING: Mesh ranch_bank_4_95_1-colonly is not valid, and may be exported wrongly
14:30:23 | INFO: Extracting primitive: ranch_bank_4_95_1-colonly
14:30:23 | INFO: Primitives created: 1
14:30:23 | WARNING: Mesh ranch_bank_4_96_0-colonly is not valid, and may be exported wrongly
14:30:23 | INFO: Extracting primitive: ranch_bank_4_96_0-colonly
14:30:23 | INFO: Primitives created: 1
14:30:23 | WARNING: Mesh ranch_bank_4_96_1-colonly is not valid, and may be exported wrongly
14:30:23 | INFO: Extracting primitive: ranch_bank_4_96_1-colonly
14:30:23 | INFO: Primitives created: 1
14:30:23 | WARNING: Mesh ranch_bank_4_97_0-colonly is not valid, and may be exported wrongly
14:30:23 | INFO: Extracting primitive: ranch_bank_4_97_0-colonly
14:30:23 | INFO: Primitives created: 1
14:30:23 | WARNING: Mesh ranch_bank_4_97_1-colonly is not valid, and may be exported wrongly
14:30:23 | INFO: Extracting primitive: ranch_bank_4_97_1-colonly
14:30:23 | INFO: Primitives created: 1
14:30:23 | WARNING: Mesh ranch_bank_4_98_0-colonly is not valid, and may be exported wrongly
14:30:23 | INFO: Extracting primitive: ranch_bank_4_98_0-colonly
14:30:23 | INFO: Primitives created: 1
14:30:23 | WARNING: Mesh ranch_bank_4_98_1-colonly is not valid, and may be exported wrongly
14:30:23 | INFO: Extracting primitive: ranch_bank_4_98_1-colonly
14:30:23 | INFO: Primitives created: 1
14:30:23 | WARNING: Mesh ranch_bank_4_99_0-colonly is not valid, and may be exported wrongly
14:30:23 | INFO: Extracting primitive: ranch_bank_4_99_0-colonly
14:30:23 | INFO: Primitives created: 1
14:30:23 | WARNING: Mesh ranch_bank_4_99_1-colonly is not valid, and may be exported wrongly
14:30:23 | INFO: Extracting primitive: ranch_bank_4_99_1-colonly
14:30:23 | INFO: Primitives created: 1
14:30:23 | WARNING: Mesh ranch_bank_5_0_0-colonly is not valid, and may be exported wrongly
14:30:23 | INFO: Extracting primitive: ranch_bank_5_0_0-colonly
14:30:23 | INFO: Primitives created: 1
14:30:23 | WARNING: Mesh ranch_bank_5_0_1-colonly is not valid, and may be exported wrongly
14:30:23 | INFO: Extracting primitive: ranch_bank_5_0_1-colonly
14:30:23 | INFO: Primitives created: 1
14:30:23 | WARNING: Mesh ranch_bank_5_1_0-colonly is not valid, and may be exported wrongly
14:30:23 | INFO: Extracting primitive: ranch_bank_5_1_0-colonly
14:30:23 | INFO: Primitives created: 1
14:30:23 | WARNING: Mesh ranch_bank_5_1_1-colonly is not valid, and may be exported wrongly
14:30:23 | INFO: Extracting primitive: ranch_bank_5_1_1-colonly
14:30:23 | INFO: Primitives created: 1
14:30:23 | WARNING: Mesh ranch_bank_5_2_0-colonly is not valid, and may be exported wrongly
14:30:23 | INFO: Extracting primitive: ranch_bank_5_2_0-colonly
14:30:23 | INFO: Primitives created: 1
14:30:23 | WARNING: Mesh ranch_bank_5_2_1-colonly is not valid, and may be exported wrongly
14:30:23 | INFO: Extracting primitive: ranch_bank_5_2_1-colonly
14:30:23 | INFO: Primitives created: 1
14:30:23 | WARNING: Mesh ranch_bank_5_3_0-colonly is not valid, and may be exported wrongly
14:30:23 | INFO: Extracting primitive: ranch_bank_5_3_0-colonly
14:30:23 | INFO: Primitives created: 1
14:30:23 | WARNING: Mesh ranch_bank_5_3_1-colonly is not valid, and may be exported wrongly
14:30:23 | INFO: Extracting primitive: ranch_bank_5_3_1-colonly
14:30:23 | INFO: Primitives created: 1
14:30:23 | WARNING: Mesh ranch_bank_5_4_0-colonly is not valid, and may be exported wrongly
14:30:23 | INFO: Extracting primitive: ranch_bank_5_4_0-colonly
14:30:23 | INFO: Primitives created: 1
14:30:23 | WARNING: Mesh ranch_bank_5_4_1-colonly is not valid, and may be exported wrongly
14:30:23 | INFO: Extracting primitive: ranch_bank_5_4_1-colonly
14:30:23 | INFO: Primitives created: 1
14:30:23 | WARNING: Mesh ranch_bank_5_5_0-colonly is not valid, and may be exported wrongly
14:30:23 | INFO: Extracting primitive: ranch_bank_5_5_0-colonly
14:30:23 | INFO: Primitives created: 1
14:30:23 | WARNING: Mesh ranch_bank_5_5_1-colonly is not valid, and may be exported wrongly
14:30:23 | INFO: Extracting primitive: ranch_bank_5_5_1-colonly
14:30:23 | INFO: Primitives created: 1
14:30:23 | WARNING: Mesh ranch_bank_5_6_0-colonly is not valid, and may be exported wrongly
14:30:23 | INFO: Extracting primitive: ranch_bank_5_6_0-colonly
14:30:23 | INFO: Primitives created: 1
14:30:23 | WARNING: Mesh ranch_bank_5_6_1-colonly is not valid, and may be exported wrongly
14:30:23 | INFO: Extracting primitive: ranch_bank_5_6_1-colonly
14:30:23 | INFO: Primitives created: 1
14:30:23 | WARNING: Mesh ranch_bank_5_7_0-colonly is not valid, and may be exported wrongly
14:30:23 | INFO: Extracting primitive: ranch_bank_5_7_0-colonly
14:30:23 | INFO: Primitives created: 1
14:30:23 | WARNING: Mesh ranch_bank_5_7_1-colonly is not valid, and may be exported wrongly
14:30:23 | INFO: Extracting primitive: ranch_bank_5_7_1-colonly
14:30:23 | INFO: Primitives created: 1
14:30:23 | WARNING: Mesh ranch_bank_5_8_0-colonly is not valid, and may be exported wrongly
14:30:23 | INFO: Extracting primitive: ranch_bank_5_8_0-colonly
14:30:23 | INFO: Primitives created: 1
14:30:23 | WARNING: Mesh ranch_bank_5_8_1-colonly is not valid, and may be exported wrongly
14:30:23 | INFO: Extracting primitive: ranch_bank_5_8_1-colonly
14:30:23 | INFO: Primitives created: 1
14:30:23 | WARNING: Mesh ranch_bank_5_9_0-colonly is not valid, and may be exported wrongly
14:30:23 | INFO: Extracting primitive: ranch_bank_5_9_0-colonly
14:30:23 | INFO: Primitives created: 1
14:30:23 | WARNING: Mesh ranch_bank_5_9_1-colonly is not valid, and may be exported wrongly
14:30:23 | INFO: Extracting primitive: ranch_bank_5_9_1-colonly
14:30:23 | INFO: Primitives created: 1
14:30:23 | WARNING: Mesh ranch_bank_5_10_0-colonly is not valid, and may be exported wrongly
14:30:23 | INFO: Extracting primitive: ranch_bank_5_10_0-colonly
14:30:23 | INFO: Primitives created: 1
14:30:23 | WARNING: Mesh ranch_bank_5_10_1-colonly is not valid, and may be exported wrongly
14:30:23 | INFO: Extracting primitive: ranch_bank_5_10_1-colonly
14:30:23 | INFO: Primitives created: 1
14:30:23 | WARNING: Mesh ranch_bank_5_11_0-colonly is not valid, and may be exported wrongly
14:30:23 | INFO: Extracting primitive: ranch_bank_5_11_0-colonly
14:30:23 | INFO: Primitives created: 1
14:30:23 | WARNING: Mesh ranch_bank_5_11_1-colonly is not valid, and may be exported wrongly
14:30:23 | INFO: Extracting primitive: ranch_bank_5_11_1-colonly
14:30:23 | INFO: Primitives created: 1
14:30:23 | WARNING: Mesh ranch_bank_5_12_0-colonly is not valid, and may be exported wrongly
14:30:23 | INFO: Extracting primitive: ranch_bank_5_12_0-colonly
14:30:23 | INFO: Primitives created: 1
14:30:23 | WARNING: Mesh ranch_bank_5_12_1-colonly is not valid, and may be exported wrongly
14:30:23 | INFO: Extracting primitive: ranch_bank_5_12_1-colonly
14:30:23 | INFO: Primitives created: 1
14:30:23 | WARNING: Mesh ranch_bank_5_13_0-colonly is not valid, and may be exported wrongly
14:30:23 | INFO: Extracting primitive: ranch_bank_5_13_0-colonly
14:30:23 | INFO: Primitives created: 1
14:30:23 | WARNING: Mesh ranch_bank_5_13_1-colonly is not valid, and may be exported wrongly
14:30:23 | INFO: Extracting primitive: ranch_bank_5_13_1-colonly
14:30:23 | INFO: Primitives created: 1
14:30:23 | WARNING: Mesh ranch_bank_5_14_0-colonly is not valid, and may be exported wrongly
14:30:23 | INFO: Extracting primitive: ranch_bank_5_14_0-colonly
14:30:23 | INFO: Primitives created: 1
14:30:23 | WARNING: Mesh ranch_bank_5_14_1-colonly is not valid, and may be exported wrongly
14:30:23 | INFO: Extracting primitive: ranch_bank_5_14_1-colonly
14:30:23 | INFO: Primitives created: 1
14:30:23 | WARNING: Mesh ranch_bank_5_15_0-colonly is not valid, and may be exported wrongly
14:30:23 | INFO: Extracting primitive: ranch_bank_5_15_0-colonly
14:30:23 | INFO: Primitives created: 1
14:30:23 | WARNING: Mesh ranch_bank_5_15_1-colonly is not valid, and may be exported wrongly
14:30:23 | INFO: Extracting primitive: ranch_bank_5_15_1-colonly
14:30:23 | INFO: Primitives created: 1
14:30:23 | WARNING: Mesh ranch_bank_5_16_0-colonly is not valid, and may be exported wrongly
14:30:23 | INFO: Extracting primitive: ranch_bank_5_16_0-colonly
14:30:23 | INFO: Primitives created: 1
14:30:23 | WARNING: Mesh ranch_bank_5_16_1-colonly is not valid, and may be exported wrongly
14:30:23 | INFO: Extracting primitive: ranch_bank_5_16_1-colonly
14:30:23 | INFO: Primitives created: 1
14:30:23 | WARNING: Mesh ranch_bank_5_17_0-colonly is not valid, and may be exported wrongly
14:30:23 | INFO: Extracting primitive: ranch_bank_5_17_0-colonly
14:30:23 | INFO: Primitives created: 1
14:30:23 | WARNING: Mesh ranch_bank_5_17_1-colonly is not valid, and may be exported wrongly
14:30:23 | INFO: Extracting primitive: ranch_bank_5_17_1-colonly
14:30:23 | INFO: Primitives created: 1
14:30:23 | WARNING: Mesh ranch_bank_5_18_0-colonly is not valid, and may be exported wrongly
14:30:23 | INFO: Extracting primitive: ranch_bank_5_18_0-colonly
14:30:23 | INFO: Primitives created: 1
14:30:23 | WARNING: Mesh ranch_bank_5_18_1-colonly is not valid, and may be exported wrongly
14:30:23 | INFO: Extracting primitive: ranch_bank_5_18_1-colonly
14:30:23 | INFO: Primitives created: 1
14:30:23 | WARNING: Mesh ranch_boundary_0_0-colonly is not valid, and may be exported wrongly
14:30:23 | INFO: Extracting primitive: ranch_boundary_0_0-colonly
14:30:23 | INFO: Primitives created: 1
14:30:23 | WARNING: Mesh ranch_boundary_0_1-colonly is not valid, and may be exported wrongly
14:30:23 | INFO: Extracting primitive: ranch_boundary_0_1-colonly
14:30:23 | INFO: Primitives created: 1
14:30:23 | WARNING: Mesh ranch_boundary_0_2-colonly is not valid, and may be exported wrongly
14:30:23 | INFO: Extracting primitive: ranch_boundary_0_2-colonly
14:30:23 | INFO: Primitives created: 1
14:30:23 | WARNING: Mesh ranch_boundary_0_3-colonly is not valid, and may be exported wrongly
14:30:23 | INFO: Extracting primitive: ranch_boundary_0_3-colonly
14:30:23 | INFO: Primitives created: 1
14:30:23 | WARNING: Mesh ranch_boundary_0_4-colonly is not valid, and may be exported wrongly
14:30:23 | INFO: Extracting primitive: ranch_boundary_0_4-colonly
14:30:23 | INFO: Primitives created: 1
14:30:23 | WARNING: Mesh ranch_boundary_0_5-colonly is not valid, and may be exported wrongly
14:30:23 | INFO: Extracting primitive: ranch_boundary_0_5-colonly
14:30:23 | INFO: Primitives created: 1
14:30:23 | WARNING: Mesh ranch_boundary_0_6-colonly is not valid, and may be exported wrongly
14:30:23 | INFO: Extracting primitive: ranch_boundary_0_6-colonly
14:30:23 | INFO: Primitives created: 1
14:30:23 | WARNING: Mesh ranch_boundary_0_7-colonly is not valid, and may be exported wrongly
14:30:23 | INFO: Extracting primitive: ranch_boundary_0_7-colonly
14:30:23 | INFO: Primitives created: 1
14:30:23 | WARNING: Mesh ranch_boundary_0_8-colonly is not valid, and may be exported wrongly
14:30:23 | INFO: Extracting primitive: ranch_boundary_0_8-colonly
14:30:23 | INFO: Primitives created: 1
14:30:23 | WARNING: Mesh ranch_boundary_0_9-colonly is not valid, and may be exported wrongly
14:30:23 | INFO: Extracting primitive: ranch_boundary_0_9-colonly
14:30:23 | INFO: Primitives created: 1
14:30:23 | WARNING: Mesh ranch_boundary_0_10-colonly is not valid, and may be exported wrongly
14:30:23 | INFO: Extracting primitive: ranch_boundary_0_10-colonly
14:30:23 | INFO: Primitives created: 1
14:30:23 | WARNING: Mesh ranch_boundary_0_11-colonly is not valid, and may be exported wrongly
14:30:23 | INFO: Extracting primitive: ranch_boundary_0_11-colonly
14:30:23 | INFO: Primitives created: 1
14:30:23 | WARNING: Mesh ranch_boundary_0_12-colonly is not valid, and may be exported wrongly
14:30:23 | INFO: Extracting primitive: ranch_boundary_0_12-colonly
14:30:23 | INFO: Primitives created: 1
14:30:23 | WARNING: Mesh ranch_boundary_0_13-colonly is not valid, and may be exported wrongly
14:30:23 | INFO: Extracting primitive: ranch_boundary_0_13-colonly
14:30:23 | INFO: Primitives created: 1
14:30:23 | WARNING: Mesh ranch_boundary_0_14-colonly is not valid, and may be exported wrongly
14:30:23 | INFO: Extracting primitive: ranch_boundary_0_14-colonly
14:30:23 | INFO: Primitives created: 1
14:30:23 | WARNING: Mesh ranch_boundary_0_15-colonly is not valid, and may be exported wrongly
14:30:23 | INFO: Extracting primitive: ranch_boundary_0_15-colonly
14:30:23 | INFO: Primitives created: 1
14:30:23 | WARNING: Mesh ranch_boundary_0_16-colonly is not valid, and may be exported wrongly
14:30:23 | INFO: Extracting primitive: ranch_boundary_0_16-colonly
14:30:23 | INFO: Primitives created: 1
14:30:23 | WARNING: Mesh ranch_boundary_0_17-colonly is not valid, and may be exported wrongly
14:30:23 | INFO: Extracting primitive: ranch_boundary_0_17-colonly
14:30:23 | INFO: Primitives created: 1
14:30:23 | WARNING: Mesh ranch_boundary_0_18-colonly is not valid, and may be exported wrongly
14:30:23 | INFO: Extracting primitive: ranch_boundary_0_18-colonly
14:30:23 | INFO: Primitives created: 1
14:30:23 | WARNING: Mesh ranch_boundary_0_19-colonly is not valid, and may be exported wrongly
14:30:23 | INFO: Extracting primitive: ranch_boundary_0_19-colonly
14:30:23 | INFO: Primitives created: 1
14:30:23 | WARNING: Mesh ranch_boundary_0_20-colonly is not valid, and may be exported wrongly
14:30:23 | INFO: Extracting primitive: ranch_boundary_0_20-colonly
14:30:23 | INFO: Primitives created: 1
14:30:23 | WARNING: Mesh ranch_boundary_0_21-colonly is not valid, and may be exported wrongly
14:30:23 | INFO: Extracting primitive: ranch_boundary_0_21-colonly
14:30:23 | INFO: Primitives created: 1
14:30:23 | WARNING: Mesh ranch_boundary_0_22-colonly is not valid, and may be exported wrongly
14:30:23 | INFO: Extracting primitive: ranch_boundary_0_22-colonly
14:30:23 | INFO: Primitives created: 1
14:30:23 | WARNING: Mesh ranch_boundary_0_23-colonly is not valid, and may be exported wrongly
14:30:23 | INFO: Extracting primitive: ranch_boundary_0_23-colonly
14:30:23 | INFO: Primitives created: 1
14:30:23 | WARNING: Mesh ranch_boundary_0_24-colonly is not valid, and may be exported wrongly
14:30:23 | INFO: Extracting primitive: ranch_boundary_0_24-colonly
14:30:23 | INFO: Primitives created: 1
14:30:23 | WARNING: Mesh ranch_boundary_0_25-colonly is not valid, and may be exported wrongly
14:30:23 | INFO: Extracting primitive: ranch_boundary_0_25-colonly
14:30:23 | INFO: Primitives created: 1
14:30:23 | WARNING: Mesh ranch_boundary_0_26-colonly is not valid, and may be exported wrongly
14:30:23 | INFO: Extracting primitive: ranch_boundary_0_26-colonly
14:30:23 | INFO: Primitives created: 1
14:30:23 | WARNING: Mesh ranch_boundary_0_27-colonly is not valid, and may be exported wrongly
14:30:23 | INFO: Extracting primitive: ranch_boundary_0_27-colonly
14:30:23 | INFO: Primitives created: 1
14:30:23 | WARNING: Mesh ranch_boundary_0_28-colonly is not valid, and may be exported wrongly
14:30:23 | INFO: Extracting primitive: ranch_boundary_0_28-colonly
14:30:23 | INFO: Primitives created: 1
14:30:23 | WARNING: Mesh ranch_boundary_0_29-colonly is not valid, and may be exported wrongly
14:30:23 | INFO: Extracting primitive: ranch_boundary_0_29-colonly
14:30:23 | INFO: Primitives created: 1
14:30:23 | WARNING: Mesh ranch_boundary_0_30-colonly is not valid, and may be exported wrongly
14:30:23 | INFO: Extracting primitive: ranch_boundary_0_30-colonly
14:30:23 | INFO: Primitives created: 1
14:30:23 | WARNING: Mesh ranch_boundary_0_31-colonly is not valid, and may be exported wrongly
14:30:23 | INFO: Extracting primitive: ranch_boundary_0_31-colonly
14:30:23 | INFO: Primitives created: 1
14:30:23 | WARNING: Mesh ranch_boundary_0_32-colonly is not valid, and may be exported wrongly
14:30:23 | INFO: Extracting primitive: ranch_boundary_0_32-colonly
14:30:23 | INFO: Primitives created: 1
14:30:23 | WARNING: Mesh ranch_boundary_0_33-colonly is not valid, and may be exported wrongly
14:30:23 | INFO: Extracting primitive: ranch_boundary_0_33-colonly
14:30:23 | INFO: Primitives created: 1
14:30:23 | WARNING: Mesh ranch_boundary_0_34-colonly is not valid, and may be exported wrongly
14:30:23 | INFO: Extracting primitive: ranch_boundary_0_34-colonly
14:30:23 | INFO: Primitives created: 1
14:30:23 | WARNING: Mesh ranch_boundary_0_35-colonly is not valid, and may be exported wrongly
14:30:23 | INFO: Extracting primitive: ranch_boundary_0_35-colonly
14:30:23 | INFO: Primitives created: 1
14:30:23 | WARNING: Mesh ranch_boundary_0_36-colonly is not valid, and may be exported wrongly
14:30:23 | INFO: Extracting primitive: ranch_boundary_0_36-colonly
14:30:23 | INFO: Primitives created: 1
14:30:23 | WARNING: Mesh ranch_boundary_0_37-colonly is not valid, and may be exported wrongly
14:30:23 | INFO: Extracting primitive: ranch_boundary_0_37-colonly
14:30:23 | INFO: Primitives created: 1
14:30:23 | WARNING: Mesh ranch_boundary_0_38-colonly is not valid, and may be exported wrongly
14:30:23 | INFO: Extracting primitive: ranch_boundary_0_38-colonly
14:30:23 | INFO: Primitives created: 1
14:30:23 | WARNING: Mesh ranch_boundary_0_39-colonly is not valid, and may be exported wrongly
14:30:23 | INFO: Extracting primitive: ranch_boundary_0_39-colonly
14:30:23 | INFO: Primitives created: 1
14:30:23 | WARNING: Mesh ranch_boundary_0_40-colonly is not valid, and may be exported wrongly
14:30:23 | INFO: Extracting primitive: ranch_boundary_0_40-colonly
14:30:23 | INFO: Primitives created: 1
14:30:23 | WARNING: Mesh ranch_boundary_0_41-colonly is not valid, and may be exported wrongly
14:30:23 | INFO: Extracting primitive: ranch_boundary_0_41-colonly
14:30:23 | INFO: Primitives created: 1
14:30:23 | WARNING: Mesh ranch_boundary_0_42-colonly is not valid, and may be exported wrongly
14:30:23 | INFO: Extracting primitive: ranch_boundary_0_42-colonly
14:30:23 | INFO: Primitives created: 1
14:30:23 | WARNING: Mesh ranch_boundary_0_43-colonly is not valid, and may be exported wrongly
14:30:23 | INFO: Extracting primitive: ranch_boundary_0_43-colonly
14:30:23 | INFO: Primitives created: 1
14:30:23 | WARNING: Mesh ranch_boundary_0_44-colonly is not valid, and may be exported wrongly
14:30:23 | INFO: Extracting primitive: ranch_boundary_0_44-colonly
14:30:23 | INFO: Primitives created: 1
14:30:23 | WARNING: Mesh ranch_boundary_0_45-colonly is not valid, and may be exported wrongly
14:30:23 | INFO: Extracting primitive: ranch_boundary_0_45-colonly
14:30:23 | INFO: Primitives created: 1
14:30:23 | WARNING: Mesh ranch_boundary_0_46-colonly is not valid, and may be exported wrongly
14:30:23 | INFO: Extracting primitive: ranch_boundary_0_46-colonly
14:30:23 | INFO: Primitives created: 1
14:30:23 | WARNING: Mesh ranch_boundary_0_47-colonly is not valid, and may be exported wrongly
14:30:23 | INFO: Extracting primitive: ranch_boundary_0_47-colonly
14:30:23 | INFO: Primitives created: 1
14:30:23 | WARNING: Mesh ranch_boundary_0_48-colonly is not valid, and may be exported wrongly
14:30:23 | INFO: Extracting primitive: ranch_boundary_0_48-colonly
14:30:23 | INFO: Primitives created: 1
14:30:23 | WARNING: Mesh ranch_boundary_0_49-colonly is not valid, and may be exported wrongly
14:30:23 | INFO: Extracting primitive: ranch_boundary_0_49-colonly
14:30:23 | INFO: Primitives created: 1
14:30:23 | WARNING: Mesh ranch_boundary_0_50-colonly is not valid, and may be exported wrongly
14:30:23 | INFO: Extracting primitive: ranch_boundary_0_50-colonly
14:30:23 | INFO: Primitives created: 1
14:30:23 | WARNING: Mesh ranch_boundary_0_51-colonly is not valid, and may be exported wrongly
14:30:23 | INFO: Extracting primitive: ranch_boundary_0_51-colonly
14:30:23 | INFO: Primitives created: 1
14:30:23 | WARNING: Mesh ranch_boundary_0_52-colonly is not valid, and may be exported wrongly
14:30:23 | INFO: Extracting primitive: ranch_boundary_0_52-colonly
14:30:23 | INFO: Primitives created: 1
14:30:23 | WARNING: Mesh ranch_boundary_0_53-colonly is not valid, and may be exported wrongly
14:30:23 | INFO: Extracting primitive: ranch_boundary_0_53-colonly
14:30:23 | INFO: Primitives created: 1
14:30:23 | WARNING: Mesh ranch_boundary_0_54-colonly is not valid, and may be exported wrongly
14:30:23 | INFO: Extracting primitive: ranch_boundary_0_54-colonly
14:30:23 | INFO: Primitives created: 1
14:30:23 | WARNING: Mesh ranch_boundary_0_55-colonly is not valid, and may be exported wrongly
14:30:23 | INFO: Extracting primitive: ranch_boundary_0_55-colonly
14:30:23 | INFO: Primitives created: 1
14:30:23 | WARNING: Mesh ranch_boundary_0_56-colonly is not valid, and may be exported wrongly
14:30:23 | INFO: Extracting primitive: ranch_boundary_0_56-colonly
14:30:23 | INFO: Primitives created: 1
14:30:23 | WARNING: Mesh ranch_boundary_0_57-colonly is not valid, and may be exported wrongly
14:30:23 | INFO: Extracting primitive: ranch_boundary_0_57-colonly
14:30:23 | INFO: Primitives created: 1
14:30:23 | WARNING: Mesh ranch_boundary_0_58-colonly is not valid, and may be exported wrongly
14:30:23 | INFO: Extracting primitive: ranch_boundary_0_58-colonly
14:30:23 | INFO: Primitives created: 1
14:30:23 | WARNING: Mesh ranch_boundary_0_59-colonly is not valid, and may be exported wrongly
14:30:23 | INFO: Extracting primitive: ranch_boundary_0_59-colonly
14:30:23 | INFO: Primitives created: 1
14:30:23 | WARNING: Mesh ranch_boundary_0_60-colonly is not valid, and may be exported wrongly
14:30:23 | INFO: Extracting primitive: ranch_boundary_0_60-colonly
14:30:23 | INFO: Primitives created: 1
14:30:23 | WARNING: Mesh ranch_boundary_0_61-colonly is not valid, and may be exported wrongly
14:30:23 | INFO: Extracting primitive: ranch_boundary_0_61-colonly
14:30:23 | INFO: Primitives created: 1
14:30:23 | WARNING: Mesh ranch_boundary_0_62-colonly is not valid, and may be exported wrongly
14:30:23 | INFO: Extracting primitive: ranch_boundary_0_62-colonly
14:30:23 | INFO: Primitives created: 1
14:30:23 | WARNING: Mesh ranch_boundary_0_63-colonly is not valid, and may be exported wrongly
14:30:23 | INFO: Extracting primitive: ranch_boundary_0_63-colonly
14:30:23 | INFO: Primitives created: 1
14:30:23 | WARNING: Mesh ranch_boundary_0_64-colonly is not valid, and may be exported wrongly
14:30:23 | INFO: Extracting primitive: ranch_boundary_0_64-colonly
14:30:23 | INFO: Primitives created: 1
14:30:23 | WARNING: Mesh ranch_boundary_0_65-colonly is not valid, and may be exported wrongly
14:30:23 | INFO: Extracting primitive: ranch_boundary_0_65-colonly
14:30:23 | INFO: Primitives created: 1
14:30:23 | WARNING: Mesh ranch_boundary_0_66-colonly is not valid, and may be exported wrongly
14:30:23 | INFO: Extracting primitive: ranch_boundary_0_66-colonly
14:30:23 | INFO: Primitives created: 1
14:30:23 | WARNING: Mesh ranch_boundary_0_67-colonly is not valid, and may be exported wrongly
14:30:23 | INFO: Extracting primitive: ranch_boundary_0_67-colonly
14:30:23 | INFO: Primitives created: 1
14:30:23 | WARNING: Mesh ranch_boundary_0_68-colonly is not valid, and may be exported wrongly
14:30:23 | INFO: Extracting primitive: ranch_boundary_0_68-colonly
14:30:23 | INFO: Primitives created: 1
14:30:23 | WARNING: Mesh ranch_boundary_0_69-colonly is not valid, and may be exported wrongly
14:30:23 | INFO: Extracting primitive: ranch_boundary_0_69-colonly
14:30:23 | INFO: Primitives created: 1
14:30:23 | WARNING: Mesh ranch_boundary_0_70-colonly is not valid, and may be exported wrongly
14:30:23 | INFO: Extracting primitive: ranch_boundary_0_70-colonly
14:30:23 | INFO: Primitives created: 1
14:30:23 | WARNING: Mesh ranch_boundary_0_71-colonly is not valid, and may be exported wrongly
14:30:23 | INFO: Extracting primitive: ranch_boundary_0_71-colonly
14:30:23 | INFO: Primitives created: 1
14:30:23 | WARNING: Mesh ranch_boundary_0_72-colonly is not valid, and may be exported wrongly
14:30:23 | INFO: Extracting primitive: ranch_boundary_0_72-colonly
14:30:23 | INFO: Primitives created: 1
14:30:23 | WARNING: Mesh ranch_boundary_0_73-colonly is not valid, and may be exported wrongly
14:30:23 | INFO: Extracting primitive: ranch_boundary_0_73-colonly
14:30:23 | INFO: Primitives created: 1
14:30:23 | WARNING: Mesh ranch_boundary_0_74-colonly is not valid, and may be exported wrongly
14:30:23 | INFO: Extracting primitive: ranch_boundary_0_74-colonly
14:30:23 | INFO: Primitives created: 1
14:30:23 | WARNING: Mesh ranch_boundary_0_75-colonly is not valid, and may be exported wrongly
14:30:23 | INFO: Extracting primitive: ranch_boundary_0_75-colonly
14:30:23 | INFO: Primitives created: 1
14:30:23 | WARNING: Mesh ranch_boundary_0_76-colonly is not valid, and may be exported wrongly
14:30:23 | INFO: Extracting primitive: ranch_boundary_0_76-colonly
14:30:23 | INFO: Primitives created: 1
14:30:23 | WARNING: Mesh ranch_boundary_0_77-colonly is not valid, and may be exported wrongly
14:30:23 | INFO: Extracting primitive: ranch_boundary_0_77-colonly
14:30:23 | INFO: Primitives created: 1
14:30:23 | WARNING: Mesh ranch_boundary_0_78-colonly is not valid, and may be exported wrongly
14:30:23 | INFO: Extracting primitive: ranch_boundary_0_78-colonly
14:30:23 | INFO: Primitives created: 1
14:30:23 | WARNING: Mesh ranch_boundary_0_79-colonly is not valid, and may be exported wrongly
14:30:23 | INFO: Extracting primitive: ranch_boundary_0_79-colonly
14:30:23 | INFO: Primitives created: 1
14:30:23 | WARNING: Mesh ranch_boundary_0_80-colonly is not valid, and may be exported wrongly
14:30:23 | INFO: Extracting primitive: ranch_boundary_0_80-colonly
14:30:23 | INFO: Primitives created: 1
14:30:23 | WARNING: Mesh ranch_boundary_0_81-colonly is not valid, and may be exported wrongly
14:30:23 | INFO: Extracting primitive: ranch_boundary_0_81-colonly
14:30:23 | INFO: Primitives created: 1
14:30:23 | WARNING: Mesh ranch_boundary_0_82-colonly is not valid, and may be exported wrongly
14:30:23 | INFO: Extracting primitive: ranch_boundary_0_82-colonly
14:30:23 | INFO: Primitives created: 1
14:30:23 | WARNING: Mesh ranch_boundary_0_83-colonly is not valid, and may be exported wrongly
14:30:23 | INFO: Extracting primitive: ranch_boundary_0_83-colonly
14:30:23 | INFO: Primitives created: 1
14:30:23 | WARNING: Mesh ranch_boundary_0_84-colonly is not valid, and may be exported wrongly
14:30:23 | INFO: Extracting primitive: ranch_boundary_0_84-colonly
14:30:23 | INFO: Primitives created: 1
14:30:23 | WARNING: Mesh ranch_boundary_0_85-colonly is not valid, and may be exported wrongly
14:30:23 | INFO: Extracting primitive: ranch_boundary_0_85-colonly
14:30:23 | INFO: Primitives created: 1
14:30:23 | WARNING: Mesh ranch_boundary_0_86-colonly is not valid, and may be exported wrongly
14:30:23 | INFO: Extracting primitive: ranch_boundary_0_86-colonly
14:30:23 | INFO: Primitives created: 1
14:30:23 | WARNING: Mesh ranch_boundary_0_87-colonly is not valid, and may be exported wrongly
14:30:23 | INFO: Extracting primitive: ranch_boundary_0_87-colonly
14:30:23 | INFO: Primitives created: 1
14:30:23 | WARNING: Mesh ranch_boundary_0_88-colonly is not valid, and may be exported wrongly
14:30:23 | INFO: Extracting primitive: ranch_boundary_0_88-colonly
14:30:23 | INFO: Primitives created: 1
14:30:23 | WARNING: Mesh ranch_boundary_0_89-colonly is not valid, and may be exported wrongly
14:30:23 | INFO: Extracting primitive: ranch_boundary_0_89-colonly
14:30:23 | INFO: Primitives created: 1
14:30:23 | WARNING: Mesh ranch_boundary_0_90-colonly is not valid, and may be exported wrongly
14:30:23 | INFO: Extracting primitive: ranch_boundary_0_90-colonly
14:30:23 | INFO: Primitives created: 1
14:30:23 | WARNING: Mesh ranch_boundary_0_91-colonly is not valid, and may be exported wrongly
14:30:23 | INFO: Extracting primitive: ranch_boundary_0_91-colonly
14:30:23 | INFO: Primitives created: 1
14:30:23 | WARNING: Mesh ranch_boundary_0_92-colonly is not valid, and may be exported wrongly
14:30:23 | INFO: Extracting primitive: ranch_boundary_0_92-colonly
14:30:23 | INFO: Primitives created: 1
14:30:23 | WARNING: Mesh ranch_boundary_0_93-colonly is not valid, and may be exported wrongly
14:30:23 | INFO: Extracting primitive: ranch_boundary_0_93-colonly
14:30:23 | INFO: Primitives created: 1
14:30:23 | WARNING: Mesh ranch_boundary_0_94-colonly is not valid, and may be exported wrongly
14:30:23 | INFO: Extracting primitive: ranch_boundary_0_94-colonly
14:30:23 | INFO: Primitives created: 1
14:30:23 | WARNING: Mesh ranch_boundary_0_95-colonly is not valid, and may be exported wrongly
14:30:23 | INFO: Extracting primitive: ranch_boundary_0_95-colonly
14:30:23 | INFO: Primitives created: 1
14:30:23 | WARNING: Mesh ranch_boundary_0_96-colonly is not valid, and may be exported wrongly
14:30:23 | INFO: Extracting primitive: ranch_boundary_0_96-colonly
14:30:23 | INFO: Primitives created: 1
14:30:23 | WARNING: Mesh ranch_boundary_0_97-colonly is not valid, and may be exported wrongly
14:30:23 | INFO: Extracting primitive: ranch_boundary_0_97-colonly
14:30:23 | INFO: Primitives created: 1
14:30:23 | WARNING: Mesh ranch_boundary_0_98-colonly is not valid, and may be exported wrongly
14:30:23 | INFO: Extracting primitive: ranch_boundary_0_98-colonly
14:30:23 | INFO: Primitives created: 1
14:30:23 | WARNING: Mesh ranch_boundary_0_99-colonly is not valid, and may be exported wrongly
14:30:23 | INFO: Extracting primitive: ranch_boundary_0_99-colonly
14:30:23 | INFO: Primitives created: 1
14:30:23 | WARNING: Mesh ranch_boundary_0_100-colonly is not valid, and may be exported wrongly
14:30:23 | INFO: Extracting primitive: ranch_boundary_0_100-colonly
14:30:23 | INFO: Primitives created: 1
14:30:23 | WARNING: Mesh ranch_boundary_0_101-colonly is not valid, and may be exported wrongly
14:30:23 | INFO: Extracting primitive: ranch_boundary_0_101-colonly
14:30:23 | INFO: Primitives created: 1
14:30:23 | WARNING: Mesh ranch_boundary_0_102-colonly is not valid, and may be exported wrongly
14:30:23 | INFO: Extracting primitive: ranch_boundary_0_102-colonly
14:30:23 | INFO: Primitives created: 1
14:30:23 | WARNING: Mesh ranch_boundary_0_103-colonly is not valid, and may be exported wrongly
14:30:23 | INFO: Extracting primitive: ranch_boundary_0_103-colonly
14:30:23 | INFO: Primitives created: 1
14:30:23 | WARNING: Mesh ranch_boundary_0_104-colonly is not valid, and may be exported wrongly
14:30:23 | INFO: Extracting primitive: ranch_boundary_0_104-colonly
14:30:23 | INFO: Primitives created: 1
14:30:23 | WARNING: Mesh ranch_boundary_0_105-colonly is not valid, and may be exported wrongly
14:30:23 | INFO: Extracting primitive: ranch_boundary_0_105-colonly
14:30:23 | INFO: Primitives created: 1
14:30:23 | WARNING: Mesh ranch_boundary_0_106-colonly is not valid, and may be exported wrongly
14:30:23 | INFO: Extracting primitive: ranch_boundary_0_106-colonly
14:30:23 | INFO: Primitives created: 1
14:30:23 | WARNING: Mesh ranch_boundary_0_107-colonly is not valid, and may be exported wrongly
14:30:23 | INFO: Extracting primitive: ranch_boundary_0_107-colonly
14:30:23 | INFO: Primitives created: 1
14:30:23 | WARNING: Mesh ranch_boundary_0_108-colonly is not valid, and may be exported wrongly
14:30:23 | INFO: Extracting primitive: ranch_boundary_0_108-colonly
14:30:23 | INFO: Primitives created: 1
14:30:23 | WARNING: Mesh ranch_boundary_0_109-colonly is not valid, and may be exported wrongly
14:30:23 | INFO: Extracting primitive: ranch_boundary_0_109-colonly
14:30:23 | INFO: Primitives created: 1
14:30:23 | WARNING: Mesh ranch_boundary_0_110-colonly is not valid, and may be exported wrongly
14:30:23 | INFO: Extracting primitive: ranch_boundary_0_110-colonly
14:30:23 | INFO: Primitives created: 1
14:30:23 | WARNING: Mesh ranch_boundary_0_111-colonly is not valid, and may be exported wrongly
14:30:23 | INFO: Extracting primitive: ranch_boundary_0_111-colonly
14:30:23 | INFO: Primitives created: 1
14:30:23 | WARNING: Mesh ranch_boundary_0_112-colonly is not valid, and may be exported wrongly
14:30:23 | INFO: Extracting primitive: ranch_boundary_0_112-colonly
14:30:23 | INFO: Primitives created: 1
14:30:23 | WARNING: Mesh ranch_boundary_0_113-colonly is not valid, and may be exported wrongly
14:30:23 | INFO: Extracting primitive: ranch_boundary_0_113-colonly
14:30:23 | INFO: Primitives created: 1
14:30:23 | WARNING: Mesh ranch_boundary_0_114-colonly is not valid, and may be exported wrongly
14:30:23 | INFO: Extracting primitive: ranch_boundary_0_114-colonly
14:30:23 | INFO: Primitives created: 1
14:30:23 | WARNING: Mesh ranch_boundary_0_115-colonly is not valid, and may be exported wrongly
14:30:23 | INFO: Extracting primitive: ranch_boundary_0_115-colonly
14:30:23 | INFO: Primitives created: 1
14:30:23 | WARNING: Mesh ranch_boundary_0_116-colonly is not valid, and may be exported wrongly
14:30:23 | INFO: Extracting primitive: ranch_boundary_0_116-colonly
14:30:23 | INFO: Primitives created: 1
14:30:23 | WARNING: Mesh ranch_boundary_0_117-colonly is not valid, and may be exported wrongly
14:30:23 | INFO: Extracting primitive: ranch_boundary_0_117-colonly
14:30:23 | INFO: Primitives created: 1
14:30:23 | WARNING: Mesh ranch_boundary_0_118-colonly is not valid, and may be exported wrongly
14:30:23 | INFO: Extracting primitive: ranch_boundary_0_118-colonly
14:30:23 | INFO: Primitives created: 1
14:30:23 | WARNING: Mesh ranch_boundary_0_119-colonly is not valid, and may be exported wrongly
14:30:23 | INFO: Extracting primitive: ranch_boundary_0_119-colonly
14:30:23 | INFO: Primitives created: 1
14:30:23 | WARNING: Mesh ranch_boundary_1_0-colonly is not valid, and may be exported wrongly
14:30:23 | INFO: Extracting primitive: ranch_boundary_1_0-colonly
14:30:23 | INFO: Primitives created: 1
14:30:23 | WARNING: Mesh ranch_boundary_1_1-colonly is not valid, and may be exported wrongly
14:30:23 | INFO: Extracting primitive: ranch_boundary_1_1-colonly
14:30:23 | INFO: Primitives created: 1
14:30:23 | WARNING: Mesh ranch_boundary_1_2-colonly is not valid, and may be exported wrongly
14:30:23 | INFO: Extracting primitive: ranch_boundary_1_2-colonly
14:30:23 | INFO: Primitives created: 1
14:30:23 | WARNING: Mesh ranch_boundary_1_3-colonly is not valid, and may be exported wrongly
14:30:23 | INFO: Extracting primitive: ranch_boundary_1_3-colonly
14:30:23 | INFO: Primitives created: 1
14:30:23 | WARNING: Mesh ranch_boundary_1_4-colonly is not valid, and may be exported wrongly
14:30:23 | INFO: Extracting primitive: ranch_boundary_1_4-colonly
14:30:23 | INFO: Primitives created: 1
14:30:23 | WARNING: Mesh ranch_boundary_1_5-colonly is not valid, and may be exported wrongly
14:30:23 | INFO: Extracting primitive: ranch_boundary_1_5-colonly
14:30:23 | INFO: Primitives created: 1
14:30:23 | WARNING: Mesh ranch_boundary_1_6-colonly is not valid, and may be exported wrongly
14:30:23 | INFO: Extracting primitive: ranch_boundary_1_6-colonly
14:30:23 | INFO: Primitives created: 1
14:30:23 | WARNING: Mesh ranch_boundary_1_7-colonly is not valid, and may be exported wrongly
14:30:23 | INFO: Extracting primitive: ranch_boundary_1_7-colonly
14:30:23 | INFO: Primitives created: 1
14:30:23 | WARNING: Mesh ranch_boundary_1_8-colonly is not valid, and may be exported wrongly
14:30:23 | INFO: Extracting primitive: ranch_boundary_1_8-colonly
14:30:23 | INFO: Primitives created: 1
14:30:23 | WARNING: Mesh ranch_boundary_1_9-colonly is not valid, and may be exported wrongly
14:30:23 | INFO: Extracting primitive: ranch_boundary_1_9-colonly
14:30:23 | INFO: Primitives created: 1
14:30:23 | WARNING: Mesh ranch_boundary_1_10-colonly is not valid, and may be exported wrongly
14:30:23 | INFO: Extracting primitive: ranch_boundary_1_10-colonly
14:30:23 | INFO: Primitives created: 1
14:30:23 | WARNING: Mesh ranch_boundary_1_11-colonly is not valid, and may be exported wrongly
14:30:23 | INFO: Extracting primitive: ranch_boundary_1_11-colonly
14:30:23 | INFO: Primitives created: 1
14:30:23 | WARNING: Mesh ranch_boundary_1_12-colonly is not valid, and may be exported wrongly
14:30:23 | INFO: Extracting primitive: ranch_boundary_1_12-colonly
14:30:23 | INFO: Primitives created: 1
14:30:23 | WARNING: Mesh ranch_boundary_1_13-colonly is not valid, and may be exported wrongly
14:30:23 | INFO: Extracting primitive: ranch_boundary_1_13-colonly
14:30:23 | INFO: Primitives created: 1
14:30:23 | WARNING: Mesh ranch_boundary_1_14-colonly is not valid, and may be exported wrongly
14:30:23 | INFO: Extracting primitive: ranch_boundary_1_14-colonly
14:30:23 | INFO: Primitives created: 1
14:30:23 | WARNING: Mesh ranch_boundary_1_15-colonly is not valid, and may be exported wrongly
14:30:23 | INFO: Extracting primitive: ranch_boundary_1_15-colonly
14:30:23 | INFO: Primitives created: 1
14:30:23 | WARNING: Mesh ranch_boundary_1_16-colonly is not valid, and may be exported wrongly
14:30:23 | INFO: Extracting primitive: ranch_boundary_1_16-colonly
14:30:23 | INFO: Primitives created: 1
14:30:23 | WARNING: Mesh ranch_boundary_1_17-colonly is not valid, and may be exported wrongly
14:30:23 | INFO: Extracting primitive: ranch_boundary_1_17-colonly
14:30:23 | INFO: Primitives created: 1
14:30:23 | WARNING: Mesh ranch_boundary_1_18-colonly is not valid, and may be exported wrongly
14:30:23 | INFO: Extracting primitive: ranch_boundary_1_18-colonly
14:30:23 | INFO: Primitives created: 1
14:30:23 | WARNING: Mesh ranch_boundary_1_19-colonly is not valid, and may be exported wrongly
14:30:23 | INFO: Extracting primitive: ranch_boundary_1_19-colonly
14:30:23 | INFO: Primitives created: 1
14:30:23 | WARNING: Mesh ranch_boundary_1_20-colonly is not valid, and may be exported wrongly
14:30:23 | INFO: Extracting primitive: ranch_boundary_1_20-colonly
14:30:23 | INFO: Primitives created: 1
14:30:23 | WARNING: Mesh ranch_boundary_1_21-colonly is not valid, and may be exported wrongly
14:30:23 | INFO: Extracting primitive: ranch_boundary_1_21-colonly
14:30:23 | INFO: Primitives created: 1
14:30:23 | WARNING: Mesh ranch_boundary_1_22-colonly is not valid, and may be exported wrongly
14:30:23 | INFO: Extracting primitive: ranch_boundary_1_22-colonly
14:30:23 | INFO: Primitives created: 1
14:30:23 | WARNING: Mesh ranch_boundary_1_23-colonly is not valid, and may be exported wrongly
14:30:23 | INFO: Extracting primitive: ranch_boundary_1_23-colonly
14:30:23 | INFO: Primitives created: 1
14:30:23 | WARNING: Mesh ranch_boundary_1_24-colonly is not valid, and may be exported wrongly
14:30:23 | INFO: Extracting primitive: ranch_boundary_1_24-colonly
14:30:23 | INFO: Primitives created: 1
14:30:23 | WARNING: Mesh ranch_boundary_1_25-colonly is not valid, and may be exported wrongly
14:30:23 | INFO: Extracting primitive: ranch_boundary_1_25-colonly
14:30:23 | INFO: Primitives created: 1
14:30:23 | WARNING: Mesh ranch_boundary_1_26-colonly is not valid, and may be exported wrongly
14:30:23 | INFO: Extracting primitive: ranch_boundary_1_26-colonly
14:30:23 | INFO: Primitives created: 1
14:30:23 | WARNING: Mesh ranch_boundary_1_27-colonly is not valid, and may be exported wrongly
14:30:23 | INFO: Extracting primitive: ranch_boundary_1_27-colonly
14:30:23 | INFO: Primitives created: 1
14:30:23 | WARNING: Mesh ranch_boundary_1_28-colonly is not valid, and may be exported wrongly
14:30:23 | INFO: Extracting primitive: ranch_boundary_1_28-colonly
14:30:23 | INFO: Primitives created: 1
14:30:23 | WARNING: Mesh ranch_boundary_1_29-colonly is not valid, and may be exported wrongly
14:30:23 | INFO: Extracting primitive: ranch_boundary_1_29-colonly
14:30:23 | INFO: Primitives created: 1
14:30:23 | WARNING: Mesh ranch_boundary_1_30-colonly is not valid, and may be exported wrongly
14:30:23 | INFO: Extracting primitive: ranch_boundary_1_30-colonly
14:30:23 | INFO: Primitives created: 1
14:30:23 | WARNING: Mesh ranch_boundary_1_31-colonly is not valid, and may be exported wrongly
14:30:23 | INFO: Extracting primitive: ranch_boundary_1_31-colonly
14:30:23 | INFO: Primitives created: 1
14:30:23 | WARNING: Mesh ranch_boundary_1_32-colonly is not valid, and may be exported wrongly
14:30:23 | INFO: Extracting primitive: ranch_boundary_1_32-colonly
14:30:23 | INFO: Primitives created: 1
14:30:23 | WARNING: Mesh ranch_boundary_1_33-colonly is not valid, and may be exported wrongly
14:30:23 | INFO: Extracting primitive: ranch_boundary_1_33-colonly
14:30:23 | INFO: Primitives created: 1
14:30:23 | WARNING: Mesh ranch_boundary_1_34-colonly is not valid, and may be exported wrongly
14:30:23 | INFO: Extracting primitive: ranch_boundary_1_34-colonly
14:30:23 | INFO: Primitives created: 1
14:30:23 | WARNING: Mesh ranch_boundary_1_35-colonly is not valid, and may be exported wrongly
14:30:23 | INFO: Extracting primitive: ranch_boundary_1_35-colonly
14:30:23 | INFO: Primitives created: 1
14:30:23 | WARNING: Mesh ranch_boundary_1_36-colonly is not valid, and may be exported wrongly
14:30:23 | INFO: Extracting primitive: ranch_boundary_1_36-colonly
14:30:23 | INFO: Primitives created: 1
14:30:23 | WARNING: Mesh ranch_boundary_1_37-colonly is not valid, and may be exported wrongly
14:30:23 | INFO: Extracting primitive: ranch_boundary_1_37-colonly
14:30:23 | INFO: Primitives created: 1
14:30:23 | WARNING: Mesh ranch_boundary_1_38-colonly is not valid, and may be exported wrongly
14:30:23 | INFO: Extracting primitive: ranch_boundary_1_38-colonly
14:30:23 | INFO: Primitives created: 1
14:30:23 | WARNING: Mesh ranch_boundary_1_39-colonly is not valid, and may be exported wrongly
14:30:23 | INFO: Extracting primitive: ranch_boundary_1_39-colonly
14:30:23 | INFO: Primitives created: 1
14:30:23 | WARNING: Mesh ranch_boundary_1_40-colonly is not valid, and may be exported wrongly
14:30:23 | INFO: Extracting primitive: ranch_boundary_1_40-colonly
14:30:23 | INFO: Primitives created: 1
14:30:23 | WARNING: Mesh ranch_boundary_1_41-colonly is not valid, and may be exported wrongly
14:30:23 | INFO: Extracting primitive: ranch_boundary_1_41-colonly
14:30:23 | INFO: Primitives created: 1
14:30:23 | WARNING: Mesh ranch_boundary_1_42-colonly is not valid, and may be exported wrongly
14:30:23 | INFO: Extracting primitive: ranch_boundary_1_42-colonly
14:30:23 | INFO: Primitives created: 1
14:30:23 | WARNING: Mesh ranch_boundary_1_43-colonly is not valid, and may be exported wrongly
14:30:23 | INFO: Extracting primitive: ranch_boundary_1_43-colonly
14:30:23 | INFO: Primitives created: 1
14:30:23 | WARNING: Mesh ranch_boundary_1_44-colonly is not valid, and may be exported wrongly
14:30:23 | INFO: Extracting primitive: ranch_boundary_1_44-colonly
14:30:23 | INFO: Primitives created: 1
14:30:23 | WARNING: Mesh ranch_boundary_1_45-colonly is not valid, and may be exported wrongly
14:30:23 | INFO: Extracting primitive: ranch_boundary_1_45-colonly
14:30:23 | INFO: Primitives created: 1
14:30:23 | WARNING: Mesh ranch_boundary_1_46-colonly is not valid, and may be exported wrongly
14:30:23 | INFO: Extracting primitive: ranch_boundary_1_46-colonly
14:30:23 | INFO: Primitives created: 1
14:30:23 | WARNING: Mesh ranch_boundary_1_47-colonly is not valid, and may be exported wrongly
14:30:23 | INFO: Extracting primitive: ranch_boundary_1_47-colonly
14:30:23 | INFO: Primitives created: 1
14:30:23 | WARNING: Mesh ranch_boundary_1_48-colonly is not valid, and may be exported wrongly
14:30:23 | INFO: Extracting primitive: ranch_boundary_1_48-colonly
14:30:23 | INFO: Primitives created: 1
14:30:23 | WARNING: Mesh ranch_boundary_1_49-colonly is not valid, and may be exported wrongly
14:30:23 | INFO: Extracting primitive: ranch_boundary_1_49-colonly
14:30:23 | INFO: Primitives created: 1
14:30:23 | WARNING: Mesh ranch_boundary_1_50-colonly is not valid, and may be exported wrongly
14:30:23 | INFO: Extracting primitive: ranch_boundary_1_50-colonly
14:30:23 | INFO: Primitives created: 1
14:30:23 | WARNING: Mesh ranch_boundary_1_51-colonly is not valid, and may be exported wrongly
14:30:23 | INFO: Extracting primitive: ranch_boundary_1_51-colonly
14:30:23 | INFO: Primitives created: 1
14:30:23 | WARNING: Mesh ranch_boundary_1_52-colonly is not valid, and may be exported wrongly
14:30:23 | INFO: Extracting primitive: ranch_boundary_1_52-colonly
14:30:23 | INFO: Primitives created: 1
14:30:23 | WARNING: Mesh ranch_boundary_1_53-colonly is not valid, and may be exported wrongly
14:30:23 | INFO: Extracting primitive: ranch_boundary_1_53-colonly
14:30:23 | INFO: Primitives created: 1
14:30:23 | WARNING: Mesh ranch_boundary_1_54-colonly is not valid, and may be exported wrongly
14:30:23 | INFO: Extracting primitive: ranch_boundary_1_54-colonly
14:30:23 | INFO: Primitives created: 1
14:30:23 | WARNING: Mesh ranch_boundary_1_55-colonly is not valid, and may be exported wrongly
14:30:23 | INFO: Extracting primitive: ranch_boundary_1_55-colonly
14:30:23 | INFO: Primitives created: 1
14:30:23 | WARNING: Mesh ranch_boundary_1_56-colonly is not valid, and may be exported wrongly
14:30:23 | INFO: Extracting primitive: ranch_boundary_1_56-colonly
14:30:23 | INFO: Primitives created: 1
14:30:23 | WARNING: Mesh ranch_boundary_1_57-colonly is not valid, and may be exported wrongly
14:30:23 | INFO: Extracting primitive: ranch_boundary_1_57-colonly
14:30:23 | INFO: Primitives created: 1
14:30:23 | WARNING: Mesh ranch_boundary_1_58-colonly is not valid, and may be exported wrongly
14:30:23 | INFO: Extracting primitive: ranch_boundary_1_58-colonly
14:30:23 | INFO: Primitives created: 1
14:30:23 | WARNING: Mesh ranch_boundary_1_59-colonly is not valid, and may be exported wrongly
14:30:23 | INFO: Extracting primitive: ranch_boundary_1_59-colonly
14:30:23 | INFO: Primitives created: 1
14:30:23 | WARNING: Mesh ranch_boundary_1_60-colonly is not valid, and may be exported wrongly
14:30:23 | INFO: Extracting primitive: ranch_boundary_1_60-colonly
14:30:23 | INFO: Primitives created: 1
14:30:23 | WARNING: Mesh ranch_boundary_1_61-colonly is not valid, and may be exported wrongly
14:30:23 | INFO: Extracting primitive: ranch_boundary_1_61-colonly
14:30:23 | INFO: Primitives created: 1
14:30:23 | WARNING: Mesh ranch_boundary_1_62-colonly is not valid, and may be exported wrongly
14:30:23 | INFO: Extracting primitive: ranch_boundary_1_62-colonly
14:30:23 | INFO: Primitives created: 1
14:30:23 | WARNING: Mesh ranch_boundary_1_63-colonly is not valid, and may be exported wrongly
14:30:23 | INFO: Extracting primitive: ranch_boundary_1_63-colonly
14:30:23 | INFO: Primitives created: 1
14:30:23 | WARNING: Mesh ranch_boundary_1_64-colonly is not valid, and may be exported wrongly
14:30:23 | INFO: Extracting primitive: ranch_boundary_1_64-colonly
14:30:23 | INFO: Primitives created: 1
14:30:23 | WARNING: Mesh ranch_boundary_1_65-colonly is not valid, and may be exported wrongly
14:30:23 | INFO: Extracting primitive: ranch_boundary_1_65-colonly
14:30:23 | INFO: Primitives created: 1
14:30:23 | WARNING: Mesh ranch_boundary_1_66-colonly is not valid, and may be exported wrongly
14:30:23 | INFO: Extracting primitive: ranch_boundary_1_66-colonly
14:30:23 | INFO: Primitives created: 1
14:30:23 | WARNING: Mesh ranch_boundary_1_67-colonly is not valid, and may be exported wrongly
14:30:23 | INFO: Extracting primitive: ranch_boundary_1_67-colonly
14:30:23 | INFO: Primitives created: 1
14:30:23 | WARNING: Mesh ranch_boundary_1_68-colonly is not valid, and may be exported wrongly
14:30:23 | INFO: Extracting primitive: ranch_boundary_1_68-colonly
14:30:23 | INFO: Primitives created: 1
14:30:23 | WARNING: Mesh ranch_boundary_1_69-colonly is not valid, and may be exported wrongly
14:30:23 | INFO: Extracting primitive: ranch_boundary_1_69-colonly
14:30:23 | INFO: Primitives created: 1
14:30:23 | WARNING: Mesh ranch_boundary_1_70-colonly is not valid, and may be exported wrongly
14:30:23 | INFO: Extracting primitive: ranch_boundary_1_70-colonly
14:30:23 | INFO: Primitives created: 1
14:30:23 | WARNING: Mesh ranch_boundary_1_71-colonly is not valid, and may be exported wrongly
14:30:23 | INFO: Extracting primitive: ranch_boundary_1_71-colonly
14:30:23 | INFO: Primitives created: 1
14:30:23 | WARNING: Mesh ranch_boundary_1_72-colonly is not valid, and may be exported wrongly
14:30:23 | INFO: Extracting primitive: ranch_boundary_1_72-colonly
14:30:23 | INFO: Primitives created: 1
14:30:23 | WARNING: Mesh ranch_boundary_1_73-colonly is not valid, and may be exported wrongly
14:30:23 | INFO: Extracting primitive: ranch_boundary_1_73-colonly
14:30:23 | INFO: Primitives created: 1
14:30:23 | WARNING: Mesh ranch_boundary_1_74-colonly is not valid, and may be exported wrongly
14:30:23 | INFO: Extracting primitive: ranch_boundary_1_74-colonly
14:30:23 | INFO: Primitives created: 1
14:30:23 | WARNING: Mesh ranch_boundary_1_75-colonly is not valid, and may be exported wrongly
14:30:23 | INFO: Extracting primitive: ranch_boundary_1_75-colonly
14:30:23 | INFO: Primitives created: 1
14:30:23 | WARNING: Mesh ranch_boundary_1_76-colonly is not valid, and may be exported wrongly
14:30:23 | INFO: Extracting primitive: ranch_boundary_1_76-colonly
14:30:23 | INFO: Primitives created: 1
14:30:23 | WARNING: Mesh ranch_boundary_1_77-colonly is not valid, and may be exported wrongly
14:30:23 | INFO: Extracting primitive: ranch_boundary_1_77-colonly
14:30:23 | INFO: Primitives created: 1
14:30:23 | WARNING: Mesh ranch_boundary_1_78-colonly is not valid, and may be exported wrongly
14:30:23 | INFO: Extracting primitive: ranch_boundary_1_78-colonly
14:30:23 | INFO: Primitives created: 1
14:30:23 | WARNING: Mesh ranch_boundary_1_79-colonly is not valid, and may be exported wrongly
14:30:23 | INFO: Extracting primitive: ranch_boundary_1_79-colonly
14:30:23 | INFO: Primitives created: 1
14:30:23 | WARNING: Mesh ranch_boundary_1_80-colonly is not valid, and may be exported wrongly
14:30:23 | INFO: Extracting primitive: ranch_boundary_1_80-colonly
14:30:23 | INFO: Primitives created: 1
14:30:23 | WARNING: Mesh ranch_boundary_1_81-colonly is not valid, and may be exported wrongly
14:30:23 | INFO: Extracting primitive: ranch_boundary_1_81-colonly
14:30:23 | INFO: Primitives created: 1
14:30:23 | WARNING: Mesh ranch_boundary_1_82-colonly is not valid, and may be exported wrongly
14:30:23 | INFO: Extracting primitive: ranch_boundary_1_82-colonly
14:30:23 | INFO: Primitives created: 1
14:30:23 | WARNING: Mesh ranch_boundary_1_83-colonly is not valid, and may be exported wrongly
14:30:23 | INFO: Extracting primitive: ranch_boundary_1_83-colonly
14:30:23 | INFO: Primitives created: 1
14:30:23 | WARNING: Mesh ranch_boundary_1_84-colonly is not valid, and may be exported wrongly
14:30:23 | INFO: Extracting primitive: ranch_boundary_1_84-colonly
14:30:23 | INFO: Primitives created: 1
14:30:23 | WARNING: Mesh ranch_boundary_1_85-colonly is not valid, and may be exported wrongly
14:30:23 | INFO: Extracting primitive: ranch_boundary_1_85-colonly
14:30:23 | INFO: Primitives created: 1
14:30:23 | WARNING: Mesh ranch_boundary_1_86-colonly is not valid, and may be exported wrongly
14:30:23 | INFO: Extracting primitive: ranch_boundary_1_86-colonly
14:30:23 | INFO: Primitives created: 1
14:30:23 | WARNING: Mesh ranch_boundary_1_87-colonly is not valid, and may be exported wrongly
14:30:23 | INFO: Extracting primitive: ranch_boundary_1_87-colonly
14:30:23 | INFO: Primitives created: 1
14:30:23 | WARNING: Mesh ranch_boundary_1_88-colonly is not valid, and may be exported wrongly
14:30:23 | INFO: Extracting primitive: ranch_boundary_1_88-colonly
14:30:23 | INFO: Primitives created: 1
14:30:23 | WARNING: Mesh ranch_boundary_1_89-colonly is not valid, and may be exported wrongly
14:30:23 | INFO: Extracting primitive: ranch_boundary_1_89-colonly
14:30:23 | INFO: Primitives created: 1
14:30:23 | WARNING: Mesh ranch_boundary_1_90-colonly is not valid, and may be exported wrongly
14:30:23 | INFO: Extracting primitive: ranch_boundary_1_90-colonly
14:30:23 | INFO: Primitives created: 1
14:30:23 | WARNING: Mesh ranch_boundary_1_91-colonly is not valid, and may be exported wrongly
14:30:23 | INFO: Extracting primitive: ranch_boundary_1_91-colonly
14:30:23 | INFO: Primitives created: 1
14:30:23 | WARNING: Mesh ranch_boundary_2_0-colonly is not valid, and may be exported wrongly
14:30:23 | INFO: Extracting primitive: ranch_boundary_2_0-colonly
14:30:23 | INFO: Primitives created: 1
14:30:23 | WARNING: Mesh ranch_boundary_2_1-colonly is not valid, and may be exported wrongly
14:30:23 | INFO: Extracting primitive: ranch_boundary_2_1-colonly
14:30:23 | INFO: Primitives created: 1
14:30:23 | WARNING: Mesh ranch_boundary_2_2-colonly is not valid, and may be exported wrongly
14:30:23 | INFO: Extracting primitive: ranch_boundary_2_2-colonly
14:30:23 | INFO: Primitives created: 1
14:30:23 | WARNING: Mesh ranch_boundary_2_3-colonly is not valid, and may be exported wrongly
14:30:23 | INFO: Extracting primitive: ranch_boundary_2_3-colonly
14:30:23 | INFO: Primitives created: 1
14:30:23 | WARNING: Mesh ranch_boundary_2_4-colonly is not valid, and may be exported wrongly
14:30:23 | INFO: Extracting primitive: ranch_boundary_2_4-colonly
14:30:23 | INFO: Primitives created: 1
14:30:23 | WARNING: Mesh ranch_boundary_2_5-colonly is not valid, and may be exported wrongly
14:30:23 | INFO: Extracting primitive: ranch_boundary_2_5-colonly
14:30:23 | INFO: Primitives created: 1
14:30:23 | WARNING: Mesh ranch_boundary_2_6-colonly is not valid, and may be exported wrongly
14:30:23 | INFO: Extracting primitive: ranch_boundary_2_6-colonly
14:30:23 | INFO: Primitives created: 1
14:30:23 | WARNING: Mesh ranch_boundary_2_7-colonly is not valid, and may be exported wrongly
14:30:23 | INFO: Extracting primitive: ranch_boundary_2_7-colonly
14:30:23 | INFO: Primitives created: 1
14:30:23 | WARNING: Mesh ranch_boundary_2_8-colonly is not valid, and may be exported wrongly
14:30:23 | INFO: Extracting primitive: ranch_boundary_2_8-colonly
14:30:23 | INFO: Primitives created: 1
14:30:23 | WARNING: Mesh ranch_boundary_2_9-colonly is not valid, and may be exported wrongly
14:30:23 | INFO: Extracting primitive: ranch_boundary_2_9-colonly
14:30:23 | INFO: Primitives created: 1
14:30:23 | WARNING: Mesh ranch_boundary_2_10-colonly is not valid, and may be exported wrongly
14:30:23 | INFO: Extracting primitive: ranch_boundary_2_10-colonly
14:30:23 | INFO: Primitives created: 1
14:30:23 | WARNING: Mesh ranch_boundary_2_11-colonly is not valid, and may be exported wrongly
14:30:23 | INFO: Extracting primitive: ranch_boundary_2_11-colonly
14:30:23 | INFO: Primitives created: 1
14:30:23 | WARNING: Mesh ranch_boundary_2_12-colonly is not valid, and may be exported wrongly
14:30:23 | INFO: Extracting primitive: ranch_boundary_2_12-colonly
14:30:23 | INFO: Primitives created: 1
14:30:23 | WARNING: Mesh ranch_boundary_2_13-colonly is not valid, and may be exported wrongly
14:30:23 | INFO: Extracting primitive: ranch_boundary_2_13-colonly
14:30:23 | INFO: Primitives created: 1
14:30:23 | WARNING: Mesh ranch_boundary_2_14-colonly is not valid, and may be exported wrongly
14:30:23 | INFO: Extracting primitive: ranch_boundary_2_14-colonly
14:30:23 | INFO: Primitives created: 1
14:30:23 | WARNING: Mesh ranch_boundary_2_15-colonly is not valid, and may be exported wrongly
14:30:23 | INFO: Extracting primitive: ranch_boundary_2_15-colonly
14:30:23 | INFO: Primitives created: 1
14:30:23 | WARNING: Mesh ranch_boundary_2_16-colonly is not valid, and may be exported wrongly
14:30:23 | INFO: Extracting primitive: ranch_boundary_2_16-colonly
14:30:23 | INFO: Primitives created: 1
14:30:23 | WARNING: Mesh ranch_boundary_2_17-colonly is not valid, and may be exported wrongly
14:30:23 | INFO: Extracting primitive: ranch_boundary_2_17-colonly
14:30:23 | INFO: Primitives created: 1
14:30:23 | WARNING: Mesh ranch_boundary_2_18-colonly is not valid, and may be exported wrongly
14:30:23 | INFO: Extracting primitive: ranch_boundary_2_18-colonly
14:30:23 | INFO: Primitives created: 1
14:30:23 | WARNING: Mesh ranch_boundary_2_19-colonly is not valid, and may be exported wrongly
14:30:23 | INFO: Extracting primitive: ranch_boundary_2_19-colonly
14:30:23 | INFO: Primitives created: 1
14:30:23 | WARNING: Mesh ranch_boundary_2_20-colonly is not valid, and may be exported wrongly
14:30:23 | INFO: Extracting primitive: ranch_boundary_2_20-colonly
14:30:23 | INFO: Primitives created: 1
14:30:23 | WARNING: Mesh ranch_boundary_2_21-colonly is not valid, and may be exported wrongly
14:30:23 | INFO: Extracting primitive: ranch_boundary_2_21-colonly
14:30:23 | INFO: Primitives created: 1
14:30:23 | WARNING: Mesh ranch_boundary_2_22-colonly is not valid, and may be exported wrongly
14:30:23 | INFO: Extracting primitive: ranch_boundary_2_22-colonly
14:30:23 | INFO: Primitives created: 1
14:30:23 | WARNING: Mesh ranch_boundary_2_23-colonly is not valid, and may be exported wrongly
14:30:23 | INFO: Extracting primitive: ranch_boundary_2_23-colonly
14:30:23 | INFO: Primitives created: 1
14:30:23 | WARNING: Mesh ranch_boundary_2_24-colonly is not valid, and may be exported wrongly
14:30:23 | INFO: Extracting primitive: ranch_boundary_2_24-colonly
14:30:23 | INFO: Primitives created: 1
14:30:23 | WARNING: Mesh ranch_boundary_2_25-colonly is not valid, and may be exported wrongly
14:30:23 | INFO: Extracting primitive: ranch_boundary_2_25-colonly
14:30:23 | INFO: Primitives created: 1
14:30:23 | WARNING: Mesh ranch_boundary_2_26-colonly is not valid, and may be exported wrongly
14:30:23 | INFO: Extracting primitive: ranch_boundary_2_26-colonly
14:30:23 | INFO: Primitives created: 1
14:30:23 | WARNING: Mesh ranch_boundary_2_27-colonly is not valid, and may be exported wrongly
14:30:23 | INFO: Extracting primitive: ranch_boundary_2_27-colonly
14:30:23 | INFO: Primitives created: 1
14:30:23 | WARNING: Mesh ranch_boundary_2_28-colonly is not valid, and may be exported wrongly
14:30:23 | INFO: Extracting primitive: ranch_boundary_2_28-colonly
14:30:23 | INFO: Primitives created: 1
14:30:23 | WARNING: Mesh ranch_boundary_2_29-colonly is not valid, and may be exported wrongly
14:30:23 | INFO: Extracting primitive: ranch_boundary_2_29-colonly
14:30:23 | INFO: Primitives created: 1
14:30:23 | WARNING: Mesh ranch_boundary_2_30-colonly is not valid, and may be exported wrongly
14:30:23 | INFO: Extracting primitive: ranch_boundary_2_30-colonly
14:30:23 | INFO: Primitives created: 1
14:30:23 | WARNING: Mesh ranch_boundary_2_31-colonly is not valid, and may be exported wrongly
14:30:23 | INFO: Extracting primitive: ranch_boundary_2_31-colonly
14:30:23 | INFO: Primitives created: 1
14:30:23 | WARNING: Mesh ranch_boundary_3_0-colonly is not valid, and may be exported wrongly
14:30:23 | INFO: Extracting primitive: ranch_boundary_3_0-colonly
14:30:23 | INFO: Primitives created: 1
14:30:23 | WARNING: Mesh ranch_boundary_3_1-colonly is not valid, and may be exported wrongly
14:30:23 | INFO: Extracting primitive: ranch_boundary_3_1-colonly
14:30:23 | INFO: Primitives created: 1
14:30:23 | WARNING: Mesh ranch_boundary_3_2-colonly is not valid, and may be exported wrongly
14:30:23 | INFO: Extracting primitive: ranch_boundary_3_2-colonly
14:30:23 | INFO: Primitives created: 1
14:30:23 | WARNING: Mesh ranch_boundary_3_3-colonly is not valid, and may be exported wrongly
14:30:23 | INFO: Extracting primitive: ranch_boundary_3_3-colonly
14:30:23 | INFO: Primitives created: 1
14:30:23 | WARNING: Mesh ranch_boundary_3_4-colonly is not valid, and may be exported wrongly
14:30:23 | INFO: Extracting primitive: ranch_boundary_3_4-colonly
14:30:23 | INFO: Primitives created: 1
14:30:23 | WARNING: Mesh ranch_boundary_3_5-colonly is not valid, and may be exported wrongly
14:30:23 | INFO: Extracting primitive: ranch_boundary_3_5-colonly
14:30:23 | INFO: Primitives created: 1
14:30:23 | WARNING: Mesh ranch_boundary_3_6-colonly is not valid, and may be exported wrongly
14:30:23 | INFO: Extracting primitive: ranch_boundary_3_6-colonly
14:30:23 | INFO: Primitives created: 1
14:30:23 | WARNING: Mesh ranch_boundary_3_7-colonly is not valid, and may be exported wrongly
14:30:23 | INFO: Extracting primitive: ranch_boundary_3_7-colonly
14:30:23 | INFO: Primitives created: 1
14:30:23 | WARNING: Mesh ranch_boundary_3_8-colonly is not valid, and may be exported wrongly
14:30:23 | INFO: Extracting primitive: ranch_boundary_3_8-colonly
14:30:23 | INFO: Primitives created: 1
14:30:23 | WARNING: Mesh ranch_boundary_3_9-colonly is not valid, and may be exported wrongly
14:30:23 | INFO: Extracting primitive: ranch_boundary_3_9-colonly
14:30:23 | INFO: Primitives created: 1
14:30:23 | WARNING: Mesh ranch_boundary_3_10-colonly is not valid, and may be exported wrongly
14:30:23 | INFO: Extracting primitive: ranch_boundary_3_10-colonly
14:30:23 | INFO: Primitives created: 1
14:30:23 | WARNING: Mesh ranch_boundary_3_11-colonly is not valid, and may be exported wrongly
14:30:23 | INFO: Extracting primitive: ranch_boundary_3_11-colonly
14:30:23 | INFO: Primitives created: 1
14:30:23 | WARNING: Mesh ranch_boundary_3_12-colonly is not valid, and may be exported wrongly
14:30:23 | INFO: Extracting primitive: ranch_boundary_3_12-colonly
14:30:23 | INFO: Primitives created: 1
14:30:23 | WARNING: Mesh ranch_boundary_3_13-colonly is not valid, and may be exported wrongly
14:30:23 | INFO: Extracting primitive: ranch_boundary_3_13-colonly
14:30:23 | INFO: Primitives created: 1
14:30:23 | WARNING: Mesh ranch_boundary_3_14-colonly is not valid, and may be exported wrongly
14:30:23 | INFO: Extracting primitive: ranch_boundary_3_14-colonly
14:30:23 | INFO: Primitives created: 1
14:30:23 | WARNING: Mesh ranch_boundary_3_15-colonly is not valid, and may be exported wrongly
14:30:23 | INFO: Extracting primitive: ranch_boundary_3_15-colonly
14:30:23 | INFO: Primitives created: 1
14:30:23 | WARNING: Mesh ranch_boundary_3_16-colonly is not valid, and may be exported wrongly
14:30:23 | INFO: Extracting primitive: ranch_boundary_3_16-colonly
14:30:23 | INFO: Primitives created: 1
14:30:23 | WARNING: Mesh ranch_boundary_3_17-colonly is not valid, and may be exported wrongly
14:30:23 | INFO: Extracting primitive: ranch_boundary_3_17-colonly
14:30:23 | INFO: Primitives created: 1
14:30:23 | WARNING: Mesh ranch_boundary_3_18-colonly is not valid, and may be exported wrongly
14:30:23 | INFO: Extracting primitive: ranch_boundary_3_18-colonly
14:30:23 | INFO: Primitives created: 1
14:30:23 | WARNING: Mesh ranch_boundary_3_19-colonly is not valid, and may be exported wrongly
14:30:23 | INFO: Extracting primitive: ranch_boundary_3_19-colonly
14:30:23 | INFO: Primitives created: 1
14:30:23 | WARNING: Mesh ranch_boundary_3_20-colonly is not valid, and may be exported wrongly
14:30:23 | INFO: Extracting primitive: ranch_boundary_3_20-colonly
14:30:23 | INFO: Primitives created: 1
14:30:23 | WARNING: Mesh ranch_boundary_3_21-colonly is not valid, and may be exported wrongly
14:30:23 | INFO: Extracting primitive: ranch_boundary_3_21-colonly
14:30:23 | INFO: Primitives created: 1
14:30:23 | WARNING: Mesh ranch_boundary_3_22-colonly is not valid, and may be exported wrongly
14:30:23 | INFO: Extracting primitive: ranch_boundary_3_22-colonly
14:30:23 | INFO: Primitives created: 1
14:30:23 | WARNING: Mesh ranch_boundary_3_23-colonly is not valid, and may be exported wrongly
14:30:23 | INFO: Extracting primitive: ranch_boundary_3_23-colonly
14:30:23 | INFO: Primitives created: 1
14:30:23 | WARNING: Mesh ranch_boundary_3_24-colonly is not valid, and may be exported wrongly
14:30:23 | INFO: Extracting primitive: ranch_boundary_3_24-colonly
14:30:23 | INFO: Primitives created: 1
14:30:23 | WARNING: Mesh ranch_boundary_3_25-colonly is not valid, and may be exported wrongly
14:30:23 | INFO: Extracting primitive: ranch_boundary_3_25-colonly
14:30:23 | INFO: Primitives created: 1
14:30:23 | WARNING: Mesh ranch_boundary_3_26-colonly is not valid, and may be exported wrongly
14:30:23 | INFO: Extracting primitive: ranch_boundary_3_26-colonly
14:30:23 | INFO: Primitives created: 1
14:30:23 | WARNING: Mesh ranch_boundary_3_27-colonly is not valid, and may be exported wrongly
14:30:23 | INFO: Extracting primitive: ranch_boundary_3_27-colonly
14:30:23 | INFO: Primitives created: 1
14:30:23 | WARNING: Mesh ranch_boundary_3_28-colonly is not valid, and may be exported wrongly
14:30:23 | INFO: Extracting primitive: ranch_boundary_3_28-colonly
14:30:23 | INFO: Primitives created: 1
14:30:23 | WARNING: Mesh ranch_boundary_3_29-colonly is not valid, and may be exported wrongly
14:30:23 | INFO: Extracting primitive: ranch_boundary_3_29-colonly
14:30:23 | INFO: Primitives created: 1
14:30:23 | WARNING: Mesh ranch_boundary_3_30-colonly is not valid, and may be exported wrongly
14:30:23 | INFO: Extracting primitive: ranch_boundary_3_30-colonly
14:30:23 | INFO: Primitives created: 1
14:30:23 | WARNING: Mesh ranch_boundary_3_31-colonly is not valid, and may be exported wrongly
14:30:23 | INFO: Extracting primitive: ranch_boundary_3_31-colonly
14:30:23 | INFO: Primitives created: 1
14:30:23 | WARNING: Mesh ranch_boundary_3_32-colonly is not valid, and may be exported wrongly
14:30:23 | INFO: Extracting primitive: ranch_boundary_3_32-colonly
14:30:23 | INFO: Primitives created: 1
14:30:23 | WARNING: Mesh ranch_boundary_3_33-colonly is not valid, and may be exported wrongly
14:30:23 | INFO: Extracting primitive: ranch_boundary_3_33-colonly
14:30:23 | INFO: Primitives created: 1
14:30:23 | WARNING: Mesh ranch_boundary_3_34-colonly is not valid, and may be exported wrongly
14:30:23 | INFO: Extracting primitive: ranch_boundary_3_34-colonly
14:30:23 | INFO: Primitives created: 1
14:30:23 | WARNING: Mesh ranch_boundary_3_35-colonly is not valid, and may be exported wrongly
14:30:23 | INFO: Extracting primitive: ranch_boundary_3_35-colonly
14:30:23 | INFO: Primitives created: 1
14:30:23 | WARNING: Mesh ranch_boundary_3_36-colonly is not valid, and may be exported wrongly
14:30:23 | INFO: Extracting primitive: ranch_boundary_3_36-colonly
14:30:23 | INFO: Primitives created: 1
14:30:23 | WARNING: Mesh ranch_boundary_3_37-colonly is not valid, and may be exported wrongly
14:30:23 | INFO: Extracting primitive: ranch_boundary_3_37-colonly
14:30:23 | INFO: Primitives created: 1
14:30:23 | WARNING: Mesh ranch_boundary_3_38-colonly is not valid, and may be exported wrongly
14:30:23 | INFO: Extracting primitive: ranch_boundary_3_38-colonly
14:30:23 | INFO: Primitives created: 1
14:30:23 | WARNING: Mesh ranch_boundary_4_0-colonly is not valid, and may be exported wrongly
14:30:23 | INFO: Extracting primitive: ranch_boundary_4_0-colonly
14:30:23 | INFO: Primitives created: 1
14:30:23 | WARNING: Mesh ranch_boundary_4_1-colonly is not valid, and may be exported wrongly
14:30:23 | INFO: Extracting primitive: ranch_boundary_4_1-colonly
14:30:23 | INFO: Primitives created: 1
14:30:23 | WARNING: Mesh ranch_boundary_4_2-colonly is not valid, and may be exported wrongly
14:30:23 | INFO: Extracting primitive: ranch_boundary_4_2-colonly
14:30:23 | INFO: Primitives created: 1
14:30:23 | WARNING: Mesh ranch_boundary_4_3-colonly is not valid, and may be exported wrongly
14:30:23 | INFO: Extracting primitive: ranch_boundary_4_3-colonly
14:30:23 | INFO: Primitives created: 1
14:30:23 | WARNING: Mesh ranch_boundary_4_4-colonly is not valid, and may be exported wrongly
14:30:23 | INFO: Extracting primitive: ranch_boundary_4_4-colonly
14:30:23 | INFO: Primitives created: 1
14:30:23 | WARNING: Mesh ranch_boundary_4_5-colonly is not valid, and may be exported wrongly
14:30:23 | INFO: Extracting primitive: ranch_boundary_4_5-colonly
14:30:23 | INFO: Primitives created: 1
14:30:23 | WARNING: Mesh ranch_boundary_4_6-colonly is not valid, and may be exported wrongly
14:30:23 | INFO: Extracting primitive: ranch_boundary_4_6-colonly
14:30:23 | INFO: Primitives created: 1
14:30:23 | WARNING: Mesh ranch_boundary_4_7-colonly is not valid, and may be exported wrongly
14:30:23 | INFO: Extracting primitive: ranch_boundary_4_7-colonly
14:30:23 | INFO: Primitives created: 1
14:30:23 | WARNING: Mesh ranch_boundary_4_8-colonly is not valid, and may be exported wrongly
14:30:23 | INFO: Extracting primitive: ranch_boundary_4_8-colonly
14:30:23 | INFO: Primitives created: 1
14:30:23 | WARNING: Mesh ranch_boundary_4_9-colonly is not valid, and may be exported wrongly
14:30:23 | INFO: Extracting primitive: ranch_boundary_4_9-colonly
14:30:23 | INFO: Primitives created: 1
14:30:23 | WARNING: Mesh ranch_boundary_4_10-colonly is not valid, and may be exported wrongly
14:30:23 | INFO: Extracting primitive: ranch_boundary_4_10-colonly
14:30:23 | INFO: Primitives created: 1
14:30:23 | WARNING: Mesh ranch_boundary_4_11-colonly is not valid, and may be exported wrongly
14:30:23 | INFO: Extracting primitive: ranch_boundary_4_11-colonly
14:30:23 | INFO: Primitives created: 1
14:30:23 | WARNING: Mesh ranch_boundary_4_12-colonly is not valid, and may be exported wrongly
14:30:23 | INFO: Extracting primitive: ranch_boundary_4_12-colonly
14:30:23 | INFO: Primitives created: 1
14:30:23 | WARNING: Mesh ranch_boundary_4_13-colonly is not valid, and may be exported wrongly
14:30:23 | INFO: Extracting primitive: ranch_boundary_4_13-colonly
14:30:23 | INFO: Primitives created: 1
14:30:23 | WARNING: Mesh ranch_boundary_4_14-colonly is not valid, and may be exported wrongly
14:30:23 | INFO: Extracting primitive: ranch_boundary_4_14-colonly
14:30:23 | INFO: Primitives created: 1
14:30:23 | WARNING: Mesh ranch_boundary_4_15-colonly is not valid, and may be exported wrongly
14:30:23 | INFO: Extracting primitive: ranch_boundary_4_15-colonly
14:30:23 | INFO: Primitives created: 1
14:30:23 | WARNING: Mesh ranch_boundary_4_16-colonly is not valid, and may be exported wrongly
14:30:23 | INFO: Extracting primitive: ranch_boundary_4_16-colonly
14:30:23 | INFO: Primitives created: 1
14:30:23 | WARNING: Mesh ranch_boundary_4_17-colonly is not valid, and may be exported wrongly
14:30:23 | INFO: Extracting primitive: ranch_boundary_4_17-colonly
14:30:23 | INFO: Primitives created: 1
14:30:23 | WARNING: Mesh ranch_boundary_4_18-colonly is not valid, and may be exported wrongly
14:30:23 | INFO: Extracting primitive: ranch_boundary_4_18-colonly
14:30:23 | INFO: Primitives created: 1
14:30:23 | WARNING: Mesh ranch_boundary_4_19-colonly is not valid, and may be exported wrongly
14:30:23 | INFO: Extracting primitive: ranch_boundary_4_19-colonly
14:30:23 | INFO: Primitives created: 1
14:30:23 | WARNING: Mesh ranch_boundary_4_20-colonly is not valid, and may be exported wrongly
14:30:23 | INFO: Extracting primitive: ranch_boundary_4_20-colonly
14:30:23 | INFO: Primitives created: 1
14:30:23 | WARNING: Mesh ranch_boundary_4_21-colonly is not valid, and may be exported wrongly
14:30:23 | INFO: Extracting primitive: ranch_boundary_4_21-colonly
14:30:23 | INFO: Primitives created: 1
14:30:23 | WARNING: Mesh ranch_boundary_4_22-colonly is not valid, and may be exported wrongly
14:30:23 | INFO: Extracting primitive: ranch_boundary_4_22-colonly
14:30:23 | INFO: Primitives created: 1
14:30:23 | WARNING: Mesh ranch_boundary_4_23-colonly is not valid, and may be exported wrongly
14:30:23 | INFO: Extracting primitive: ranch_boundary_4_23-colonly
14:30:23 | INFO: Primitives created: 1
14:30:23 | WARNING: Mesh ranch_boundary_4_24-colonly is not valid, and may be exported wrongly
14:30:23 | INFO: Extracting primitive: ranch_boundary_4_24-colonly
14:30:23 | INFO: Primitives created: 1
14:30:23 | WARNING: Mesh ranch_boundary_4_25-colonly is not valid, and may be exported wrongly
14:30:23 | INFO: Extracting primitive: ranch_boundary_4_25-colonly
14:30:23 | INFO: Primitives created: 1
14:30:23 | WARNING: Mesh ranch_boundary_4_26-colonly is not valid, and may be exported wrongly
14:30:23 | INFO: Extracting primitive: ranch_boundary_4_26-colonly
14:30:23 | INFO: Primitives created: 1
14:30:23 | WARNING: Mesh ranch_boundary_4_27-colonly is not valid, and may be exported wrongly
14:30:23 | INFO: Extracting primitive: ranch_boundary_4_27-colonly
14:30:23 | INFO: Primitives created: 1
14:30:23 | WARNING: Mesh ranch_boundary_4_28-colonly is not valid, and may be exported wrongly
14:30:23 | INFO: Extracting primitive: ranch_boundary_4_28-colonly
14:30:23 | INFO: Primitives created: 1
14:30:23 | WARNING: Mesh ranch_boundary_4_29-colonly is not valid, and may be exported wrongly
14:30:23 | INFO: Extracting primitive: ranch_boundary_4_29-colonly
14:30:23 | INFO: Primitives created: 1
14:30:23 | WARNING: Mesh ranch_boundary_4_30-colonly is not valid, and may be exported wrongly
14:30:23 | INFO: Extracting primitive: ranch_boundary_4_30-colonly
14:30:23 | INFO: Primitives created: 1
14:30:23 | WARNING: Mesh ranch_boundary_4_31-colonly is not valid, and may be exported wrongly
14:30:23 | INFO: Extracting primitive: ranch_boundary_4_31-colonly
14:30:23 | INFO: Primitives created: 1
14:30:23 | WARNING: Mesh ranch_boundary_4_32-colonly is not valid, and may be exported wrongly
14:30:23 | INFO: Extracting primitive: ranch_boundary_4_32-colonly
14:30:23 | INFO: Primitives created: 1
14:30:23 | WARNING: Mesh ranch_boundary_4_33-colonly is not valid, and may be exported wrongly
14:30:23 | INFO: Extracting primitive: ranch_boundary_4_33-colonly
14:30:23 | INFO: Primitives created: 1
14:30:23 | WARNING: Mesh ranch_boundary_4_34-colonly is not valid, and may be exported wrongly
14:30:23 | INFO: Extracting primitive: ranch_boundary_4_34-colonly
14:30:23 | INFO: Primitives created: 1
14:30:23 | WARNING: Mesh ranch_boundary_4_35-colonly is not valid, and may be exported wrongly
14:30:23 | INFO: Extracting primitive: ranch_boundary_4_35-colonly
14:30:23 | INFO: Primitives created: 1
14:30:23 | WARNING: Mesh ranch_boundary_4_36-colonly is not valid, and may be exported wrongly
14:30:23 | INFO: Extracting primitive: ranch_boundary_4_36-colonly
14:30:23 | INFO: Primitives created: 1
14:30:23 | WARNING: Mesh ranch_boundary_4_37-colonly is not valid, and may be exported wrongly
14:30:23 | INFO: Extracting primitive: ranch_boundary_4_37-colonly
14:30:23 | INFO: Primitives created: 1
14:30:23 | WARNING: Mesh ranch_boundary_4_38-colonly is not valid, and may be exported wrongly
14:30:23 | INFO: Extracting primitive: ranch_boundary_4_38-colonly
14:30:23 | INFO: Primitives created: 1
14:30:23 | WARNING: Mesh ranch_boundary_4_39-colonly is not valid, and may be exported wrongly
14:30:23 | INFO: Extracting primitive: ranch_boundary_4_39-colonly
14:30:23 | INFO: Primitives created: 1
14:30:23 | WARNING: Mesh ranch_boundary_4_40-colonly is not valid, and may be exported wrongly
14:30:23 | INFO: Extracting primitive: ranch_boundary_4_40-colonly
14:30:23 | INFO: Primitives created: 1
14:30:23 | WARNING: Mesh ranch_boundary_4_41-colonly is not valid, and may be exported wrongly
14:30:23 | INFO: Extracting primitive: ranch_boundary_4_41-colonly
14:30:23 | INFO: Primitives created: 1
14:30:23 | WARNING: Mesh ranch_boundary_4_42-colonly is not valid, and may be exported wrongly
14:30:23 | INFO: Extracting primitive: ranch_boundary_4_42-colonly
14:30:23 | INFO: Primitives created: 1
14:30:23 | WARNING: Mesh ranch_boundary_4_43-colonly is not valid, and may be exported wrongly
14:30:23 | INFO: Extracting primitive: ranch_boundary_4_43-colonly
14:30:23 | INFO: Primitives created: 1
14:30:23 | WARNING: Mesh ranch_boundary_4_44-colonly is not valid, and may be exported wrongly
14:30:23 | INFO: Extracting primitive: ranch_boundary_4_44-colonly
14:30:23 | INFO: Primitives created: 1
14:30:23 | WARNING: Mesh ranch_boundary_5_0-colonly is not valid, and may be exported wrongly
14:30:23 | INFO: Extracting primitive: ranch_boundary_5_0-colonly
14:30:23 | INFO: Primitives created: 1
14:30:23 | WARNING: Mesh ranch_boundary_5_1-colonly is not valid, and may be exported wrongly
14:30:23 | INFO: Extracting primitive: ranch_boundary_5_1-colonly
14:30:23 | INFO: Primitives created: 1
14:30:23 | WARNING: Mesh ranch_boundary_5_2-colonly is not valid, and may be exported wrongly
14:30:23 | INFO: Extracting primitive: ranch_boundary_5_2-colonly
14:30:23 | INFO: Primitives created: 1
14:30:23 | WARNING: Mesh ranch_boundary_5_3-colonly is not valid, and may be exported wrongly
14:30:23 | INFO: Extracting primitive: ranch_boundary_5_3-colonly
14:30:23 | INFO: Primitives created: 1
14:30:23 | WARNING: Mesh ranch_boundary_5_4-colonly is not valid, and may be exported wrongly
14:30:23 | INFO: Extracting primitive: ranch_boundary_5_4-colonly
14:30:23 | INFO: Primitives created: 1
14:30:23 | WARNING: Mesh ranch_boundary_5_5-colonly is not valid, and may be exported wrongly
14:30:23 | INFO: Extracting primitive: ranch_boundary_5_5-colonly
14:30:23 | INFO: Primitives created: 1
14:30:23 | WARNING: Mesh ranch_boundary_5_6-colonly is not valid, and may be exported wrongly
14:30:23 | INFO: Extracting primitive: ranch_boundary_5_6-colonly
14:30:23 | INFO: Primitives created: 1
14:30:23 | WARNING: Mesh ranch_boundary_5_7-colonly is not valid, and may be exported wrongly
14:30:23 | INFO: Extracting primitive: ranch_boundary_5_7-colonly
14:30:23 | INFO: Primitives created: 1
14:30:23 | WARNING: Mesh ranch_boundary_5_8-colonly is not valid, and may be exported wrongly
14:30:23 | INFO: Extracting primitive: ranch_boundary_5_8-colonly
14:30:23 | INFO: Primitives created: 1
14:30:23 | WARNING: Mesh ranch_boundary_5_9-colonly is not valid, and may be exported wrongly
14:30:23 | INFO: Extracting primitive: ranch_boundary_5_9-colonly
14:30:23 | INFO: Primitives created: 1
14:30:23 | WARNING: Mesh ranch_boundary_5_10-colonly is not valid, and may be exported wrongly
14:30:23 | INFO: Extracting primitive: ranch_boundary_5_10-colonly
14:30:23 | INFO: Primitives created: 1
14:30:23 | WARNING: Mesh ranch_boundary_5_11-colonly is not valid, and may be exported wrongly
14:30:23 | INFO: Extracting primitive: ranch_boundary_5_11-colonly
14:30:23 | INFO: Primitives created: 1
14:30:23 | WARNING: Mesh ranch_boundary_5_12-colonly is not valid, and may be exported wrongly
14:30:23 | INFO: Extracting primitive: ranch_boundary_5_12-colonly
14:30:23 | INFO: Primitives created: 1
14:30:23 | WARNING: Mesh ranch_boundary_5_13-colonly is not valid, and may be exported wrongly
14:30:23 | INFO: Extracting primitive: ranch_boundary_5_13-colonly
14:30:23 | INFO: Primitives created: 1
14:30:23 | WARNING: Mesh ranch_boundary_5_14-colonly is not valid, and may be exported wrongly
14:30:23 | INFO: Extracting primitive: ranch_boundary_5_14-colonly
14:30:23 | INFO: Primitives created: 1
14:30:23 | WARNING: Mesh ranch_boundary_5_15-colonly is not valid, and may be exported wrongly
14:30:23 | INFO: Extracting primitive: ranch_boundary_5_15-colonly
14:30:23 | INFO: Primitives created: 1
14:30:23 | WARNING: Mesh ranch_boundary_5_16-colonly is not valid, and may be exported wrongly
14:30:23 | INFO: Extracting primitive: ranch_boundary_5_16-colonly
14:30:23 | INFO: Primitives created: 1
14:30:23 | WARNING: Mesh ranch_boundary_5_17-colonly is not valid, and may be exported wrongly
14:30:23 | INFO: Extracting primitive: ranch_boundary_5_17-colonly
14:30:23 | INFO: Primitives created: 1
14:30:23 | WARNING: Mesh ranch_boundary_5_18-colonly is not valid, and may be exported wrongly
14:30:23 | INFO: Extracting primitive: ranch_boundary_5_18-colonly
14:30:23 | INFO: Primitives created: 1
14:30:23 | WARNING: Mesh ranch_boundary_5_19-colonly is not valid, and may be exported wrongly
14:30:23 | INFO: Extracting primitive: ranch_boundary_5_19-colonly
14:30:23 | INFO: Primitives created: 1
14:30:23 | WARNING: Mesh ranch_boundary_5_20-colonly is not valid, and may be exported wrongly
14:30:23 | INFO: Extracting primitive: ranch_boundary_5_20-colonly
14:30:23 | INFO: Primitives created: 1
14:30:23 | WARNING: Mesh ranch_boundary_5_21-colonly is not valid, and may be exported wrongly
14:30:23 | INFO: Extracting primitive: ranch_boundary_5_21-colonly
14:30:23 | INFO: Primitives created: 1
14:30:23 | WARNING: Mesh ranch_boundary_5_22-colonly is not valid, and may be exported wrongly
14:30:23 | INFO: Extracting primitive: ranch_boundary_5_22-colonly
14:30:23 | INFO: Primitives created: 1
14:30:23 | WARNING: Mesh ranch_boundary_5_23-colonly is not valid, and may be exported wrongly
14:30:23 | INFO: Extracting primitive: ranch_boundary_5_23-colonly
14:30:23 | INFO: Primitives created: 1
14:30:23 | WARNING: Mesh ranch_boundary_5_24-colonly is not valid, and may be exported wrongly
14:30:23 | INFO: Extracting primitive: ranch_boundary_5_24-colonly
14:30:23 | INFO: Primitives created: 1
14:30:23 | WARNING: Mesh ranch_boundary_5_25-colonly is not valid, and may be exported wrongly
14:30:23 | INFO: Extracting primitive: ranch_boundary_5_25-colonly
14:30:23 | INFO: Primitives created: 1
14:30:23 | WARNING: Mesh ranch_boundary_5_26-colonly is not valid, and may be exported wrongly
14:30:23 | INFO: Extracting primitive: ranch_boundary_5_26-colonly
14:30:23 | INFO: Primitives created: 1
14:30:23 | WARNING: Mesh ranch_boundary_5_27-colonly is not valid, and may be exported wrongly
14:30:23 | INFO: Extracting primitive: ranch_boundary_5_27-colonly
14:30:23 | INFO: Primitives created: 1
14:30:23 | WARNING: Mesh ranch_boundary_5_28-colonly is not valid, and may be exported wrongly
14:30:23 | INFO: Extracting primitive: ranch_boundary_5_28-colonly
14:30:23 | INFO: Primitives created: 1
14:30:23 | WARNING: Mesh ranch_boundary_5_29-colonly is not valid, and may be exported wrongly
14:30:23 | INFO: Extracting primitive: ranch_boundary_5_29-colonly
14:30:23 | INFO: Primitives created: 1
14:30:23 | WARNING: Mesh ranch_boundary_5_30-colonly is not valid, and may be exported wrongly
14:30:23 | INFO: Extracting primitive: ranch_boundary_5_30-colonly
14:30:23 | INFO: Primitives created: 1
14:30:23 | WARNING: Mesh ranch_boundary_5_31-colonly is not valid, and may be exported wrongly
14:30:23 | INFO: Extracting primitive: ranch_boundary_5_31-colonly
14:30:23 | INFO: Primitives created: 1
14:30:23 | WARNING: Mesh ranch_boundary_5_32-colonly is not valid, and may be exported wrongly
14:30:23 | INFO: Extracting primitive: ranch_boundary_5_32-colonly
14:30:23 | INFO: Primitives created: 1
14:30:23 | WARNING: Mesh ranch_boundary_5_33-colonly is not valid, and may be exported wrongly
14:30:23 | INFO: Extracting primitive: ranch_boundary_5_33-colonly
14:30:23 | INFO: Primitives created: 1
14:30:23 | WARNING: Mesh ranch_boundary_5_34-colonly is not valid, and may be exported wrongly
14:30:23 | INFO: Extracting primitive: ranch_boundary_5_34-colonly
14:30:23 | INFO: Primitives created: 1
14:30:23 | WARNING: Mesh ranch_boundary_5_35-colonly is not valid, and may be exported wrongly
14:30:23 | INFO: Extracting primitive: ranch_boundary_5_35-colonly
14:30:23 | INFO: Primitives created: 1
14:30:23 | WARNING: Mesh ranch_boundary_5_36-colonly is not valid, and may be exported wrongly
14:30:23 | INFO: Extracting primitive: ranch_boundary_5_36-colonly
14:30:23 | INFO: Primitives created: 1
14:30:23 | WARNING: Mesh ranch_boundary_5_37-colonly is not valid, and may be exported wrongly
14:30:23 | INFO: Extracting primitive: ranch_boundary_5_37-colonly
14:30:23 | INFO: Primitives created: 1
14:30:23 | WARNING: Mesh ranch_boundary_5_38-colonly is not valid, and may be exported wrongly
14:30:23 | INFO: Extracting primitive: ranch_boundary_5_38-colonly
14:30:23 | INFO: Primitives created: 1
14:30:23 | WARNING: Mesh ranch_boundary_6_0-colonly is not valid, and may be exported wrongly
14:30:23 | INFO: Extracting primitive: ranch_boundary_6_0-colonly
14:30:23 | INFO: Primitives created: 1
14:30:23 | WARNING: Mesh ranch_boundary_6_1-colonly is not valid, and may be exported wrongly
14:30:23 | INFO: Extracting primitive: ranch_boundary_6_1-colonly
14:30:23 | INFO: Primitives created: 1
14:30:23 | WARNING: Mesh ranch_boundary_6_2-colonly is not valid, and may be exported wrongly
14:30:23 | INFO: Extracting primitive: ranch_boundary_6_2-colonly
14:30:23 | INFO: Primitives created: 1
14:30:23 | WARNING: Mesh ranch_boundary_6_3-colonly is not valid, and may be exported wrongly
14:30:23 | INFO: Extracting primitive: ranch_boundary_6_3-colonly
14:30:23 | INFO: Primitives created: 1
14:30:23 | WARNING: Mesh ranch_boundary_6_4-colonly is not valid, and may be exported wrongly
14:30:23 | INFO: Extracting primitive: ranch_boundary_6_4-colonly
14:30:23 | INFO: Primitives created: 1
14:30:23 | WARNING: Mesh ranch_boundary_6_5-colonly is not valid, and may be exported wrongly
14:30:23 | INFO: Extracting primitive: ranch_boundary_6_5-colonly
14:30:23 | INFO: Primitives created: 1
14:30:23 | WARNING: Mesh ranch_boundary_6_6-colonly is not valid, and may be exported wrongly
14:30:23 | INFO: Extracting primitive: ranch_boundary_6_6-colonly
14:30:23 | INFO: Primitives created: 1
14:30:23 | WARNING: Mesh ranch_boundary_6_7-colonly is not valid, and may be exported wrongly
14:30:23 | INFO: Extracting primitive: ranch_boundary_6_7-colonly
14:30:23 | INFO: Primitives created: 1
14:30:23 | WARNING: Mesh ranch_boundary_6_8-colonly is not valid, and may be exported wrongly
14:30:23 | INFO: Extracting primitive: ranch_boundary_6_8-colonly
14:30:23 | INFO: Primitives created: 1
14:30:23 | WARNING: Mesh ranch_boundary_6_9-colonly is not valid, and may be exported wrongly
14:30:23 | INFO: Extracting primitive: ranch_boundary_6_9-colonly
14:30:23 | INFO: Primitives created: 1
14:30:23 | WARNING: Mesh ranch_boundary_6_10-colonly is not valid, and may be exported wrongly
14:30:23 | INFO: Extracting primitive: ranch_boundary_6_10-colonly
14:30:23 | INFO: Primitives created: 1
14:30:23 | WARNING: Mesh ranch_boundary_6_11-colonly is not valid, and may be exported wrongly
14:30:23 | INFO: Extracting primitive: ranch_boundary_6_11-colonly
14:30:23 | INFO: Primitives created: 1
14:30:23 | WARNING: Mesh ranch_boundary_6_12-colonly is not valid, and may be exported wrongly
14:30:23 | INFO: Extracting primitive: ranch_boundary_6_12-colonly
14:30:23 | INFO: Primitives created: 1
14:30:23 | WARNING: Mesh ranch_boundary_6_13-colonly is not valid, and may be exported wrongly
14:30:23 | INFO: Extracting primitive: ranch_boundary_6_13-colonly
14:30:23 | INFO: Primitives created: 1
14:30:23 | WARNING: Mesh ranch_boundary_6_14-colonly is not valid, and may be exported wrongly
14:30:23 | INFO: Extracting primitive: ranch_boundary_6_14-colonly
14:30:23 | INFO: Primitives created: 1
14:30:23 | WARNING: Mesh ranch_boundary_6_15-colonly is not valid, and may be exported wrongly
14:30:23 | INFO: Extracting primitive: ranch_boundary_6_15-colonly
14:30:23 | INFO: Primitives created: 1
14:30:23 | WARNING: Mesh ranch_boundary_6_16-colonly is not valid, and may be exported wrongly
14:30:23 | INFO: Extracting primitive: ranch_boundary_6_16-colonly
14:30:23 | INFO: Primitives created: 1
14:30:23 | WARNING: Mesh ranch_boundary_6_17-colonly is not valid, and may be exported wrongly
14:30:23 | INFO: Extracting primitive: ranch_boundary_6_17-colonly
14:30:23 | INFO: Primitives created: 1
14:30:23 | WARNING: Mesh ranch_boundary_6_18-colonly is not valid, and may be exported wrongly
14:30:23 | INFO: Extracting primitive: ranch_boundary_6_18-colonly
14:30:23 | INFO: Primitives created: 1
14:30:23 | WARNING: Mesh ranch_boundary_6_19-colonly is not valid, and may be exported wrongly
14:30:23 | INFO: Extracting primitive: ranch_boundary_6_19-colonly
14:30:23 | INFO: Primitives created: 1
14:30:23 | WARNING: Mesh ranch_boundary_6_20-colonly is not valid, and may be exported wrongly
14:30:23 | INFO: Extracting primitive: ranch_boundary_6_20-colonly
14:30:23 | INFO: Primitives created: 1
14:30:23 | WARNING: Mesh ranch_boundary_6_21-colonly is not valid, and may be exported wrongly
14:30:23 | INFO: Extracting primitive: ranch_boundary_6_21-colonly
14:30:23 | INFO: Primitives created: 1
14:30:23 | WARNING: Mesh ranch_boundary_6_22-colonly is not valid, and may be exported wrongly
14:30:23 | INFO: Extracting primitive: ranch_boundary_6_22-colonly
14:30:23 | INFO: Primitives created: 1
14:30:23 | WARNING: Mesh ranch_boundary_6_23-colonly is not valid, and may be exported wrongly
14:30:23 | INFO: Extracting primitive: ranch_boundary_6_23-colonly
14:30:23 | INFO: Primitives created: 1
14:30:23 | WARNING: Mesh ranch_boundary_6_24-colonly is not valid, and may be exported wrongly
14:30:23 | INFO: Extracting primitive: ranch_boundary_6_24-colonly
14:30:23 | INFO: Primitives created: 1
14:30:23 | WARNING: Mesh ranch_boundary_6_25-colonly is not valid, and may be exported wrongly
14:30:23 | INFO: Extracting primitive: ranch_boundary_6_25-colonly
14:30:23 | INFO: Primitives created: 1
14:30:23 | WARNING: Mesh ranch_boundary_6_26-colonly is not valid, and may be exported wrongly
14:30:23 | INFO: Extracting primitive: ranch_boundary_6_26-colonly
14:30:23 | INFO: Primitives created: 1
14:30:23 | WARNING: Mesh ranch_boundary_6_27-colonly is not valid, and may be exported wrongly
14:30:23 | INFO: Extracting primitive: ranch_boundary_6_27-colonly
14:30:23 | INFO: Primitives created: 1
14:30:23 | WARNING: Mesh ranch_boundary_7_0-colonly is not valid, and may be exported wrongly
14:30:23 | INFO: Extracting primitive: ranch_boundary_7_0-colonly
14:30:23 | INFO: Primitives created: 1
14:30:23 | WARNING: Mesh ranch_boundary_7_1-colonly is not valid, and may be exported wrongly
14:30:23 | INFO: Extracting primitive: ranch_boundary_7_1-colonly
14:30:23 | INFO: Primitives created: 1
14:30:23 | WARNING: Mesh ranch_boundary_7_2-colonly is not valid, and may be exported wrongly
14:30:23 | INFO: Extracting primitive: ranch_boundary_7_2-colonly
14:30:23 | INFO: Primitives created: 1
14:30:23 | WARNING: Mesh ranch_boundary_7_3-colonly is not valid, and may be exported wrongly
14:30:23 | INFO: Extracting primitive: ranch_boundary_7_3-colonly
14:30:23 | INFO: Primitives created: 1
14:30:23 | WARNING: Mesh ranch_boundary_7_4-colonly is not valid, and may be exported wrongly
14:30:23 | INFO: Extracting primitive: ranch_boundary_7_4-colonly
14:30:23 | INFO: Primitives created: 1
14:30:23 | WARNING: Mesh ranch_boundary_7_5-colonly is not valid, and may be exported wrongly
14:30:23 | INFO: Extracting primitive: ranch_boundary_7_5-colonly
14:30:23 | INFO: Primitives created: 1
14:30:23 | WARNING: Mesh ranch_boundary_7_6-colonly is not valid, and may be exported wrongly
14:30:23 | INFO: Extracting primitive: ranch_boundary_7_6-colonly
14:30:23 | INFO: Primitives created: 1
14:30:23 | WARNING: Mesh ranch_boundary_7_7-colonly is not valid, and may be exported wrongly
14:30:23 | INFO: Extracting primitive: ranch_boundary_7_7-colonly
14:30:23 | INFO: Primitives created: 1
14:30:23 | WARNING: Mesh ranch_boundary_7_8-colonly is not valid, and may be exported wrongly
14:30:23 | INFO: Extracting primitive: ranch_boundary_7_8-colonly
14:30:23 | INFO: Primitives created: 1
14:30:23 | WARNING: Mesh ranch_boundary_7_9-colonly is not valid, and may be exported wrongly
14:30:23 | INFO: Extracting primitive: ranch_boundary_7_9-colonly
14:30:23 | INFO: Primitives created: 1
14:30:23 | WARNING: Mesh ranch_boundary_7_10-colonly is not valid, and may be exported wrongly
14:30:23 | INFO: Extracting primitive: ranch_boundary_7_10-colonly
14:30:23 | INFO: Primitives created: 1
14:30:23 | WARNING: Mesh ranch_boundary_7_11-colonly is not valid, and may be exported wrongly
14:30:23 | INFO: Extracting primitive: ranch_boundary_7_11-colonly
14:30:23 | INFO: Primitives created: 1
14:30:23 | WARNING: Mesh ranch_boundary_7_12-colonly is not valid, and may be exported wrongly
14:30:23 | INFO: Extracting primitive: ranch_boundary_7_12-colonly
14:30:23 | INFO: Primitives created: 1
14:30:23 | WARNING: Mesh ranch_boundary_7_13-colonly is not valid, and may be exported wrongly
14:30:23 | INFO: Extracting primitive: ranch_boundary_7_13-colonly
14:30:23 | INFO: Primitives created: 1
14:30:23 | WARNING: Mesh ranch_boundary_7_14-colonly is not valid, and may be exported wrongly
14:30:23 | INFO: Extracting primitive: ranch_boundary_7_14-colonly
14:30:23 | INFO: Primitives created: 1
14:30:23 | WARNING: Mesh ranch_boundary_7_15-colonly is not valid, and may be exported wrongly
14:30:23 | INFO: Extracting primitive: ranch_boundary_7_15-colonly
14:30:23 | INFO: Primitives created: 1
14:30:23 | WARNING: Mesh ranch_boundary_7_16-colonly is not valid, and may be exported wrongly
14:30:23 | INFO: Extracting primitive: ranch_boundary_7_16-colonly
14:30:23 | INFO: Primitives created: 1
14:30:23 | WARNING: Mesh ranch_boundary_8_0-colonly is not valid, and may be exported wrongly
14:30:23 | INFO: Extracting primitive: ranch_boundary_8_0-colonly
14:30:23 | INFO: Primitives created: 1
14:30:23 | WARNING: Mesh ranch_boundary_8_1-colonly is not valid, and may be exported wrongly
14:30:23 | INFO: Extracting primitive: ranch_boundary_8_1-colonly
14:30:23 | INFO: Primitives created: 1
14:30:23 | WARNING: Mesh ranch_boundary_8_2-colonly is not valid, and may be exported wrongly
14:30:23 | INFO: Extracting primitive: ranch_boundary_8_2-colonly
14:30:23 | INFO: Primitives created: 1
14:30:23 | WARNING: Mesh ranch_boundary_8_3-colonly is not valid, and may be exported wrongly
14:30:23 | INFO: Extracting primitive: ranch_boundary_8_3-colonly
14:30:23 | INFO: Primitives created: 1
14:30:23 | WARNING: Mesh ranch_boundary_8_4-colonly is not valid, and may be exported wrongly
14:30:23 | INFO: Extracting primitive: ranch_boundary_8_4-colonly
14:30:23 | INFO: Primitives created: 1
14:30:23 | WARNING: Mesh ranch_boundary_8_5-colonly is not valid, and may be exported wrongly
14:30:23 | INFO: Extracting primitive: ranch_boundary_8_5-colonly
14:30:23 | INFO: Primitives created: 1
14:30:23 | WARNING: Mesh ranch_boundary_8_6-colonly is not valid, and may be exported wrongly
14:30:23 | INFO: Extracting primitive: ranch_boundary_8_6-colonly
14:30:23 | INFO: Primitives created: 1
14:30:23 | WARNING: Mesh ranch_boundary_8_7-colonly is not valid, and may be exported wrongly
14:30:23 | INFO: Extracting primitive: ranch_boundary_8_7-colonly
14:30:23 | INFO: Primitives created: 1
14:30:23 | WARNING: Mesh ranch_boundary_8_8-colonly is not valid, and may be exported wrongly
14:30:23 | INFO: Extracting primitive: ranch_boundary_8_8-colonly
14:30:23 | INFO: Primitives created: 1
14:30:23 | WARNING: Mesh ranch_boundary_8_9-colonly is not valid, and may be exported wrongly
14:30:23 | INFO: Extracting primitive: ranch_boundary_8_9-colonly
14:30:23 | INFO: Primitives created: 1
14:30:23 | WARNING: Mesh ranch_boundary_8_10-colonly is not valid, and may be exported wrongly
14:30:23 | INFO: Extracting primitive: ranch_boundary_8_10-colonly
14:30:23 | INFO: Primitives created: 1
14:30:23 | WARNING: Mesh ranch_boundary_8_11-colonly is not valid, and may be exported wrongly
14:30:23 | INFO: Extracting primitive: ranch_boundary_8_11-colonly
14:30:23 | INFO: Primitives created: 1
14:30:23 | WARNING: Mesh ranch_boundary_8_12-colonly is not valid, and may be exported wrongly
14:30:23 | INFO: Extracting primitive: ranch_boundary_8_12-colonly
14:30:23 | INFO: Primitives created: 1
14:30:23 | WARNING: Mesh ranch_boundary_8_13-colonly is not valid, and may be exported wrongly
14:30:23 | INFO: Extracting primitive: ranch_boundary_8_13-colonly
14:30:23 | INFO: Primitives created: 1
14:30:23 | WARNING: Mesh ranch_boundary_8_14-colonly is not valid, and may be exported wrongly
14:30:23 | INFO: Extracting primitive: ranch_boundary_8_14-colonly
14:30:23 | INFO: Primitives created: 1
14:30:23 | WARNING: Mesh ranch_boundary_8_15-colonly is not valid, and may be exported wrongly
14:30:23 | INFO: Extracting primitive: ranch_boundary_8_15-colonly
14:30:23 | INFO: Primitives created: 1
14:30:23 | WARNING: Mesh ranch_boundary_8_16-colonly is not valid, and may be exported wrongly
14:30:23 | INFO: Extracting primitive: ranch_boundary_8_16-colonly
14:30:23 | INFO: Primitives created: 1
14:30:23 | WARNING: Mesh ranch_boundary_8_17-colonly is not valid, and may be exported wrongly
14:30:23 | INFO: Extracting primitive: ranch_boundary_8_17-colonly
14:30:23 | INFO: Primitives created: 1
14:30:23 | WARNING: Mesh ranch_boundary_8_18-colonly is not valid, and may be exported wrongly
14:30:23 | INFO: Extracting primitive: ranch_boundary_8_18-colonly
14:30:23 | INFO: Primitives created: 1
14:30:23 | WARNING: Mesh ranch_boundary_8_19-colonly is not valid, and may be exported wrongly
14:30:23 | INFO: Extracting primitive: ranch_boundary_8_19-colonly
14:30:23 | INFO: Primitives created: 1
14:30:23 | WARNING: Mesh ranch_boundary_8_20-colonly is not valid, and may be exported wrongly
14:30:23 | INFO: Extracting primitive: ranch_boundary_8_20-colonly
14:30:23 | INFO: Primitives created: 1
14:30:23 | WARNING: Mesh ranch_boundary_8_21-colonly is not valid, and may be exported wrongly
14:30:23 | INFO: Extracting primitive: ranch_boundary_8_21-colonly
14:30:23 | INFO: Primitives created: 1
14:30:23 | WARNING: Mesh ranch_boundary_8_22-colonly is not valid, and may be exported wrongly
14:30:23 | INFO: Extracting primitive: ranch_boundary_8_22-colonly
14:30:23 | INFO: Primitives created: 1
14:30:23 | WARNING: Mesh ranch_boundary_8_23-colonly is not valid, and may be exported wrongly
14:30:23 | INFO: Extracting primitive: ranch_boundary_8_23-colonly
14:30:23 | INFO: Primitives created: 1
14:30:23 | WARNING: Mesh ranch_boundary_9_0-colonly is not valid, and may be exported wrongly
14:30:23 | INFO: Extracting primitive: ranch_boundary_9_0-colonly
14:30:23 | INFO: Primitives created: 1
14:30:23 | WARNING: Mesh ranch_boundary_9_1-colonly is not valid, and may be exported wrongly
14:30:23 | INFO: Extracting primitive: ranch_boundary_9_1-colonly
14:30:23 | INFO: Primitives created: 1
14:30:23 | WARNING: Mesh ranch_boundary_9_2-colonly is not valid, and may be exported wrongly
14:30:23 | INFO: Extracting primitive: ranch_boundary_9_2-colonly
14:30:23 | INFO: Primitives created: 1
14:30:23 | WARNING: Mesh ranch_boundary_9_3-colonly is not valid, and may be exported wrongly
14:30:23 | INFO: Extracting primitive: ranch_boundary_9_3-colonly
14:30:23 | INFO: Primitives created: 1
14:30:23 | WARNING: Mesh ranch_boundary_9_4-colonly is not valid, and may be exported wrongly
14:30:23 | INFO: Extracting primitive: ranch_boundary_9_4-colonly
14:30:23 | INFO: Primitives created: 1
14:30:23 | WARNING: Mesh ranch_boundary_9_5-colonly is not valid, and may be exported wrongly
14:30:23 | INFO: Extracting primitive: ranch_boundary_9_5-colonly
14:30:23 | INFO: Primitives created: 1
14:30:23 | WARNING: Mesh ranch_boundary_9_6-colonly is not valid, and may be exported wrongly
14:30:23 | INFO: Extracting primitive: ranch_boundary_9_6-colonly
14:30:23 | INFO: Primitives created: 1
14:30:23 | WARNING: Mesh ranch_boundary_9_7-colonly is not valid, and may be exported wrongly
14:30:23 | INFO: Extracting primitive: ranch_boundary_9_7-colonly
14:30:23 | INFO: Primitives created: 1
14:30:23 | WARNING: Mesh ranch_boundary_9_8-colonly is not valid, and may be exported wrongly
14:30:23 | INFO: Extracting primitive: ranch_boundary_9_8-colonly
14:30:23 | INFO: Primitives created: 1
14:30:23 | WARNING: Mesh ranch_boundary_9_9-colonly is not valid, and may be exported wrongly
14:30:23 | INFO: Extracting primitive: ranch_boundary_9_9-colonly
14:30:23 | INFO: Primitives created: 1
14:30:23 | WARNING: Mesh ranch_boundary_9_10-colonly is not valid, and may be exported wrongly
14:30:23 | INFO: Extracting primitive: ranch_boundary_9_10-colonly
14:30:23 | INFO: Primitives created: 1
14:30:23 | WARNING: Mesh ranch_boundary_9_11-colonly is not valid, and may be exported wrongly
14:30:23 | INFO: Extracting primitive: ranch_boundary_9_11-colonly
14:30:23 | INFO: Primitives created: 1
14:30:23 | WARNING: Mesh ranch_boundary_9_12-colonly is not valid, and may be exported wrongly
14:30:23 | INFO: Extracting primitive: ranch_boundary_9_12-colonly
14:30:23 | INFO: Primitives created: 1
14:30:23 | WARNING: Mesh ranch_boundary_9_13-colonly is not valid, and may be exported wrongly
14:30:23 | INFO: Extracting primitive: ranch_boundary_9_13-colonly
14:30:23 | INFO: Primitives created: 1
14:30:23 | WARNING: Mesh ranch_boundary_9_14-colonly is not valid, and may be exported wrongly
14:30:23 | INFO: Extracting primitive: ranch_boundary_9_14-colonly
14:30:23 | INFO: Primitives created: 1
14:30:23 | WARNING: Mesh ranch_boundary_9_15-colonly is not valid, and may be exported wrongly
14:30:23 | INFO: Extracting primitive: ranch_boundary_9_15-colonly
14:30:23 | INFO: Primitives created: 1
14:30:23 | WARNING: Mesh ranch_boundary_9_16-colonly is not valid, and may be exported wrongly
14:30:23 | INFO: Extracting primitive: ranch_boundary_9_16-colonly
14:30:23 | INFO: Primitives created: 1
14:30:23 | WARNING: Mesh ranch_boundary_9_17-colonly is not valid, and may be exported wrongly
14:30:23 | INFO: Extracting primitive: ranch_boundary_9_17-colonly
14:30:23 | INFO: Primitives created: 1
14:30:23 | WARNING: Mesh ranch_boundary_9_18-colonly is not valid, and may be exported wrongly
14:30:23 | INFO: Extracting primitive: ranch_boundary_9_18-colonly
14:30:23 | INFO: Primitives created: 1
14:30:23 | WARNING: Mesh ranch_boundary_9_19-colonly is not valid, and may be exported wrongly
14:30:23 | INFO: Extracting primitive: ranch_boundary_9_19-colonly
14:30:23 | INFO: Primitives created: 1
14:30:23 | WARNING: Mesh ranch_boundary_9_20-colonly is not valid, and may be exported wrongly
14:30:23 | INFO: Extracting primitive: ranch_boundary_9_20-colonly
14:30:23 | INFO: Primitives created: 1
14:30:23 | WARNING: Mesh ranch_boundary_9_21-colonly is not valid, and may be exported wrongly
14:30:23 | INFO: Extracting primitive: ranch_boundary_9_21-colonly
14:30:23 | INFO: Primitives created: 1
14:30:23 | WARNING: Mesh ranch_boundary_9_22-colonly is not valid, and may be exported wrongly
14:30:23 | INFO: Extracting primitive: ranch_boundary_9_22-colonly
14:30:23 | INFO: Primitives created: 1
14:30:23 | WARNING: Mesh ranch_boundary_9_23-colonly is not valid, and may be exported wrongly
14:30:23 | INFO: Extracting primitive: ranch_boundary_9_23-colonly
14:30:23 | INFO: Primitives created: 1
14:30:23 | WARNING: Mesh ranch_boundary_9_24-colonly is not valid, and may be exported wrongly
14:30:23 | INFO: Extracting primitive: ranch_boundary_9_24-colonly
14:30:23 | INFO: Primitives created: 1
14:30:23 | WARNING: Mesh ranch_boundary_9_25-colonly is not valid, and may be exported wrongly
14:30:23 | INFO: Extracting primitive: ranch_boundary_9_25-colonly
14:30:23 | INFO: Primitives created: 1
14:30:23 | WARNING: Mesh ranch_boundary_9_26-colonly is not valid, and may be exported wrongly
14:30:23 | INFO: Extracting primitive: ranch_boundary_9_26-colonly
14:30:23 | INFO: Primitives created: 1
14:30:23 | WARNING: Mesh ranch_boundary_9_27-colonly is not valid, and may be exported wrongly
14:30:23 | INFO: Extracting primitive: ranch_boundary_9_27-colonly
14:30:23 | INFO: Primitives created: 1
14:30:23 | WARNING: Mesh ranch_boundary_9_28-colonly is not valid, and may be exported wrongly
14:30:23 | INFO: Extracting primitive: ranch_boundary_9_28-colonly
14:30:23 | INFO: Primitives created: 1
14:30:23 | WARNING: Mesh ranch_boundary_9_29-colonly is not valid, and may be exported wrongly
14:30:23 | INFO: Extracting primitive: ranch_boundary_9_29-colonly
14:30:23 | INFO: Primitives created: 1
14:30:23 | WARNING: Mesh ranch_boundary_9_30-colonly is not valid, and may be exported wrongly
14:30:23 | INFO: Extracting primitive: ranch_boundary_9_30-colonly
14:30:23 | INFO: Primitives created: 1
14:30:23 | WARNING: Mesh ranch_boundary_9_31-colonly is not valid, and may be exported wrongly
14:30:23 | INFO: Extracting primitive: ranch_boundary_9_31-colonly
14:30:23 | INFO: Primitives created: 1
14:30:23 | WARNING: Mesh ranch_boundary_9_32-colonly is not valid, and may be exported wrongly
14:30:23 | INFO: Extracting primitive: ranch_boundary_9_32-colonly
14:30:23 | INFO: Primitives created: 1
14:30:23 | WARNING: Mesh ranch_boundary_9_33-colonly is not valid, and may be exported wrongly
14:30:23 | INFO: Extracting primitive: ranch_boundary_9_33-colonly
14:30:23 | INFO: Primitives created: 1
14:30:23 | WARNING: Mesh ranch_boundary_9_34-colonly is not valid, and may be exported wrongly
14:30:23 | INFO: Extracting primitive: ranch_boundary_9_34-colonly
14:30:23 | INFO: Primitives created: 1
14:30:23 | WARNING: Mesh ranch_boundary_9_35-colonly is not valid, and may be exported wrongly
14:30:23 | INFO: Extracting primitive: ranch_boundary_9_35-colonly
14:30:23 | INFO: Primitives created: 1
14:30:23 | WARNING: Mesh ranch_boundary_9_36-colonly is not valid, and may be exported wrongly
14:30:23 | INFO: Extracting primitive: ranch_boundary_9_36-colonly
14:30:23 | INFO: Primitives created: 1
14:30:23 | WARNING: Mesh ranch_boundary_9_37-colonly is not valid, and may be exported wrongly
14:30:23 | INFO: Extracting primitive: ranch_boundary_9_37-colonly
14:30:23 | INFO: Primitives created: 1
14:30:23 | WARNING: Mesh ranch_boundary_9_38-colonly is not valid, and may be exported wrongly
14:30:23 | INFO: Extracting primitive: ranch_boundary_9_38-colonly
14:30:23 | INFO: Primitives created: 1
14:30:23 | WARNING: Mesh ranch_boundary_9_39-colonly is not valid, and may be exported wrongly
14:30:23 | INFO: Extracting primitive: ranch_boundary_9_39-colonly
14:30:23 | INFO: Primitives created: 1
14:30:23 | WARNING: Mesh ranch_boundary_10_0-colonly is not valid, and may be exported wrongly
14:30:23 | INFO: Extracting primitive: ranch_boundary_10_0-colonly
14:30:23 | INFO: Primitives created: 1
14:30:23 | WARNING: Mesh ranch_boundary_10_1-colonly is not valid, and may be exported wrongly
14:30:23 | INFO: Extracting primitive: ranch_boundary_10_1-colonly
14:30:23 | INFO: Primitives created: 1
14:30:23 | WARNING: Mesh ranch_boundary_10_2-colonly is not valid, and may be exported wrongly
14:30:23 | INFO: Extracting primitive: ranch_boundary_10_2-colonly
14:30:23 | INFO: Primitives created: 1
14:30:23 | WARNING: Mesh ranch_boundary_10_3-colonly is not valid, and may be exported wrongly
14:30:23 | INFO: Extracting primitive: ranch_boundary_10_3-colonly
14:30:23 | INFO: Primitives created: 1
14:30:23 | WARNING: Mesh ranch_boundary_10_4-colonly is not valid, and may be exported wrongly
14:30:23 | INFO: Extracting primitive: ranch_boundary_10_4-colonly
14:30:23 | INFO: Primitives created: 1
14:30:23 | WARNING: Mesh ranch_boundary_10_5-colonly is not valid, and may be exported wrongly
14:30:23 | INFO: Extracting primitive: ranch_boundary_10_5-colonly
14:30:23 | INFO: Primitives created: 1
14:30:23 | WARNING: Mesh ranch_boundary_10_6-colonly is not valid, and may be exported wrongly
14:30:23 | INFO: Extracting primitive: ranch_boundary_10_6-colonly
14:30:23 | INFO: Primitives created: 1
14:30:23 | WARNING: Mesh ranch_boundary_10_7-colonly is not valid, and may be exported wrongly
14:30:23 | INFO: Extracting primitive: ranch_boundary_10_7-colonly
14:30:23 | INFO: Primitives created: 1
14:30:23 | WARNING: Mesh ranch_boundary_10_8-colonly is not valid, and may be exported wrongly
14:30:23 | INFO: Extracting primitive: ranch_boundary_10_8-colonly
14:30:23 | INFO: Primitives created: 1
14:30:23 | WARNING: Mesh ranch_boundary_10_9-colonly is not valid, and may be exported wrongly
14:30:23 | INFO: Extracting primitive: ranch_boundary_10_9-colonly
14:30:23 | INFO: Primitives created: 1
14:30:23 | WARNING: Mesh ranch_boundary_10_10-colonly is not valid, and may be exported wrongly
14:30:23 | INFO: Extracting primitive: ranch_boundary_10_10-colonly
14:30:23 | INFO: Primitives created: 1
14:30:23 | WARNING: Mesh ranch_boundary_10_11-colonly is not valid, and may be exported wrongly
14:30:23 | INFO: Extracting primitive: ranch_boundary_10_11-colonly
14:30:23 | INFO: Primitives created: 1
14:30:23 | WARNING: Mesh ranch_boundary_10_12-colonly is not valid, and may be exported wrongly
14:30:23 | INFO: Extracting primitive: ranch_boundary_10_12-colonly
14:30:23 | INFO: Primitives created: 1
14:30:23 | WARNING: Mesh ranch_boundary_10_13-colonly is not valid, and may be exported wrongly
14:30:23 | INFO: Extracting primitive: ranch_boundary_10_13-colonly
14:30:23 | INFO: Primitives created: 1
14:30:23 | WARNING: Mesh ranch_boundary_10_14-colonly is not valid, and may be exported wrongly
14:30:23 | INFO: Extracting primitive: ranch_boundary_10_14-colonly
14:30:23 | INFO: Primitives created: 1
14:30:23 | WARNING: Mesh ranch_boundary_10_15-colonly is not valid, and may be exported wrongly
14:30:23 | INFO: Extracting primitive: ranch_boundary_10_15-colonly
14:30:23 | INFO: Primitives created: 1
14:30:23 | WARNING: Mesh ranch_boundary_10_16-colonly is not valid, and may be exported wrongly
14:30:23 | INFO: Extracting primitive: ranch_boundary_10_16-colonly
14:30:23 | INFO: Primitives created: 1
14:30:23 | WARNING: Mesh ranch_boundary_10_17-colonly is not valid, and may be exported wrongly
14:30:23 | INFO: Extracting primitive: ranch_boundary_10_17-colonly
14:30:23 | INFO: Primitives created: 1
14:30:23 | WARNING: Mesh ranch_boundary_10_18-colonly is not valid, and may be exported wrongly
14:30:23 | INFO: Extracting primitive: ranch_boundary_10_18-colonly
14:30:23 | INFO: Primitives created: 1
14:30:23 | WARNING: Mesh ranch_boundary_10_19-colonly is not valid, and may be exported wrongly
14:30:23 | INFO: Extracting primitive: ranch_boundary_10_19-colonly
14:30:23 | INFO: Primitives created: 1
14:30:23 | WARNING: Mesh ranch_boundary_10_20-colonly is not valid, and may be exported wrongly
14:30:23 | INFO: Extracting primitive: ranch_boundary_10_20-colonly
14:30:23 | INFO: Primitives created: 1
14:30:23 | WARNING: Mesh ranch_boundary_10_21-colonly is not valid, and may be exported wrongly
14:30:23 | INFO: Extracting primitive: ranch_boundary_10_21-colonly
14:30:23 | INFO: Primitives created: 1
14:30:23 | WARNING: Mesh ranch_boundary_10_22-colonly is not valid, and may be exported wrongly
14:30:23 | INFO: Extracting primitive: ranch_boundary_10_22-colonly
14:30:23 | INFO: Primitives created: 1
14:30:23 | WARNING: Mesh ranch_boundary_10_23-colonly is not valid, and may be exported wrongly
14:30:23 | INFO: Extracting primitive: ranch_boundary_10_23-colonly
14:30:23 | INFO: Primitives created: 1
14:30:23 | WARNING: Mesh ranch_boundary_10_24-colonly is not valid, and may be exported wrongly
14:30:23 | INFO: Extracting primitive: ranch_boundary_10_24-colonly
14:30:23 | INFO: Primitives created: 1
14:30:23 | WARNING: Mesh ranch_boundary_10_25-colonly is not valid, and may be exported wrongly
14:30:23 | INFO: Extracting primitive: ranch_boundary_10_25-colonly
14:30:23 | INFO: Primitives created: 1
14:30:23 | WARNING: Mesh ranch_boundary_10_26-colonly is not valid, and may be exported wrongly
14:30:23 | INFO: Extracting primitive: ranch_boundary_10_26-colonly
14:30:23 | INFO: Primitives created: 1
14:30:23 | WARNING: Mesh ranch_boundary_10_27-colonly is not valid, and may be exported wrongly
14:30:23 | INFO: Extracting primitive: ranch_boundary_10_27-colonly
14:30:23 | INFO: Primitives created: 1
14:30:23 | WARNING: Mesh ranch_boundary_10_28-colonly is not valid, and may be exported wrongly
14:30:23 | INFO: Extracting primitive: ranch_boundary_10_28-colonly
14:30:23 | INFO: Primitives created: 1
14:30:23 | WARNING: Mesh ranch_boundary_10_29-colonly is not valid, and may be exported wrongly
14:30:23 | INFO: Extracting primitive: ranch_boundary_10_29-colonly
14:30:23 | INFO: Primitives created: 1
14:30:23 | WARNING: Mesh ranch_boundary_10_30-colonly is not valid, and may be exported wrongly
14:30:23 | INFO: Extracting primitive: ranch_boundary_10_30-colonly
14:30:23 | INFO: Primitives created: 1
14:30:23 | WARNING: Mesh ranch_boundary_10_31-colonly is not valid, and may be exported wrongly
14:30:23 | INFO: Extracting primitive: ranch_boundary_10_31-colonly
14:30:23 | INFO: Primitives created: 1
14:30:23 | WARNING: Mesh ranch_boundary_10_32-colonly is not valid, and may be exported wrongly
14:30:23 | INFO: Extracting primitive: ranch_boundary_10_32-colonly
14:30:23 | INFO: Primitives created: 1
14:30:23 | WARNING: Mesh ranch_boundary_10_33-colonly is not valid, and may be exported wrongly
14:30:23 | INFO: Extracting primitive: ranch_boundary_10_33-colonly
14:30:23 | INFO: Primitives created: 1
14:30:23 | WARNING: Mesh ranch_boundary_10_34-colonly is not valid, and may be exported wrongly
14:30:23 | INFO: Extracting primitive: ranch_boundary_10_34-colonly
14:30:23 | INFO: Primitives created: 1
14:30:23 | WARNING: Mesh ranch_boundary_10_35-colonly is not valid, and may be exported wrongly
14:30:23 | INFO: Extracting primitive: ranch_boundary_10_35-colonly
14:30:23 | INFO: Primitives created: 1
14:30:23 | WARNING: Mesh ranch_boundary_10_36-colonly is not valid, and may be exported wrongly
14:30:23 | INFO: Extracting primitive: ranch_boundary_10_36-colonly
14:30:23 | INFO: Primitives created: 1
14:30:23 | WARNING: Mesh ranch_boundary_10_37-colonly is not valid, and may be exported wrongly
14:30:23 | INFO: Extracting primitive: ranch_boundary_10_37-colonly
14:30:23 | INFO: Primitives created: 1
14:30:23 | WARNING: Mesh ranch_boundary_10_38-colonly is not valid, and may be exported wrongly
14:30:23 | INFO: Extracting primitive: ranch_boundary_10_38-colonly
14:30:23 | INFO: Primitives created: 1
14:30:23 | WARNING: Mesh ranch_boundary_10_39-colonly is not valid, and may be exported wrongly
14:30:23 | INFO: Extracting primitive: ranch_boundary_10_39-colonly
14:30:23 | INFO: Primitives created: 1
14:30:23 | WARNING: Mesh ranch_boundary_10_40-colonly is not valid, and may be exported wrongly
14:30:23 | INFO: Extracting primitive: ranch_boundary_10_40-colonly
14:30:23 | INFO: Primitives created: 1
14:30:23 | WARNING: Mesh ranch_boundary_10_41-colonly is not valid, and may be exported wrongly
14:30:23 | INFO: Extracting primitive: ranch_boundary_10_41-colonly
14:30:23 | INFO: Primitives created: 1
14:30:23 | WARNING: Mesh ranch_boundary_10_42-colonly is not valid, and may be exported wrongly
14:30:23 | INFO: Extracting primitive: ranch_boundary_10_42-colonly
14:30:23 | INFO: Primitives created: 1
14:30:23 | WARNING: Mesh ranch_boundary_10_43-colonly is not valid, and may be exported wrongly
14:30:23 | INFO: Extracting primitive: ranch_boundary_10_43-colonly
14:30:23 | INFO: Primitives created: 1
14:30:23 | WARNING: Mesh ranch_boundary_10_44-colonly is not valid, and may be exported wrongly
14:30:23 | INFO: Extracting primitive: ranch_boundary_10_44-colonly
14:30:23 | INFO: Primitives created: 1
14:30:23 | WARNING: Mesh ranch_boundary_11_0-colonly is not valid, and may be exported wrongly
14:30:23 | INFO: Extracting primitive: ranch_boundary_11_0-colonly
14:30:23 | INFO: Primitives created: 1
14:30:23 | WARNING: Mesh ranch_boundary_11_1-colonly is not valid, and may be exported wrongly
14:30:23 | INFO: Extracting primitive: ranch_boundary_11_1-colonly
14:30:23 | INFO: Primitives created: 1
14:30:23 | WARNING: Mesh ranch_boundary_11_2-colonly is not valid, and may be exported wrongly
14:30:23 | INFO: Extracting primitive: ranch_boundary_11_2-colonly
14:30:23 | INFO: Primitives created: 1
14:30:23 | WARNING: Mesh ranch_boundary_11_3-colonly is not valid, and may be exported wrongly
14:30:23 | INFO: Extracting primitive: ranch_boundary_11_3-colonly
14:30:23 | INFO: Primitives created: 1
14:30:23 | WARNING: Mesh ranch_boundary_11_4-colonly is not valid, and may be exported wrongly
14:30:23 | INFO: Extracting primitive: ranch_boundary_11_4-colonly
14:30:23 | INFO: Primitives created: 1
14:30:23 | WARNING: Mesh ranch_boundary_11_5-colonly is not valid, and may be exported wrongly
14:30:23 | INFO: Extracting primitive: ranch_boundary_11_5-colonly
14:30:23 | INFO: Primitives created: 1
14:30:23 | WARNING: Mesh ranch_boundary_11_6-colonly is not valid, and may be exported wrongly
14:30:23 | INFO: Extracting primitive: ranch_boundary_11_6-colonly
14:30:23 | INFO: Primitives created: 1
14:30:23 | WARNING: Mesh ranch_boundary_11_7-colonly is not valid, and may be exported wrongly
14:30:23 | INFO: Extracting primitive: ranch_boundary_11_7-colonly
14:30:23 | INFO: Primitives created: 1
14:30:23 | WARNING: Mesh ranch_boundary_11_8-colonly is not valid, and may be exported wrongly
14:30:23 | INFO: Extracting primitive: ranch_boundary_11_8-colonly
14:30:23 | INFO: Primitives created: 1
14:30:23 | WARNING: Mesh ranch_boundary_11_9-colonly is not valid, and may be exported wrongly
14:30:23 | INFO: Extracting primitive: ranch_boundary_11_9-colonly
14:30:23 | INFO: Primitives created: 1
14:30:23 | WARNING: Mesh ranch_boundary_11_10-colonly is not valid, and may be exported wrongly
14:30:23 | INFO: Extracting primitive: ranch_boundary_11_10-colonly
14:30:23 | INFO: Primitives created: 1
14:30:23 | WARNING: Mesh ranch_boundary_11_11-colonly is not valid, and may be exported wrongly
14:30:23 | INFO: Extracting primitive: ranch_boundary_11_11-colonly
14:30:23 | INFO: Primitives created: 1
14:30:23 | WARNING: Mesh ranch_boundary_11_12-colonly is not valid, and may be exported wrongly
14:30:23 | INFO: Extracting primitive: ranch_boundary_11_12-colonly
14:30:23 | INFO: Primitives created: 1
14:30:23 | WARNING: Mesh ranch_boundary_11_13-colonly is not valid, and may be exported wrongly
14:30:23 | INFO: Extracting primitive: ranch_boundary_11_13-colonly
14:30:23 | INFO: Primitives created: 1
14:30:23 | WARNING: Mesh ranch_boundary_11_14-colonly is not valid, and may be exported wrongly
14:30:23 | INFO: Extracting primitive: ranch_boundary_11_14-colonly
14:30:23 | INFO: Primitives created: 1
14:30:23 | WARNING: Mesh ranch_boundary_11_15-colonly is not valid, and may be exported wrongly
14:30:23 | INFO: Extracting primitive: ranch_boundary_11_15-colonly
14:30:23 | INFO: Primitives created: 1
14:30:23 | WARNING: Mesh ranch_boundary_11_16-colonly is not valid, and may be exported wrongly
14:30:23 | INFO: Extracting primitive: ranch_boundary_11_16-colonly
14:30:23 | INFO: Primitives created: 1
14:30:23 | WARNING: Mesh ranch_boundary_11_17-colonly is not valid, and may be exported wrongly
14:30:23 | INFO: Extracting primitive: ranch_boundary_11_17-colonly
14:30:23 | INFO: Primitives created: 1
14:30:23 | WARNING: Mesh ranch_boundary_11_18-colonly is not valid, and may be exported wrongly
14:30:23 | INFO: Extracting primitive: ranch_boundary_11_18-colonly
14:30:23 | INFO: Primitives created: 1
14:30:23 | WARNING: Mesh ranch_boundary_11_19-colonly is not valid, and may be exported wrongly
14:30:23 | INFO: Extracting primitive: ranch_boundary_11_19-colonly
14:30:23 | INFO: Primitives created: 1
14:30:23 | WARNING: Mesh ranch_boundary_11_20-colonly is not valid, and may be exported wrongly
14:30:23 | INFO: Extracting primitive: ranch_boundary_11_20-colonly
14:30:23 | INFO: Primitives created: 1
14:30:23 | WARNING: Mesh ranch_boundary_11_21-colonly is not valid, and may be exported wrongly
14:30:23 | INFO: Extracting primitive: ranch_boundary_11_21-colonly
14:30:23 | INFO: Primitives created: 1
14:30:23 | WARNING: Mesh ranch_boundary_11_22-colonly is not valid, and may be exported wrongly
14:30:23 | INFO: Extracting primitive: ranch_boundary_11_22-colonly
14:30:23 | INFO: Primitives created: 1
14:30:23 | WARNING: Mesh ranch_boundary_11_23-colonly is not valid, and may be exported wrongly
14:30:23 | INFO: Extracting primitive: ranch_boundary_11_23-colonly
14:30:23 | INFO: Primitives created: 1
14:30:23 | WARNING: Mesh ranch_boundary_11_24-colonly is not valid, and may be exported wrongly
14:30:23 | INFO: Extracting primitive: ranch_boundary_11_24-colonly
14:30:23 | INFO: Primitives created: 1
14:30:23 | WARNING: Mesh ranch_boundary_11_25-colonly is not valid, and may be exported wrongly
14:30:23 | INFO: Extracting primitive: ranch_boundary_11_25-colonly
14:30:23 | INFO: Primitives created: 1
14:30:23 | WARNING: Mesh ranch_boundary_11_26-colonly is not valid, and may be exported wrongly
14:30:23 | INFO: Extracting primitive: ranch_boundary_11_26-colonly
14:30:23 | INFO: Primitives created: 1
14:30:23 | WARNING: Mesh ranch_boundary_11_27-colonly is not valid, and may be exported wrongly
14:30:23 | INFO: Extracting primitive: ranch_boundary_11_27-colonly
14:30:23 | INFO: Primitives created: 1
14:30:23 | WARNING: Mesh ranch_boundary_11_28-colonly is not valid, and may be exported wrongly
14:30:23 | INFO: Extracting primitive: ranch_boundary_11_28-colonly
14:30:23 | INFO: Primitives created: 1
14:30:23 | WARNING: Mesh ranch_boundary_11_29-colonly is not valid, and may be exported wrongly
14:30:23 | INFO: Extracting primitive: ranch_boundary_11_29-colonly
14:30:23 | INFO: Primitives created: 1
14:30:23 | WARNING: Mesh ranch_boundary_11_30-colonly is not valid, and may be exported wrongly
14:30:23 | INFO: Extracting primitive: ranch_boundary_11_30-colonly
14:30:23 | INFO: Primitives created: 1
14:30:23 | WARNING: Mesh ranch_boundary_11_31-colonly is not valid, and may be exported wrongly
14:30:23 | INFO: Extracting primitive: ranch_boundary_11_31-colonly
14:30:23 | INFO: Primitives created: 1
14:30:23 | WARNING: Mesh ranch_boundary_11_32-colonly is not valid, and may be exported wrongly
14:30:23 | INFO: Extracting primitive: ranch_boundary_11_32-colonly
14:30:23 | INFO: Primitives created: 1
14:30:23 | WARNING: Mesh ranch_boundary_11_33-colonly is not valid, and may be exported wrongly
14:30:23 | INFO: Extracting primitive: ranch_boundary_11_33-colonly
14:30:23 | INFO: Primitives created: 1
14:30:23 | WARNING: Mesh ranch_boundary_11_34-colonly is not valid, and may be exported wrongly
14:30:23 | INFO: Extracting primitive: ranch_boundary_11_34-colonly
14:30:23 | INFO: Primitives created: 1
14:30:23 | WARNING: Mesh ranch_boundary_11_35-colonly is not valid, and may be exported wrongly
14:30:23 | INFO: Extracting primitive: ranch_boundary_11_35-colonly
14:30:23 | INFO: Primitives created: 1
14:30:23 | WARNING: Mesh ranch_boundary_11_36-colonly is not valid, and may be exported wrongly
14:30:23 | INFO: Extracting primitive: ranch_boundary_11_36-colonly
14:30:23 | INFO: Primitives created: 1
14:30:23 | WARNING: Mesh ranch_boundary_11_37-colonly is not valid, and may be exported wrongly
14:30:23 | INFO: Extracting primitive: ranch_boundary_11_37-colonly
14:30:23 | INFO: Primitives created: 1
14:30:23 | WARNING: Mesh ranch_boundary_11_38-colonly is not valid, and may be exported wrongly
14:30:23 | INFO: Extracting primitive: ranch_boundary_11_38-colonly
14:30:23 | INFO: Primitives created: 1
14:30:23 | WARNING: Mesh ranch_boundary_11_39-colonly is not valid, and may be exported wrongly
14:30:23 | INFO: Extracting primitive: ranch_boundary_11_39-colonly
14:30:23 | INFO: Primitives created: 1
14:30:23 | WARNING: Mesh ranch_boundary_11_40-colonly is not valid, and may be exported wrongly
14:30:23 | INFO: Extracting primitive: ranch_boundary_11_40-colonly
14:30:23 | INFO: Primitives created: 1
14:30:23 | WARNING: Mesh ranch_boundary_11_41-colonly is not valid, and may be exported wrongly
14:30:23 | INFO: Extracting primitive: ranch_boundary_11_41-colonly
14:30:23 | INFO: Primitives created: 1
14:30:23 | WARNING: Mesh ranch_boundary_11_42-colonly is not valid, and may be exported wrongly
14:30:23 | INFO: Extracting primitive: ranch_boundary_11_42-colonly
14:30:23 | INFO: Primitives created: 1
14:30:23 | WARNING: Mesh ranch_boundary_11_43-colonly is not valid, and may be exported wrongly
14:30:23 | INFO: Extracting primitive: ranch_boundary_11_43-colonly
14:30:23 | INFO: Primitives created: 1
14:30:23 | WARNING: Mesh ranch_boundary_12_0-colonly is not valid, and may be exported wrongly
14:30:23 | INFO: Extracting primitive: ranch_boundary_12_0-colonly
14:30:23 | INFO: Primitives created: 1
14:30:23 | WARNING: Mesh ranch_boundary_12_1-colonly is not valid, and may be exported wrongly
14:30:23 | INFO: Extracting primitive: ranch_boundary_12_1-colonly
14:30:23 | INFO: Primitives created: 1
14:30:23 | WARNING: Mesh ranch_boundary_12_2-colonly is not valid, and may be exported wrongly
14:30:23 | INFO: Extracting primitive: ranch_boundary_12_2-colonly
14:30:23 | INFO: Primitives created: 1
14:30:23 | WARNING: Mesh ranch_boundary_12_3-colonly is not valid, and may be exported wrongly
14:30:23 | INFO: Extracting primitive: ranch_boundary_12_3-colonly
14:30:23 | INFO: Primitives created: 1
14:30:23 | WARNING: Mesh ranch_boundary_12_4-colonly is not valid, and may be exported wrongly
14:30:23 | INFO: Extracting primitive: ranch_boundary_12_4-colonly
14:30:23 | INFO: Primitives created: 1
14:30:23 | WARNING: Mesh ranch_boundary_12_5-colonly is not valid, and may be exported wrongly
14:30:23 | INFO: Extracting primitive: ranch_boundary_12_5-colonly
14:30:23 | INFO: Primitives created: 1
14:30:23 | WARNING: Mesh ranch_boundary_12_6-colonly is not valid, and may be exported wrongly
14:30:23 | INFO: Extracting primitive: ranch_boundary_12_6-colonly
14:30:23 | INFO: Primitives created: 1
14:30:23 | WARNING: Mesh ranch_boundary_12_7-colonly is not valid, and may be exported wrongly
14:30:23 | INFO: Extracting primitive: ranch_boundary_12_7-colonly
14:30:23 | INFO: Primitives created: 1
14:30:23 | WARNING: Mesh ranch_boundary_12_8-colonly is not valid, and may be exported wrongly
14:30:23 | INFO: Extracting primitive: ranch_boundary_12_8-colonly
14:30:23 | INFO: Primitives created: 1
14:30:23 | WARNING: Mesh ranch_boundary_12_9-colonly is not valid, and may be exported wrongly
14:30:23 | INFO: Extracting primitive: ranch_boundary_12_9-colonly
14:30:23 | INFO: Primitives created: 1
14:30:23 | WARNING: Mesh ranch_boundary_12_10-colonly is not valid, and may be exported wrongly
14:30:23 | INFO: Extracting primitive: ranch_boundary_12_10-colonly
14:30:23 | INFO: Primitives created: 1
14:30:23 | WARNING: Mesh ranch_boundary_12_11-colonly is not valid, and may be exported wrongly
14:30:23 | INFO: Extracting primitive: ranch_boundary_12_11-colonly
14:30:23 | INFO: Primitives created: 1
14:30:23 | WARNING: Mesh ranch_boundary_12_12-colonly is not valid, and may be exported wrongly
14:30:23 | INFO: Extracting primitive: ranch_boundary_12_12-colonly
14:30:23 | INFO: Primitives created: 1
14:30:23 | WARNING: Mesh ranch_boundary_12_13-colonly is not valid, and may be exported wrongly
14:30:23 | INFO: Extracting primitive: ranch_boundary_12_13-colonly
14:30:23 | INFO: Primitives created: 1
14:30:23 | WARNING: Mesh ranch_boundary_12_14-colonly is not valid, and may be exported wrongly
14:30:23 | INFO: Extracting primitive: ranch_boundary_12_14-colonly
14:30:23 | INFO: Primitives created: 1
14:30:23 | WARNING: Mesh ranch_boundary_12_15-colonly is not valid, and may be exported wrongly
14:30:23 | INFO: Extracting primitive: ranch_boundary_12_15-colonly
14:30:23 | INFO: Primitives created: 1
14:30:23 | WARNING: Mesh ranch_boundary_12_16-colonly is not valid, and may be exported wrongly
14:30:23 | INFO: Extracting primitive: ranch_boundary_12_16-colonly
14:30:23 | INFO: Primitives created: 1
14:30:23 | WARNING: Mesh ranch_boundary_12_17-colonly is not valid, and may be exported wrongly
14:30:23 | INFO: Extracting primitive: ranch_boundary_12_17-colonly
14:30:23 | INFO: Primitives created: 1
14:30:23 | WARNING: Mesh ranch_boundary_12_18-colonly is not valid, and may be exported wrongly
14:30:23 | INFO: Extracting primitive: ranch_boundary_12_18-colonly
14:30:23 | INFO: Primitives created: 1
14:30:23 | WARNING: Mesh ranch_boundary_12_19-colonly is not valid, and may be exported wrongly
14:30:23 | INFO: Extracting primitive: ranch_boundary_12_19-colonly
14:30:23 | INFO: Primitives created: 1
14:30:23 | WARNING: Mesh ranch_boundary_12_20-colonly is not valid, and may be exported wrongly
14:30:23 | INFO: Extracting primitive: ranch_boundary_12_20-colonly
14:30:23 | INFO: Primitives created: 1
14:30:23 | WARNING: Mesh ranch_boundary_12_21-colonly is not valid, and may be exported wrongly
14:30:23 | INFO: Extracting primitive: ranch_boundary_12_21-colonly
14:30:23 | INFO: Primitives created: 1
14:30:23 | WARNING: Mesh ranch_boundary_12_22-colonly is not valid, and may be exported wrongly
14:30:23 | INFO: Extracting primitive: ranch_boundary_12_22-colonly
14:30:23 | INFO: Primitives created: 1
14:30:23 | WARNING: Mesh ranch_boundary_12_23-colonly is not valid, and may be exported wrongly
14:30:23 | INFO: Extracting primitive: ranch_boundary_12_23-colonly
14:30:23 | INFO: Primitives created: 1
14:30:23 | WARNING: Mesh ranch_boundary_12_24-colonly is not valid, and may be exported wrongly
14:30:23 | INFO: Extracting primitive: ranch_boundary_12_24-colonly
14:30:23 | INFO: Primitives created: 1
14:30:23 | WARNING: Mesh ranch_boundary_12_25-colonly is not valid, and may be exported wrongly
14:30:23 | INFO: Extracting primitive: ranch_boundary_12_25-colonly
14:30:23 | INFO: Primitives created: 1
14:30:23 | WARNING: Mesh ranch_boundary_12_26-colonly is not valid, and may be exported wrongly
14:30:23 | INFO: Extracting primitive: ranch_boundary_12_26-colonly
14:30:23 | INFO: Primitives created: 1
14:30:23 | WARNING: Mesh ranch_boundary_12_27-colonly is not valid, and may be exported wrongly
14:30:23 | INFO: Extracting primitive: ranch_boundary_12_27-colonly
14:30:23 | INFO: Primitives created: 1
14:30:23 | WARNING: Mesh ranch_boundary_12_28-colonly is not valid, and may be exported wrongly
14:30:23 | INFO: Extracting primitive: ranch_boundary_12_28-colonly
14:30:23 | INFO: Primitives created: 1
14:30:23 | WARNING: Mesh ranch_boundary_12_29-colonly is not valid, and may be exported wrongly
14:30:23 | INFO: Extracting primitive: ranch_boundary_12_29-colonly
14:30:23 | INFO: Primitives created: 1
14:30:23 | WARNING: Mesh ranch_boundary_12_30-colonly is not valid, and may be exported wrongly
14:30:23 | INFO: Extracting primitive: ranch_boundary_12_30-colonly
14:30:23 | INFO: Primitives created: 1
14:30:23 | WARNING: Mesh ranch_boundary_12_31-colonly is not valid, and may be exported wrongly
14:30:23 | INFO: Extracting primitive: ranch_boundary_12_31-colonly
14:30:23 | INFO: Primitives created: 1
14:30:23 | WARNING: Mesh ranch_boundary_12_32-colonly is not valid, and may be exported wrongly
14:30:23 | INFO: Extracting primitive: ranch_boundary_12_32-colonly
14:30:23 | INFO: Primitives created: 1
14:30:23 | WARNING: Mesh ranch_boundary_12_33-colonly is not valid, and may be exported wrongly
14:30:23 | INFO: Extracting primitive: ranch_boundary_12_33-colonly
14:30:23 | INFO: Primitives created: 1
14:30:23 | WARNING: Mesh ranch_boundary_12_34-colonly is not valid, and may be exported wrongly
14:30:23 | INFO: Extracting primitive: ranch_boundary_12_34-colonly
14:30:23 | INFO: Primitives created: 1
14:30:23 | WARNING: Mesh ranch_boundary_12_35-colonly is not valid, and may be exported wrongly
14:30:23 | INFO: Extracting primitive: ranch_boundary_12_35-colonly
14:30:23 | INFO: Primitives created: 1
14:30:23 | WARNING: Mesh ranch_boundary_12_36-colonly is not valid, and may be exported wrongly
14:30:23 | INFO: Extracting primitive: ranch_boundary_12_36-colonly
14:30:23 | INFO: Primitives created: 1
14:30:23 | WARNING: Mesh ranch_boundary_12_37-colonly is not valid, and may be exported wrongly
14:30:23 | INFO: Extracting primitive: ranch_boundary_12_37-colonly
14:30:23 | INFO: Primitives created: 1
14:30:23 | WARNING: Mesh ranch_boundary_12_38-colonly is not valid, and may be exported wrongly
14:30:23 | INFO: Extracting primitive: ranch_boundary_12_38-colonly
14:30:23 | INFO: Primitives created: 1
14:30:23 | WARNING: Mesh ranch_boundary_12_39-colonly is not valid, and may be exported wrongly
14:30:23 | INFO: Extracting primitive: ranch_boundary_12_39-colonly
14:30:23 | INFO: Primitives created: 1
14:30:23 | WARNING: Mesh ranch_boundary_12_40-colonly is not valid, and may be exported wrongly
14:30:23 | INFO: Extracting primitive: ranch_boundary_12_40-colonly
14:30:23 | INFO: Primitives created: 1
14:30:23 | WARNING: Mesh ranch_boundary_12_41-colonly is not valid, and may be exported wrongly
14:30:23 | INFO: Extracting primitive: ranch_boundary_12_41-colonly
14:30:23 | INFO: Primitives created: 1
14:30:23 | WARNING: Mesh ranch_boundary_12_42-colonly is not valid, and may be exported wrongly
14:30:23 | INFO: Extracting primitive: ranch_boundary_12_42-colonly
14:30:23 | INFO: Primitives created: 1
14:30:23 | WARNING: Mesh ranch_boundary_12_43-colonly is not valid, and may be exported wrongly
14:30:23 | INFO: Extracting primitive: ranch_boundary_12_43-colonly
14:30:23 | INFO: Primitives created: 1
14:30:23 | WARNING: Mesh ranch_boundary_12_44-colonly is not valid, and may be exported wrongly
14:30:23 | INFO: Extracting primitive: ranch_boundary_12_44-colonly
14:30:23 | INFO: Primitives created: 1
14:30:23 | WARNING: Mesh ranch_boundary_12_45-colonly is not valid, and may be exported wrongly
14:30:23 | INFO: Extracting primitive: ranch_boundary_12_45-colonly
14:30:23 | INFO: Primitives created: 1
14:30:23 | WARNING: Mesh ranch_boundary_12_46-colonly is not valid, and may be exported wrongly
14:30:23 | INFO: Extracting primitive: ranch_boundary_12_46-colonly
14:30:23 | INFO: Primitives created: 1
14:30:23 | WARNING: Mesh ranch_boundary_12_47-colonly is not valid, and may be exported wrongly
14:30:23 | INFO: Extracting primitive: ranch_boundary_12_47-colonly
14:30:23 | INFO: Primitives created: 1
14:30:23 | WARNING: Mesh ranch_boundary_12_48-colonly is not valid, and may be exported wrongly
14:30:23 | INFO: Extracting primitive: ranch_boundary_12_48-colonly
14:30:23 | INFO: Primitives created: 1
14:30:23 | WARNING: Mesh ranch_boundary_12_49-colonly is not valid, and may be exported wrongly
14:30:23 | INFO: Extracting primitive: ranch_boundary_12_49-colonly
14:30:23 | INFO: Primitives created: 1
14:30:23 | WARNING: Mesh ranch_boundary_12_50-colonly is not valid, and may be exported wrongly
14:30:23 | INFO: Extracting primitive: ranch_boundary_12_50-colonly
14:30:23 | INFO: Primitives created: 1
14:30:23 | WARNING: Mesh ranch_boundary_12_51-colonly is not valid, and may be exported wrongly
14:30:23 | INFO: Extracting primitive: ranch_boundary_12_51-colonly
14:30:23 | INFO: Primitives created: 1
14:30:23 | WARNING: Mesh ranch_boundary_12_52-colonly is not valid, and may be exported wrongly
14:30:23 | INFO: Extracting primitive: ranch_boundary_12_52-colonly
14:30:23 | INFO: Primitives created: 1
14:30:23 | WARNING: Mesh ranch_boundary_12_53-colonly is not valid, and may be exported wrongly
14:30:23 | INFO: Extracting primitive: ranch_boundary_12_53-colonly
14:30:23 | INFO: Primitives created: 1
14:30:23 | WARNING: Mesh ranch_boundary_12_54-colonly is not valid, and may be exported wrongly
14:30:23 | INFO: Extracting primitive: ranch_boundary_12_54-colonly
14:30:23 | INFO: Primitives created: 1
14:30:23 | WARNING: Mesh ranch_boundary_12_55-colonly is not valid, and may be exported wrongly
14:30:23 | INFO: Extracting primitive: ranch_boundary_12_55-colonly
14:30:23 | INFO: Primitives created: 1
14:30:23 | WARNING: Mesh ranch_boundary_12_56-colonly is not valid, and may be exported wrongly
14:30:23 | INFO: Extracting primitive: ranch_boundary_12_56-colonly
14:30:23 | INFO: Primitives created: 1
14:30:23 | WARNING: Mesh ranch_boundary_12_57-colonly is not valid, and may be exported wrongly
14:30:23 | INFO: Extracting primitive: ranch_boundary_12_57-colonly
14:30:23 | INFO: Primitives created: 1
14:30:23 | WARNING: Mesh ranch_boundary_12_58-colonly is not valid, and may be exported wrongly
14:30:23 | INFO: Extracting primitive: ranch_boundary_12_58-colonly
14:30:23 | INFO: Primitives created: 1
14:30:23 | WARNING: Mesh ranch_boundary_12_59-colonly is not valid, and may be exported wrongly
14:30:23 | INFO: Extracting primitive: ranch_boundary_12_59-colonly
14:30:23 | INFO: Primitives created: 1
14:30:23 | WARNING: Mesh ranch_boundary_12_60-colonly is not valid, and may be exported wrongly
14:30:23 | INFO: Extracting primitive: ranch_boundary_12_60-colonly
14:30:23 | INFO: Primitives created: 1
14:30:23 | WARNING: Mesh ranch_boundary_12_61-colonly is not valid, and may be exported wrongly
14:30:23 | INFO: Extracting primitive: ranch_boundary_12_61-colonly
14:30:23 | INFO: Primitives created: 1
14:30:23 | WARNING: Mesh ranch_boundary_12_62-colonly is not valid, and may be exported wrongly
14:30:23 | INFO: Extracting primitive: ranch_boundary_12_62-colonly
14:30:23 | INFO: Primitives created: 1
14:30:23 | WARNING: Mesh ranch_boundary_12_63-colonly is not valid, and may be exported wrongly
14:30:23 | INFO: Extracting primitive: ranch_boundary_12_63-colonly
14:30:23 | INFO: Primitives created: 1
14:30:23 | WARNING: Mesh ranch_boundary_12_64-colonly is not valid, and may be exported wrongly
14:30:23 | INFO: Extracting primitive: ranch_boundary_12_64-colonly
14:30:23 | INFO: Primitives created: 1
14:30:23 | WARNING: Mesh ranch_boundary_13_0-colonly is not valid, and may be exported wrongly
14:30:23 | INFO: Extracting primitive: ranch_boundary_13_0-colonly
14:30:23 | INFO: Primitives created: 1
14:30:23 | WARNING: Mesh ranch_boundary_13_1-colonly is not valid, and may be exported wrongly
14:30:23 | INFO: Extracting primitive: ranch_boundary_13_1-colonly
14:30:23 | INFO: Primitives created: 1
14:30:23 | WARNING: Mesh ranch_boundary_13_2-colonly is not valid, and may be exported wrongly
14:30:23 | INFO: Extracting primitive: ranch_boundary_13_2-colonly
14:30:23 | INFO: Primitives created: 1
14:30:23 | WARNING: Mesh ranch_boundary_13_3-colonly is not valid, and may be exported wrongly
14:30:23 | INFO: Extracting primitive: ranch_boundary_13_3-colonly
14:30:23 | INFO: Primitives created: 1
14:30:23 | WARNING: Mesh ranch_boundary_13_4-colonly is not valid, and may be exported wrongly
14:30:23 | INFO: Extracting primitive: ranch_boundary_13_4-colonly
14:30:23 | INFO: Primitives created: 1
14:30:23 | WARNING: Mesh ranch_boundary_13_5-colonly is not valid, and may be exported wrongly
14:30:23 | INFO: Extracting primitive: ranch_boundary_13_5-colonly
14:30:23 | INFO: Primitives created: 1
14:30:23 | WARNING: Mesh ranch_boundary_13_6-colonly is not valid, and may be exported wrongly
14:30:23 | INFO: Extracting primitive: ranch_boundary_13_6-colonly
14:30:23 | INFO: Primitives created: 1
14:30:23 | WARNING: Mesh ranch_boundary_13_7-colonly is not valid, and may be exported wrongly
14:30:23 | INFO: Extracting primitive: ranch_boundary_13_7-colonly
14:30:23 | INFO: Primitives created: 1
14:30:23 | WARNING: Mesh ranch_boundary_13_8-colonly is not valid, and may be exported wrongly
14:30:23 | INFO: Extracting primitive: ranch_boundary_13_8-colonly
14:30:23 | INFO: Primitives created: 1
14:30:23 | WARNING: Mesh ranch_boundary_13_9-colonly is not valid, and may be exported wrongly
14:30:23 | INFO: Extracting primitive: ranch_boundary_13_9-colonly
14:30:23 | INFO: Primitives created: 1
14:30:23 | WARNING: Mesh ranch_boundary_13_10-colonly is not valid, and may be exported wrongly
14:30:23 | INFO: Extracting primitive: ranch_boundary_13_10-colonly
14:30:23 | INFO: Primitives created: 1
14:30:23 | WARNING: Mesh ranch_boundary_13_11-colonly is not valid, and may be exported wrongly
14:30:23 | INFO: Extracting primitive: ranch_boundary_13_11-colonly
14:30:23 | INFO: Primitives created: 1
14:30:23 | WARNING: Mesh ranch_boundary_13_12-colonly is not valid, and may be exported wrongly
14:30:23 | INFO: Extracting primitive: ranch_boundary_13_12-colonly
14:30:23 | INFO: Primitives created: 1
14:30:23 | WARNING: Mesh ranch_boundary_13_13-colonly is not valid, and may be exported wrongly
14:30:23 | INFO: Extracting primitive: ranch_boundary_13_13-colonly
14:30:23 | INFO: Primitives created: 1
14:30:23 | WARNING: Mesh ranch_boundary_13_14-colonly is not valid, and may be exported wrongly
14:30:23 | INFO: Extracting primitive: ranch_boundary_13_14-colonly
14:30:23 | INFO: Primitives created: 1
14:30:23 | WARNING: Mesh ranch_boundary_13_15-colonly is not valid, and may be exported wrongly
14:30:23 | INFO: Extracting primitive: ranch_boundary_13_15-colonly
14:30:23 | INFO: Primitives created: 1
14:30:23 | WARNING: Mesh ranch_boundary_13_16-colonly is not valid, and may be exported wrongly
14:30:23 | INFO: Extracting primitive: ranch_boundary_13_16-colonly
14:30:23 | INFO: Primitives created: 1
14:30:23 | WARNING: Mesh ranch_boundary_13_17-colonly is not valid, and may be exported wrongly
14:30:23 | INFO: Extracting primitive: ranch_boundary_13_17-colonly
14:30:23 | INFO: Primitives created: 1
14:30:23 | WARNING: Mesh ranch_boundary_13_18-colonly is not valid, and may be exported wrongly
14:30:23 | INFO: Extracting primitive: ranch_boundary_13_18-colonly
14:30:23 | INFO: Primitives created: 1
14:30:23 | WARNING: Mesh ranch_boundary_13_19-colonly is not valid, and may be exported wrongly
14:30:23 | INFO: Extracting primitive: ranch_boundary_13_19-colonly
14:30:23 | INFO: Primitives created: 1
14:30:23 | WARNING: Mesh ranch_boundary_13_20-colonly is not valid, and may be exported wrongly
14:30:23 | INFO: Extracting primitive: ranch_boundary_13_20-colonly
14:30:23 | INFO: Primitives created: 1
14:30:23 | WARNING: Mesh ranch_boundary_13_21-colonly is not valid, and may be exported wrongly
14:30:23 | INFO: Extracting primitive: ranch_boundary_13_21-colonly
14:30:23 | INFO: Primitives created: 1
14:30:23 | WARNING: Mesh ranch_boundary_13_22-colonly is not valid, and may be exported wrongly
14:30:23 | INFO: Extracting primitive: ranch_boundary_13_22-colonly
14:30:23 | INFO: Primitives created: 1
14:30:23 | WARNING: Mesh ranch_boundary_13_23-colonly is not valid, and may be exported wrongly
14:30:23 | INFO: Extracting primitive: ranch_boundary_13_23-colonly
14:30:23 | INFO: Primitives created: 1
14:30:23 | WARNING: Mesh ranch_boundary_13_24-colonly is not valid, and may be exported wrongly
14:30:23 | INFO: Extracting primitive: ranch_boundary_13_24-colonly
14:30:23 | INFO: Primitives created: 1
14:30:23 | WARNING: Mesh ranch_boundary_13_25-colonly is not valid, and may be exported wrongly
14:30:23 | INFO: Extracting primitive: ranch_boundary_13_25-colonly
14:30:23 | INFO: Primitives created: 1
14:30:23 | WARNING: Mesh ranch_boundary_13_26-colonly is not valid, and may be exported wrongly
14:30:23 | INFO: Extracting primitive: ranch_boundary_13_26-colonly
14:30:23 | INFO: Primitives created: 1
14:30:23 | WARNING: Mesh ranch_boundary_13_27-colonly is not valid, and may be exported wrongly
14:30:23 | INFO: Extracting primitive: ranch_boundary_13_27-colonly
14:30:23 | INFO: Primitives created: 1
14:30:23 | WARNING: Mesh ranch_boundary_13_28-colonly is not valid, and may be exported wrongly
14:30:23 | INFO: Extracting primitive: ranch_boundary_13_28-colonly
14:30:23 | INFO: Primitives created: 1
14:30:23 | WARNING: Mesh ranch_boundary_13_29-colonly is not valid, and may be exported wrongly
14:30:23 | INFO: Extracting primitive: ranch_boundary_13_29-colonly
14:30:23 | INFO: Primitives created: 1
14:30:23 | WARNING: Mesh ranch_boundary_13_30-colonly is not valid, and may be exported wrongly
14:30:23 | INFO: Extracting primitive: ranch_boundary_13_30-colonly
14:30:23 | INFO: Primitives created: 1
14:30:23 | WARNING: Mesh ranch_boundary_13_31-colonly is not valid, and may be exported wrongly
14:30:23 | INFO: Extracting primitive: ranch_boundary_13_31-colonly
14:30:23 | INFO: Primitives created: 1
14:30:23 | WARNING: Mesh ranch_boundary_13_32-colonly is not valid, and may be exported wrongly
14:30:23 | INFO: Extracting primitive: ranch_boundary_13_32-colonly
14:30:23 | INFO: Primitives created: 1
14:30:23 | WARNING: Mesh ranch_boundary_13_33-colonly is not valid, and may be exported wrongly
14:30:23 | INFO: Extracting primitive: ranch_boundary_13_33-colonly
14:30:23 | INFO: Primitives created: 1
14:30:23 | WARNING: Mesh ranch_boundary_13_34-colonly is not valid, and may be exported wrongly
14:30:23 | INFO: Extracting primitive: ranch_boundary_13_34-colonly
14:30:23 | INFO: Primitives created: 1
14:30:23 | WARNING: Mesh ranch_boundary_13_35-colonly is not valid, and may be exported wrongly
14:30:23 | INFO: Extracting primitive: ranch_boundary_13_35-colonly
14:30:23 | INFO: Primitives created: 1
14:30:23 | WARNING: Mesh ranch_boundary_13_36-colonly is not valid, and may be exported wrongly
14:30:23 | INFO: Extracting primitive: ranch_boundary_13_36-colonly
14:30:23 | INFO: Primitives created: 1
14:30:23 | WARNING: Mesh ranch_boundary_13_37-colonly is not valid, and may be exported wrongly
14:30:23 | INFO: Extracting primitive: ranch_boundary_13_37-colonly
14:30:23 | INFO: Primitives created: 1
14:30:23 | WARNING: Mesh ranch_boundary_13_38-colonly is not valid, and may be exported wrongly
14:30:23 | INFO: Extracting primitive: ranch_boundary_13_38-colonly
14:30:23 | INFO: Primitives created: 1
14:30:23 | WARNING: Mesh ranch_boundary_13_39-colonly is not valid, and may be exported wrongly
14:30:23 | INFO: Extracting primitive: ranch_boundary_13_39-colonly
14:30:23 | INFO: Primitives created: 1
14:30:23 | WARNING: Mesh ranch_boundary_13_40-colonly is not valid, and may be exported wrongly
14:30:23 | INFO: Extracting primitive: ranch_boundary_13_40-colonly
14:30:23 | INFO: Primitives created: 1
14:30:23 | WARNING: Mesh ranch_boundary_13_41-colonly is not valid, and may be exported wrongly
14:30:23 | INFO: Extracting primitive: ranch_boundary_13_41-colonly
14:30:23 | INFO: Primitives created: 1
14:30:23 | WARNING: Mesh ranch_boundary_13_42-colonly is not valid, and may be exported wrongly
14:30:23 | INFO: Extracting primitive: ranch_boundary_13_42-colonly
14:30:23 | INFO: Primitives created: 1
14:30:23 | WARNING: Mesh ranch_boundary_13_43-colonly is not valid, and may be exported wrongly
14:30:23 | INFO: Extracting primitive: ranch_boundary_13_43-colonly
14:30:23 | INFO: Primitives created: 1
14:30:23 | WARNING: Mesh ranch_boundary_13_44-colonly is not valid, and may be exported wrongly
14:30:23 | INFO: Extracting primitive: ranch_boundary_13_44-colonly
14:30:23 | INFO: Primitives created: 1
14:30:23 | WARNING: Mesh ranch_boundary_13_45-colonly is not valid, and may be exported wrongly
14:30:23 | INFO: Extracting primitive: ranch_boundary_13_45-colonly
14:30:23 | INFO: Primitives created: 1
14:30:23 | WARNING: Mesh ranch_boundary_13_46-colonly is not valid, and may be exported wrongly
14:30:23 | INFO: Extracting primitive: ranch_boundary_13_46-colonly
14:30:23 | INFO: Primitives created: 1
14:30:23 | WARNING: Mesh ranch_boundary_13_47-colonly is not valid, and may be exported wrongly
14:30:23 | INFO: Extracting primitive: ranch_boundary_13_47-colonly
14:30:23 | INFO: Primitives created: 1
14:30:23 | WARNING: Mesh ranch_boundary_13_48-colonly is not valid, and may be exported wrongly
14:30:23 | INFO: Extracting primitive: ranch_boundary_13_48-colonly
14:30:23 | INFO: Primitives created: 1
14:30:23 | WARNING: Mesh ranch_boundary_13_49-colonly is not valid, and may be exported wrongly
14:30:23 | INFO: Extracting primitive: ranch_boundary_13_49-colonly
14:30:23 | INFO: Primitives created: 1
14:30:23 | WARNING: Mesh ranch_boundary_13_50-colonly is not valid, and may be exported wrongly
14:30:23 | INFO: Extracting primitive: ranch_boundary_13_50-colonly
14:30:23 | INFO: Primitives created: 1
14:30:23 | WARNING: Mesh ranch_boundary_13_51-colonly is not valid, and may be exported wrongly
14:30:23 | INFO: Extracting primitive: ranch_boundary_13_51-colonly
14:30:23 | INFO: Primitives created: 1
14:30:23 | WARNING: Mesh ranch_boundary_13_52-colonly is not valid, and may be exported wrongly
14:30:23 | INFO: Extracting primitive: ranch_boundary_13_52-colonly
14:30:23 | INFO: Primitives created: 1
14:30:23 | WARNING: Mesh ranch_boundary_13_53-colonly is not valid, and may be exported wrongly
14:30:23 | INFO: Extracting primitive: ranch_boundary_13_53-colonly
14:30:23 | INFO: Primitives created: 1
14:30:23 | WARNING: Mesh ranch_boundary_13_54-colonly is not valid, and may be exported wrongly
14:30:23 | INFO: Extracting primitive: ranch_boundary_13_54-colonly
14:30:23 | INFO: Primitives created: 1
14:30:23 | WARNING: Mesh ranch_boundary_13_55-colonly is not valid, and may be exported wrongly
14:30:23 | INFO: Extracting primitive: ranch_boundary_13_55-colonly
14:30:23 | INFO: Primitives created: 1
14:30:23 | WARNING: Mesh ranch_boundary_13_56-colonly is not valid, and may be exported wrongly
14:30:23 | INFO: Extracting primitive: ranch_boundary_13_56-colonly
14:30:23 | INFO: Primitives created: 1
14:30:23 | WARNING: Mesh ranch_boundary_13_57-colonly is not valid, and may be exported wrongly
14:30:23 | INFO: Extracting primitive: ranch_boundary_13_57-colonly
14:30:23 | INFO: Primitives created: 1
14:30:23 | WARNING: Mesh ranch_boundary_13_58-colonly is not valid, and may be exported wrongly
14:30:23 | INFO: Extracting primitive: ranch_boundary_13_58-colonly
14:30:23 | INFO: Primitives created: 1
14:30:23 | WARNING: Mesh ranch_boundary_13_59-colonly is not valid, and may be exported wrongly
14:30:23 | INFO: Extracting primitive: ranch_boundary_13_59-colonly
14:30:23 | INFO: Primitives created: 1
14:30:23 | WARNING: Mesh ranch_boundary_13_60-colonly is not valid, and may be exported wrongly
14:30:23 | INFO: Extracting primitive: ranch_boundary_13_60-colonly
14:30:23 | INFO: Primitives created: 1
14:30:23 | WARNING: Mesh ranch_boundary_13_61-colonly is not valid, and may be exported wrongly
14:30:23 | INFO: Extracting primitive: ranch_boundary_13_61-colonly
14:30:23 | INFO: Primitives created: 1
14:30:23 | WARNING: Mesh ranch_boundary_13_62-colonly is not valid, and may be exported wrongly
14:30:23 | INFO: Extracting primitive: ranch_boundary_13_62-colonly
14:30:23 | INFO: Primitives created: 1
14:30:23 | WARNING: Mesh ranch_boundary_13_63-colonly is not valid, and may be exported wrongly
14:30:23 | INFO: Extracting primitive: ranch_boundary_13_63-colonly
14:30:23 | INFO: Primitives created: 1
14:30:23 | WARNING: Mesh ranch_boundary_13_64-colonly is not valid, and may be exported wrongly
14:30:23 | INFO: Extracting primitive: ranch_boundary_13_64-colonly
14:30:23 | INFO: Primitives created: 1
14:30:23 | WARNING: Mesh ranch_boundary_13_65-colonly is not valid, and may be exported wrongly
14:30:23 | INFO: Extracting primitive: ranch_boundary_13_65-colonly
14:30:23 | INFO: Primitives created: 1
14:30:23 | WARNING: Mesh ranch_boundary_13_66-colonly is not valid, and may be exported wrongly
14:30:23 | INFO: Extracting primitive: ranch_boundary_13_66-colonly
14:30:23 | INFO: Primitives created: 1
14:30:23 | WARNING: Mesh ranch_boundary_13_67-colonly is not valid, and may be exported wrongly
14:30:23 | INFO: Extracting primitive: ranch_boundary_13_67-colonly
14:30:23 | INFO: Primitives created: 1
14:30:23 | WARNING: Mesh ranch_boundary_13_68-colonly is not valid, and may be exported wrongly
14:30:23 | INFO: Extracting primitive: ranch_boundary_13_68-colonly
14:30:23 | INFO: Primitives created: 1
14:30:23 | WARNING: Mesh ranch_boundary_13_69-colonly is not valid, and may be exported wrongly
14:30:23 | INFO: Extracting primitive: ranch_boundary_13_69-colonly
14:30:23 | INFO: Primitives created: 1
14:30:23 | WARNING: Mesh ranch_boundary_13_70-colonly is not valid, and may be exported wrongly
14:30:23 | INFO: Extracting primitive: ranch_boundary_13_70-colonly
14:30:23 | INFO: Primitives created: 1
14:30:23 | WARNING: Mesh ranch_boundary_13_71-colonly is not valid, and may be exported wrongly
14:30:23 | INFO: Extracting primitive: ranch_boundary_13_71-colonly
14:30:23 | INFO: Primitives created: 1
14:30:23 | WARNING: Mesh ranch_boundary_13_72-colonly is not valid, and may be exported wrongly
14:30:23 | INFO: Extracting primitive: ranch_boundary_13_72-colonly
14:30:23 | INFO: Primitives created: 1
14:30:23 | WARNING: Mesh ranch_boundary_13_73-colonly is not valid, and may be exported wrongly
14:30:23 | INFO: Extracting primitive: ranch_boundary_13_73-colonly
14:30:23 | INFO: Primitives created: 1
14:30:23 | WARNING: Mesh ranch_boundary_13_74-colonly is not valid, and may be exported wrongly
14:30:23 | INFO: Extracting primitive: ranch_boundary_13_74-colonly
14:30:23 | INFO: Primitives created: 1
14:30:23 | WARNING: Mesh ranch_boundary_13_75-colonly is not valid, and may be exported wrongly
14:30:23 | INFO: Extracting primitive: ranch_boundary_13_75-colonly
14:30:23 | INFO: Primitives created: 1
14:30:23 | WARNING: Mesh ranch_boundary_13_76-colonly is not valid, and may be exported wrongly
14:30:23 | INFO: Extracting primitive: ranch_boundary_13_76-colonly
14:30:23 | INFO: Primitives created: 1
14:30:23 | WARNING: Mesh ranch_boundary_13_77-colonly is not valid, and may be exported wrongly
14:30:23 | INFO: Extracting primitive: ranch_boundary_13_77-colonly
14:30:23 | INFO: Primitives created: 1
14:30:23 | WARNING: Mesh ranch_boundary_13_78-colonly is not valid, and may be exported wrongly
14:30:23 | INFO: Extracting primitive: ranch_boundary_13_78-colonly
14:30:23 | INFO: Primitives created: 1
14:30:23 | WARNING: Mesh ranch_boundary_13_79-colonly is not valid, and may be exported wrongly
14:30:23 | INFO: Extracting primitive: ranch_boundary_13_79-colonly
14:30:23 | INFO: Primitives created: 1
14:30:23 | WARNING: Mesh ranch_boundary_13_80-colonly is not valid, and may be exported wrongly
14:30:23 | INFO: Extracting primitive: ranch_boundary_13_80-colonly
14:30:23 | INFO: Primitives created: 1
14:30:23 | WARNING: Mesh ranch_boundary_13_81-colonly is not valid, and may be exported wrongly
14:30:23 | INFO: Extracting primitive: ranch_boundary_13_81-colonly
14:30:23 | INFO: Primitives created: 1
14:30:23 | WARNING: Mesh ranch_boundary_13_82-colonly is not valid, and may be exported wrongly
14:30:23 | INFO: Extracting primitive: ranch_boundary_13_82-colonly
14:30:23 | INFO: Primitives created: 1
14:30:23 | WARNING: Mesh ranch_boundary_13_83-colonly is not valid, and may be exported wrongly
14:30:23 | INFO: Extracting primitive: ranch_boundary_13_83-colonly
14:30:23 | INFO: Primitives created: 1
14:30:23 | WARNING: Mesh ranch_boundary_13_84-colonly is not valid, and may be exported wrongly
14:30:23 | INFO: Extracting primitive: ranch_boundary_13_84-colonly
14:30:23 | INFO: Primitives created: 1
14:30:23 | WARNING: Mesh ranch_boundary_13_85-colonly is not valid, and may be exported wrongly
14:30:23 | INFO: Extracting primitive: ranch_boundary_13_85-colonly
14:30:23 | INFO: Primitives created: 1
14:30:23 | WARNING: Mesh ranch_boundary_13_86-colonly is not valid, and may be exported wrongly
14:30:23 | INFO: Extracting primitive: ranch_boundary_13_86-colonly
14:30:23 | INFO: Primitives created: 1
14:30:23 | WARNING: Mesh ranch_boundary_13_87-colonly is not valid, and may be exported wrongly
14:30:23 | INFO: Extracting primitive: ranch_boundary_13_87-colonly
14:30:23 | INFO: Primitives created: 1
14:30:23 | WARNING: Mesh ranch_boundary_13_88-colonly is not valid, and may be exported wrongly
14:30:23 | INFO: Extracting primitive: ranch_boundary_13_88-colonly
14:30:23 | INFO: Primitives created: 1
14:30:23 | WARNING: Mesh ranch_boundary_13_89-colonly is not valid, and may be exported wrongly
14:30:23 | INFO: Extracting primitive: ranch_boundary_13_89-colonly
14:30:23 | INFO: Primitives created: 1
14:30:23 | WARNING: Mesh ranch_boundary_13_90-colonly is not valid, and may be exported wrongly
14:30:23 | INFO: Extracting primitive: ranch_boundary_13_90-colonly
14:30:23 | INFO: Primitives created: 1
14:30:23 | WARNING: Mesh ranch_boundary_13_91-colonly is not valid, and may be exported wrongly
14:30:23 | INFO: Extracting primitive: ranch_boundary_13_91-colonly
14:30:23 | INFO: Primitives created: 1
14:30:23 | WARNING: Mesh ranch_boundary_13_92-colonly is not valid, and may be exported wrongly
14:30:23 | INFO: Extracting primitive: ranch_boundary_13_92-colonly
14:30:23 | INFO: Primitives created: 1
14:30:23 | WARNING: Mesh ranch_boundary_13_93-colonly is not valid, and may be exported wrongly
14:30:23 | INFO: Extracting primitive: ranch_boundary_13_93-colonly
14:30:23 | INFO: Primitives created: 1
14:30:23 | WARNING: Mesh ranch_boundary_13_94-colonly is not valid, and may be exported wrongly
14:30:23 | INFO: Extracting primitive: ranch_boundary_13_94-colonly
14:30:23 | INFO: Primitives created: 1
14:30:23 | WARNING: Mesh ranch_boundary_13_95-colonly is not valid, and may be exported wrongly
14:30:23 | INFO: Extracting primitive: ranch_boundary_13_95-colonly
14:30:23 | INFO: Primitives created: 1
14:30:23 | WARNING: Mesh ranch_boundary_13_96-colonly is not valid, and may be exported wrongly
14:30:23 | INFO: Extracting primitive: ranch_boundary_13_96-colonly
14:30:23 | INFO: Primitives created: 1
14:30:23 | WARNING: Mesh ranch_boundary_13_97-colonly is not valid, and may be exported wrongly
14:30:23 | INFO: Extracting primitive: ranch_boundary_13_97-colonly
14:30:23 | INFO: Primitives created: 1
14:30:23 | WARNING: Mesh ranch_boundary_13_98-colonly is not valid, and may be exported wrongly
14:30:23 | INFO: Extracting primitive: ranch_boundary_13_98-colonly
14:30:23 | INFO: Primitives created: 1
14:30:23 | WARNING: Mesh ranch_boundary_13_99-colonly is not valid, and may be exported wrongly
14:30:23 | INFO: Extracting primitive: ranch_boundary_13_99-colonly
14:30:23 | INFO: Primitives created: 1
14:30:24 | INFO: Finished glTF 2.0 export in 2.0801503658294678 s

EXPORT_OK ranch_safety 1808
14:30:25 | INFO: Starting glTF 2.0 export
14:30:25 | INFO: Extracting primitive: ranch_stream
14:30:25 | INFO: Primitives created: 1
14:30:25 | INFO: Finished glTF 2.0 export in 0.06528854370117188 s

EXPORT_OK ranch_water 1
14:30:25 | INFO: Starting glTF 2.0 export
14:30:25 | INFO: Extracting primitive: town_tile_000_000-col
14:30:25 | INFO: Primitives created: 1
14:30:25 | INFO: Extracting primitive: town_tile_000_024-col
14:30:25 | INFO: Primitives created: 1
14:30:25 | INFO: Extracting primitive: town_tile_000_048-col
14:30:25 | INFO: Primitives created: 1
14:30:25 | INFO: Extracting primitive: town_tile_000_072-col
14:30:25 | INFO: Primitives created: 1
14:30:25 | INFO: Extracting primitive: town_tile_000_096-col
14:30:25 | INFO: Primitives created: 1
14:30:25 | INFO: Extracting primitive: town_tile_000_120-col
14:30:25 | INFO: Primitives created: 1
14:30:25 | INFO: Extracting primitive: town_tile_024_000-col
14:30:25 | INFO: Primitives created: 1
14:30:25 | INFO: Extracting primitive: town_tile_024_024-col
14:30:25 | INFO: Primitives created: 1
14:30:25 | INFO: Extracting primitive: town_tile_024_048-col
14:30:25 | INFO: Primitives created: 1
14:30:25 | INFO: Extracting primitive: town_tile_024_072-col
14:30:25 | INFO: Primitives created: 1
14:30:25 | INFO: Extracting primitive: town_tile_024_096-col
14:30:25 | INFO: Primitives created: 1
14:30:25 | INFO: Extracting primitive: town_tile_024_120-col
14:30:25 | INFO: Primitives created: 1
14:30:25 | INFO: Extracting primitive: town_tile_048_000-col
14:30:25 | INFO: Primitives created: 1
14:30:25 | INFO: Extracting primitive: town_tile_048_024-col
14:30:25 | INFO: Primitives created: 1
14:30:25 | INFO: Extracting primitive: town_tile_048_048-col
14:30:25 | INFO: Primitives created: 1
14:30:25 | INFO: Extracting primitive: town_tile_048_072-col
14:30:25 | INFO: Primitives created: 1
14:30:25 | INFO: Extracting primitive: town_tile_048_096-col
14:30:25 | INFO: Primitives created: 1
14:30:25 | INFO: Extracting primitive: town_tile_048_120-col
14:30:25 | INFO: Primitives created: 1
14:30:25 | INFO: Extracting primitive: town_tile_072_000-col
14:30:25 | INFO: Primitives created: 1
14:30:25 | INFO: Extracting primitive: town_tile_072_024-col
14:30:25 | INFO: Primitives created: 1
14:30:25 | INFO: Extracting primitive: town_tile_072_048-col
14:30:25 | INFO: Primitives created: 1
14:30:25 | INFO: Extracting primitive: town_tile_072_072-col
14:30:25 | INFO: Primitives created: 1
14:30:25 | INFO: Extracting primitive: town_tile_072_096-col
14:30:25 | INFO: Primitives created: 1
14:30:25 | INFO: Extracting primitive: town_tile_072_120-col
14:30:25 | INFO: Primitives created: 1
14:30:25 | INFO: Extracting primitive: town_tile_096_000-col
14:30:25 | INFO: Primitives created: 1
14:30:25 | INFO: Extracting primitive: town_tile_096_024-col
14:30:25 | INFO: Primitives created: 1
14:30:25 | INFO: Extracting primitive: town_tile_096_048-col
14:30:25 | INFO: Primitives created: 1
14:30:25 | INFO: Extracting primitive: town_tile_096_072-col
14:30:25 | INFO: Primitives created: 1
14:30:25 | INFO: Extracting primitive: town_tile_096_096-col
14:30:25 | INFO: Primitives created: 1
14:30:25 | INFO: Extracting primitive: town_tile_096_120-col
14:30:25 | INFO: Primitives created: 1
14:30:25 | INFO: Extracting primitive: town_tile_120_000-col
14:30:25 | INFO: Primitives created: 1
14:30:25 | INFO: Extracting primitive: town_tile_120_024-col
14:30:25 | INFO: Primitives created: 1
14:30:25 | INFO: Extracting primitive: town_tile_120_048-col
14:30:25 | INFO: Primitives created: 1
14:30:25 | INFO: Extracting primitive: town_tile_120_072-col
14:30:25 | INFO: Primitives created: 1
14:30:25 | INFO: Extracting primitive: town_tile_120_096-col
14:30:25 | INFO: Primitives created: 1
14:30:25 | INFO: Extracting primitive: town_tile_120_120-col
14:30:25 | INFO: Primitives created: 1
14:30:25 | INFO: Extracting primitive: town_tile_144_000-col
14:30:25 | INFO: Primitives created: 1
14:30:25 | INFO: Extracting primitive: town_tile_144_024-col
14:30:25 | INFO: Primitives created: 1
14:30:25 | INFO: Extracting primitive: town_tile_144_048-col
14:30:25 | INFO: Primitives created: 1
14:30:25 | INFO: Extracting primitive: town_tile_144_072-col
14:30:25 | INFO: Primitives created: 1
14:30:25 | INFO: Extracting primitive: town_tile_144_096-col
14:30:25 | INFO: Primitives created: 1
14:30:25 | INFO: Extracting primitive: town_tile_144_120-col
14:30:25 | INFO: Primitives created: 1
14:30:25 | INFO: Extracting primitive: town_tile_168_000-col
14:30:25 | INFO: Primitives created: 1
14:30:25 | INFO: Extracting primitive: town_tile_168_024-col
14:30:25 | INFO: Primitives created: 1
14:30:25 | INFO: Extracting primitive: town_tile_168_048-col
14:30:25 | INFO: Primitives created: 1
14:30:25 | INFO: Extracting primitive: town_tile_168_072-col
14:30:25 | INFO: Primitives created: 1
14:30:25 | INFO: Extracting primitive: town_tile_168_096-col
14:30:25 | INFO: Primitives created: 1
14:30:25 | INFO: Extracting primitive: town_tile_168_120-col
14:30:25 | INFO: Primitives created: 1
14:30:25 | INFO: Finished glTF 2.0 export in 0.13640546798706055 s

EXPORT_OK town_terrain 48
14:30:25 | INFO: Starting glTF 2.0 export
14:30:25 | INFO: Extracting primitive: town_door_adventure_guild
14:30:25 | INFO: Primitives created: 1
14:30:25 | INFO: Extracting primitive: town_door_bathhouse
14:30:25 | INFO: Primitives created: 1
14:30:25 | INFO: Extracting primitive: town_door_general_store
14:30:25 | INFO: Primitives created: 1
14:30:25 | INFO: Extracting primitive: town_door_planning_board
14:30:25 | INFO: Primitives created: 1
14:30:25 | INFO: Extracting primitive: town_door_research_office
14:30:25 | INFO: Primitives created: 1
14:30:25 | INFO: Extracting primitive: town_door_tavern
14:30:25 | INFO: Primitives created: 1
14:30:25 | INFO: Extracting primitive: town_door_town_hall
14:30:25 | INFO: Primitives created: 1
14:30:25 | INFO: Extracting primitive: town_garden_lane
14:30:25 | INFO: Primitives created: 1
14:30:25 | INFO: Extracting primitive: town_guild_lane
14:30:25 | INFO: Primitives created: 1
14:30:25 | INFO: Extracting primitive: town_market_lane
14:30:25 | INFO: Primitives created: 1
14:30:25 | INFO: Extracting primitive: town_scholars_lane
14:30:25 | INFO: Primitives created: 1
14:30:25 | INFO: Extracting primitive: town_seam_lane
14:30:25 | INFO: Primitives created: 1
14:30:25 | INFO: Extracting primitive: town_shore_route
14:30:25 | INFO: Primitives created: 1
14:30:25 | INFO: Finished glTF 2.0 export in 0.06120419502258301 s

EXPORT_OK town_paths 13
14:30:26 | INFO: Starting glTF 2.0 export
14:30:26 | WARNING: Mesh town_bank_4_0_0-colonly is not valid, and may be exported wrongly
14:30:26 | INFO: Extracting primitive: town_bank_4_0_0-colonly
14:30:26 | INFO: Primitives created: 1
14:30:26 | WARNING: Mesh town_bank_4_0_1-colonly is not valid, and may be exported wrongly
14:30:26 | INFO: Extracting primitive: town_bank_4_0_1-colonly
14:30:26 | INFO: Primitives created: 1
14:30:26 | WARNING: Mesh town_bank_4_1_0-colonly is not valid, and may be exported wrongly
14:30:26 | INFO: Extracting primitive: town_bank_4_1_0-colonly
14:30:26 | INFO: Primitives created: 1
14:30:26 | WARNING: Mesh town_bank_4_1_1-colonly is not valid, and may be exported wrongly
14:30:26 | INFO: Extracting primitive: town_bank_4_1_1-colonly
14:30:26 | INFO: Primitives created: 1
14:30:26 | WARNING: Mesh town_bank_4_2_0-colonly is not valid, and may be exported wrongly
14:30:26 | INFO: Extracting primitive: town_bank_4_2_0-colonly
14:30:26 | INFO: Primitives created: 1
14:30:26 | WARNING: Mesh town_bank_4_2_1-colonly is not valid, and may be exported wrongly
14:30:26 | INFO: Extracting primitive: town_bank_4_2_1-colonly
14:30:26 | INFO: Primitives created: 1
14:30:26 | WARNING: Mesh town_bank_4_3_0-colonly is not valid, and may be exported wrongly
14:30:26 | INFO: Extracting primitive: town_bank_4_3_0-colonly
14:30:26 | INFO: Primitives created: 1
14:30:26 | WARNING: Mesh town_bank_4_3_1-colonly is not valid, and may be exported wrongly
14:30:26 | INFO: Extracting primitive: town_bank_4_3_1-colonly
14:30:26 | INFO: Primitives created: 1
14:30:26 | WARNING: Mesh town_bank_4_4_0-colonly is not valid, and may be exported wrongly
14:30:26 | INFO: Extracting primitive: town_bank_4_4_0-colonly
14:30:26 | INFO: Primitives created: 1
14:30:26 | WARNING: Mesh town_bank_4_4_1-colonly is not valid, and may be exported wrongly
14:30:26 | INFO: Extracting primitive: town_bank_4_4_1-colonly
14:30:26 | INFO: Primitives created: 1
14:30:26 | WARNING: Mesh town_bank_4_5_0-colonly is not valid, and may be exported wrongly
14:30:26 | INFO: Extracting primitive: town_bank_4_5_0-colonly
14:30:26 | INFO: Primitives created: 1
14:30:26 | WARNING: Mesh town_bank_4_5_1-colonly is not valid, and may be exported wrongly
14:30:26 | INFO: Extracting primitive: town_bank_4_5_1-colonly
14:30:26 | INFO: Primitives created: 1
14:30:26 | WARNING: Mesh town_bank_4_6_0-colonly is not valid, and may be exported wrongly
14:30:26 | INFO: Extracting primitive: town_bank_4_6_0-colonly
14:30:26 | INFO: Primitives created: 1
14:30:26 | WARNING: Mesh town_bank_4_6_1-colonly is not valid, and may be exported wrongly
14:30:26 | INFO: Extracting primitive: town_bank_4_6_1-colonly
14:30:26 | INFO: Primitives created: 1
14:30:26 | WARNING: Mesh town_bank_4_7_0-colonly is not valid, and may be exported wrongly
14:30:26 | INFO: Extracting primitive: town_bank_4_7_0-colonly
14:30:26 | INFO: Primitives created: 1
14:30:26 | WARNING: Mesh town_bank_4_7_1-colonly is not valid, and may be exported wrongly
14:30:26 | INFO: Extracting primitive: town_bank_4_7_1-colonly
14:30:26 | INFO: Primitives created: 1
14:30:26 | WARNING: Mesh town_bank_4_8_0-colonly is not valid, and may be exported wrongly
14:30:26 | INFO: Extracting primitive: town_bank_4_8_0-colonly
14:30:26 | INFO: Primitives created: 1
14:30:26 | WARNING: Mesh town_bank_4_8_1-colonly is not valid, and may be exported wrongly
14:30:26 | INFO: Extracting primitive: town_bank_4_8_1-colonly
14:30:26 | INFO: Primitives created: 1
14:30:26 | WARNING: Mesh town_bank_4_9_0-colonly is not valid, and may be exported wrongly
14:30:26 | INFO: Extracting primitive: town_bank_4_9_0-colonly
14:30:26 | INFO: Primitives created: 1
14:30:26 | WARNING: Mesh town_bank_4_9_1-colonly is not valid, and may be exported wrongly
14:30:26 | INFO: Extracting primitive: town_bank_4_9_1-colonly
14:30:26 | INFO: Primitives created: 1
14:30:26 | WARNING: Mesh town_bank_4_10_0-colonly is not valid, and may be exported wrongly
14:30:26 | INFO: Extracting primitive: town_bank_4_10_0-colonly
14:30:26 | INFO: Primitives created: 1
14:30:26 | WARNING: Mesh town_bank_4_10_1-colonly is not valid, and may be exported wrongly
14:30:26 | INFO: Extracting primitive: town_bank_4_10_1-colonly
14:30:26 | INFO: Primitives created: 1
14:30:26 | WARNING: Mesh town_bank_4_11_0-colonly is not valid, and may be exported wrongly
14:30:26 | INFO: Extracting primitive: town_bank_4_11_0-colonly
14:30:26 | INFO: Primitives created: 1
14:30:26 | WARNING: Mesh town_bank_4_11_1-colonly is not valid, and may be exported wrongly
14:30:26 | INFO: Extracting primitive: town_bank_4_11_1-colonly
14:30:26 | INFO: Primitives created: 1
14:30:26 | WARNING: Mesh town_bank_4_12_0-colonly is not valid, and may be exported wrongly
14:30:26 | INFO: Extracting primitive: town_bank_4_12_0-colonly
14:30:26 | INFO: Primitives created: 1
14:30:26 | WARNING: Mesh town_bank_4_12_1-colonly is not valid, and may be exported wrongly
14:30:26 | INFO: Extracting primitive: town_bank_4_12_1-colonly
14:30:26 | INFO: Primitives created: 1
14:30:26 | WARNING: Mesh town_bank_4_13_0-colonly is not valid, and may be exported wrongly
14:30:26 | INFO: Extracting primitive: town_bank_4_13_0-colonly
14:30:26 | INFO: Primitives created: 1
14:30:26 | WARNING: Mesh town_bank_4_13_1-colonly is not valid, and may be exported wrongly
14:30:26 | INFO: Extracting primitive: town_bank_4_13_1-colonly
14:30:26 | INFO: Primitives created: 1
14:30:26 | WARNING: Mesh town_bank_4_14_0-colonly is not valid, and may be exported wrongly
14:30:26 | INFO: Extracting primitive: town_bank_4_14_0-colonly
14:30:26 | INFO: Primitives created: 1
14:30:26 | WARNING: Mesh town_bank_4_14_1-colonly is not valid, and may be exported wrongly
14:30:26 | INFO: Extracting primitive: town_bank_4_14_1-colonly
14:30:26 | INFO: Primitives created: 1
14:30:26 | WARNING: Mesh town_bank_4_15_0-colonly is not valid, and may be exported wrongly
14:30:26 | INFO: Extracting primitive: town_bank_4_15_0-colonly
14:30:26 | INFO: Primitives created: 1
14:30:26 | WARNING: Mesh town_bank_4_15_1-colonly is not valid, and may be exported wrongly
14:30:26 | INFO: Extracting primitive: town_bank_4_15_1-colonly
14:30:26 | INFO: Primitives created: 1
14:30:26 | WARNING: Mesh town_bank_4_16_0-colonly is not valid, and may be exported wrongly
14:30:26 | INFO: Extracting primitive: town_bank_4_16_0-colonly
14:30:26 | INFO: Primitives created: 1
14:30:26 | WARNING: Mesh town_bank_4_16_1-colonly is not valid, and may be exported wrongly
14:30:26 | INFO: Extracting primitive: town_bank_4_16_1-colonly
14:30:26 | INFO: Primitives created: 1
14:30:26 | WARNING: Mesh town_bank_4_17_0-colonly is not valid, and may be exported wrongly
14:30:26 | INFO: Extracting primitive: town_bank_4_17_0-colonly
14:30:26 | INFO: Primitives created: 1
14:30:26 | WARNING: Mesh town_bank_4_17_1-colonly is not valid, and may be exported wrongly
14:30:26 | INFO: Extracting primitive: town_bank_4_17_1-colonly
14:30:26 | INFO: Primitives created: 1
14:30:26 | WARNING: Mesh town_bank_4_18_0-colonly is not valid, and may be exported wrongly
14:30:26 | INFO: Extracting primitive: town_bank_4_18_0-colonly
14:30:26 | INFO: Primitives created: 1
14:30:26 | WARNING: Mesh town_bank_4_18_1-colonly is not valid, and may be exported wrongly
14:30:26 | INFO: Extracting primitive: town_bank_4_18_1-colonly
14:30:26 | INFO: Primitives created: 1
14:30:26 | WARNING: Mesh town_bank_4_19_0-colonly is not valid, and may be exported wrongly
14:30:26 | INFO: Extracting primitive: town_bank_4_19_0-colonly
14:30:26 | INFO: Primitives created: 1
14:30:26 | WARNING: Mesh town_bank_4_19_1-colonly is not valid, and may be exported wrongly
14:30:26 | INFO: Extracting primitive: town_bank_4_19_1-colonly
14:30:26 | INFO: Primitives created: 1
14:30:26 | WARNING: Mesh town_bank_4_20_0-colonly is not valid, and may be exported wrongly
14:30:26 | INFO: Extracting primitive: town_bank_4_20_0-colonly
14:30:26 | INFO: Primitives created: 1
14:30:26 | WARNING: Mesh town_bank_4_20_1-colonly is not valid, and may be exported wrongly
14:30:26 | INFO: Extracting primitive: town_bank_4_20_1-colonly
14:30:26 | INFO: Primitives created: 1
14:30:26 | WARNING: Mesh town_bank_4_21_0-colonly is not valid, and may be exported wrongly
14:30:26 | INFO: Extracting primitive: town_bank_4_21_0-colonly
14:30:26 | INFO: Primitives created: 1
14:30:26 | WARNING: Mesh town_bank_4_21_1-colonly is not valid, and may be exported wrongly
14:30:26 | INFO: Extracting primitive: town_bank_4_21_1-colonly
14:30:26 | INFO: Primitives created: 1
14:30:26 | WARNING: Mesh town_bank_4_22_0-colonly is not valid, and may be exported wrongly
14:30:26 | INFO: Extracting primitive: town_bank_4_22_0-colonly
14:30:26 | INFO: Primitives created: 1
14:30:26 | WARNING: Mesh town_bank_4_22_1-colonly is not valid, and may be exported wrongly
14:30:26 | INFO: Extracting primitive: town_bank_4_22_1-colonly
14:30:26 | INFO: Primitives created: 1
14:30:26 | WARNING: Mesh town_bank_4_23_0-colonly is not valid, and may be exported wrongly
14:30:26 | INFO: Extracting primitive: town_bank_4_23_0-colonly
14:30:26 | INFO: Primitives created: 1
14:30:26 | WARNING: Mesh town_bank_4_23_1-colonly is not valid, and may be exported wrongly
14:30:26 | INFO: Extracting primitive: town_bank_4_23_1-colonly
14:30:26 | INFO: Primitives created: 1
14:30:26 | WARNING: Mesh town_bank_4_24_0-colonly is not valid, and may be exported wrongly
14:30:26 | INFO: Extracting primitive: town_bank_4_24_0-colonly
14:30:26 | INFO: Primitives created: 1
14:30:26 | WARNING: Mesh town_bank_4_24_1-colonly is not valid, and may be exported wrongly
14:30:26 | INFO: Extracting primitive: town_bank_4_24_1-colonly
14:30:26 | INFO: Primitives created: 1
14:30:26 | WARNING: Mesh town_bank_4_25_0-colonly is not valid, and may be exported wrongly
14:30:26 | INFO: Extracting primitive: town_bank_4_25_0-colonly
14:30:26 | INFO: Primitives created: 1
14:30:26 | WARNING: Mesh town_bank_4_25_1-colonly is not valid, and may be exported wrongly
14:30:26 | INFO: Extracting primitive: town_bank_4_25_1-colonly
14:30:26 | INFO: Primitives created: 1
14:30:26 | WARNING: Mesh town_bank_4_26_0-colonly is not valid, and may be exported wrongly
14:30:26 | INFO: Extracting primitive: town_bank_4_26_0-colonly
14:30:26 | INFO: Primitives created: 1
14:30:26 | WARNING: Mesh town_bank_4_26_1-colonly is not valid, and may be exported wrongly
14:30:26 | INFO: Extracting primitive: town_bank_4_26_1-colonly
14:30:26 | INFO: Primitives created: 1
14:30:26 | WARNING: Mesh town_bank_4_27_0-colonly is not valid, and may be exported wrongly
14:30:26 | INFO: Extracting primitive: town_bank_4_27_0-colonly
14:30:26 | INFO: Primitives created: 1
14:30:26 | WARNING: Mesh town_bank_4_27_1-colonly is not valid, and may be exported wrongly
14:30:26 | INFO: Extracting primitive: town_bank_4_27_1-colonly
14:30:26 | INFO: Primitives created: 1
14:30:26 | WARNING: Mesh town_bank_4_28_0-colonly is not valid, and may be exported wrongly
14:30:26 | INFO: Extracting primitive: town_bank_4_28_0-colonly
14:30:26 | INFO: Primitives created: 1
14:30:26 | WARNING: Mesh town_bank_4_28_1-colonly is not valid, and may be exported wrongly
14:30:26 | INFO: Extracting primitive: town_bank_4_28_1-colonly
14:30:26 | INFO: Primitives created: 1
14:30:26 | WARNING: Mesh town_bank_4_29_0-colonly is not valid, and may be exported wrongly
14:30:26 | INFO: Extracting primitive: town_bank_4_29_0-colonly
14:30:26 | INFO: Primitives created: 1
14:30:26 | WARNING: Mesh town_bank_4_29_1-colonly is not valid, and may be exported wrongly
14:30:26 | INFO: Extracting primitive: town_bank_4_29_1-colonly
14:30:26 | INFO: Primitives created: 1
14:30:26 | WARNING: Mesh town_bank_4_30_0-colonly is not valid, and may be exported wrongly
14:30:26 | INFO: Extracting primitive: town_bank_4_30_0-colonly
14:30:26 | INFO: Primitives created: 1
14:30:26 | WARNING: Mesh town_bank_4_30_1-colonly is not valid, and may be exported wrongly
14:30:26 | INFO: Extracting primitive: town_bank_4_30_1-colonly
14:30:26 | INFO: Primitives created: 1
14:30:26 | WARNING: Mesh town_bank_4_31_0-colonly is not valid, and may be exported wrongly
14:30:26 | INFO: Extracting primitive: town_bank_4_31_0-colonly
14:30:26 | INFO: Primitives created: 1
14:30:26 | WARNING: Mesh town_bank_4_31_1-colonly is not valid, and may be exported wrongly
14:30:26 | INFO: Extracting primitive: town_bank_4_31_1-colonly
14:30:26 | INFO: Primitives created: 1
14:30:26 | WARNING: Mesh town_bank_4_32_0-colonly is not valid, and may be exported wrongly
14:30:26 | INFO: Extracting primitive: town_bank_4_32_0-colonly
14:30:26 | INFO: Primitives created: 1
14:30:26 | WARNING: Mesh town_bank_4_32_1-colonly is not valid, and may be exported wrongly
14:30:26 | INFO: Extracting primitive: town_bank_4_32_1-colonly
14:30:26 | INFO: Primitives created: 1
14:30:26 | WARNING: Mesh town_bank_4_33_0-colonly is not valid, and may be exported wrongly
14:30:26 | INFO: Extracting primitive: town_bank_4_33_0-colonly
14:30:26 | INFO: Primitives created: 1
14:30:26 | WARNING: Mesh town_bank_4_33_1-colonly is not valid, and may be exported wrongly
14:30:26 | INFO: Extracting primitive: town_bank_4_33_1-colonly
14:30:26 | INFO: Primitives created: 1
14:30:26 | WARNING: Mesh town_bank_4_34_0-colonly is not valid, and may be exported wrongly
14:30:26 | INFO: Extracting primitive: town_bank_4_34_0-colonly
14:30:26 | INFO: Primitives created: 1
14:30:26 | WARNING: Mesh town_bank_4_34_1-colonly is not valid, and may be exported wrongly
14:30:26 | INFO: Extracting primitive: town_bank_4_34_1-colonly
14:30:26 | INFO: Primitives created: 1
14:30:26 | WARNING: Mesh town_bank_4_35_0-colonly is not valid, and may be exported wrongly
14:30:26 | INFO: Extracting primitive: town_bank_4_35_0-colonly
14:30:26 | INFO: Primitives created: 1
14:30:26 | WARNING: Mesh town_bank_4_35_1-colonly is not valid, and may be exported wrongly
14:30:26 | INFO: Extracting primitive: town_bank_4_35_1-colonly
14:30:26 | INFO: Primitives created: 1
14:30:26 | WARNING: Mesh town_bank_4_36_0-colonly is not valid, and may be exported wrongly
14:30:26 | INFO: Extracting primitive: town_bank_4_36_0-colonly
14:30:26 | INFO: Primitives created: 1
14:30:26 | WARNING: Mesh town_bank_4_36_1-colonly is not valid, and may be exported wrongly
14:30:26 | INFO: Extracting primitive: town_bank_4_36_1-colonly
14:30:26 | INFO: Primitives created: 1
14:30:26 | WARNING: Mesh town_bank_4_37_0-colonly is not valid, and may be exported wrongly
14:30:26 | INFO: Extracting primitive: town_bank_4_37_0-colonly
14:30:26 | INFO: Primitives created: 1
14:30:26 | WARNING: Mesh town_bank_4_37_1-colonly is not valid, and may be exported wrongly
14:30:26 | INFO: Extracting primitive: town_bank_4_37_1-colonly
14:30:26 | INFO: Primitives created: 1
14:30:26 | WARNING: Mesh town_bank_4_38_0-colonly is not valid, and may be exported wrongly
14:30:26 | INFO: Extracting primitive: town_bank_4_38_0-colonly
14:30:26 | INFO: Primitives created: 1
14:30:26 | WARNING: Mesh town_bank_4_38_1-colonly is not valid, and may be exported wrongly
14:30:26 | INFO: Extracting primitive: town_bank_4_38_1-colonly
14:30:26 | INFO: Primitives created: 1
14:30:26 | WARNING: Mesh town_bank_4_39_0-colonly is not valid, and may be exported wrongly
14:30:26 | INFO: Extracting primitive: town_bank_4_39_0-colonly
14:30:26 | INFO: Primitives created: 1
14:30:26 | WARNING: Mesh town_bank_4_39_1-colonly is not valid, and may be exported wrongly
14:30:26 | INFO: Extracting primitive: town_bank_4_39_1-colonly
14:30:26 | INFO: Primitives created: 1
14:30:26 | WARNING: Mesh town_bank_4_40_0-colonly is not valid, and may be exported wrongly
14:30:26 | INFO: Extracting primitive: town_bank_4_40_0-colonly
14:30:26 | INFO: Primitives created: 1
14:30:26 | WARNING: Mesh town_bank_4_40_1-colonly is not valid, and may be exported wrongly
14:30:26 | INFO: Extracting primitive: town_bank_4_40_1-colonly
14:30:26 | INFO: Primitives created: 1
14:30:26 | WARNING: Mesh town_bank_4_41_0-colonly is not valid, and may be exported wrongly
14:30:26 | INFO: Extracting primitive: town_bank_4_41_0-colonly
14:30:26 | INFO: Primitives created: 1
14:30:26 | WARNING: Mesh town_bank_4_41_1-colonly is not valid, and may be exported wrongly
14:30:26 | INFO: Extracting primitive: town_bank_4_41_1-colonly
14:30:26 | INFO: Primitives created: 1
14:30:26 | WARNING: Mesh town_bank_4_42_0-colonly is not valid, and may be exported wrongly
14:30:26 | INFO: Extracting primitive: town_bank_4_42_0-colonly
14:30:26 | INFO: Primitives created: 1
14:30:26 | WARNING: Mesh town_bank_4_42_1-colonly is not valid, and may be exported wrongly
14:30:26 | INFO: Extracting primitive: town_bank_4_42_1-colonly
14:30:26 | INFO: Primitives created: 1
14:30:26 | WARNING: Mesh town_bank_4_43_0-colonly is not valid, and may be exported wrongly
14:30:26 | INFO: Extracting primitive: town_bank_4_43_0-colonly
14:30:26 | INFO: Primitives created: 1
14:30:26 | WARNING: Mesh town_bank_4_43_1-colonly is not valid, and may be exported wrongly
14:30:26 | INFO: Extracting primitive: town_bank_4_43_1-colonly
14:30:26 | INFO: Primitives created: 1
14:30:26 | WARNING: Mesh town_bank_4_44_0-colonly is not valid, and may be exported wrongly
14:30:26 | INFO: Extracting primitive: town_bank_4_44_0-colonly
14:30:26 | INFO: Primitives created: 1
14:30:26 | WARNING: Mesh town_bank_4_44_1-colonly is not valid, and may be exported wrongly
14:30:26 | INFO: Extracting primitive: town_bank_4_44_1-colonly
14:30:26 | INFO: Primitives created: 1
14:30:26 | WARNING: Mesh town_bank_4_45_0-colonly is not valid, and may be exported wrongly
14:30:26 | INFO: Extracting primitive: town_bank_4_45_0-colonly
14:30:26 | INFO: Primitives created: 1
14:30:26 | WARNING: Mesh town_bank_4_45_1-colonly is not valid, and may be exported wrongly
14:30:26 | INFO: Extracting primitive: town_bank_4_45_1-colonly
14:30:26 | INFO: Primitives created: 1
14:30:26 | WARNING: Mesh town_bank_4_46_0-colonly is not valid, and may be exported wrongly
14:30:26 | INFO: Extracting primitive: town_bank_4_46_0-colonly
14:30:26 | INFO: Primitives created: 1
14:30:26 | WARNING: Mesh town_bank_4_46_1-colonly is not valid, and may be exported wrongly
14:30:26 | INFO: Extracting primitive: town_bank_4_46_1-colonly
14:30:26 | INFO: Primitives created: 1
14:30:26 | WARNING: Mesh town_bank_4_47_0-colonly is not valid, and may be exported wrongly
14:30:26 | INFO: Extracting primitive: town_bank_4_47_0-colonly
14:30:26 | INFO: Primitives created: 1
14:30:26 | WARNING: Mesh town_bank_4_47_1-colonly is not valid, and may be exported wrongly
14:30:26 | INFO: Extracting primitive: town_bank_4_47_1-colonly
14:30:26 | INFO: Primitives created: 1
14:30:26 | WARNING: Mesh town_bank_4_48_0-colonly is not valid, and may be exported wrongly
14:30:26 | INFO: Extracting primitive: town_bank_4_48_0-colonly
14:30:26 | INFO: Primitives created: 1
14:30:26 | WARNING: Mesh town_bank_4_48_1-colonly is not valid, and may be exported wrongly
14:30:26 | INFO: Extracting primitive: town_bank_4_48_1-colonly
14:30:26 | INFO: Primitives created: 1
14:30:26 | WARNING: Mesh town_bank_4_49_0-colonly is not valid, and may be exported wrongly
14:30:26 | INFO: Extracting primitive: town_bank_4_49_0-colonly
14:30:26 | INFO: Primitives created: 1
14:30:26 | WARNING: Mesh town_bank_4_49_1-colonly is not valid, and may be exported wrongly
14:30:26 | INFO: Extracting primitive: town_bank_4_49_1-colonly
14:30:26 | INFO: Primitives created: 1
14:30:26 | WARNING: Mesh town_bank_4_50_0-colonly is not valid, and may be exported wrongly
14:30:26 | INFO: Extracting primitive: town_bank_4_50_0-colonly
14:30:26 | INFO: Primitives created: 1
14:30:26 | WARNING: Mesh town_bank_4_50_1-colonly is not valid, and may be exported wrongly
14:30:26 | INFO: Extracting primitive: town_bank_4_50_1-colonly
14:30:26 | INFO: Primitives created: 1
14:30:26 | WARNING: Mesh town_bank_4_51_0-colonly is not valid, and may be exported wrongly
14:30:26 | INFO: Extracting primitive: town_bank_4_51_0-colonly
14:30:26 | INFO: Primitives created: 1
14:30:26 | WARNING: Mesh town_bank_4_51_1-colonly is not valid, and may be exported wrongly
14:30:26 | INFO: Extracting primitive: town_bank_4_51_1-colonly
14:30:26 | INFO: Primitives created: 1
14:30:26 | WARNING: Mesh town_bank_4_52_0-colonly is not valid, and may be exported wrongly
14:30:26 | INFO: Extracting primitive: town_bank_4_52_0-colonly
14:30:26 | INFO: Primitives created: 1
14:30:26 | WARNING: Mesh town_bank_4_52_1-colonly is not valid, and may be exported wrongly
14:30:26 | INFO: Extracting primitive: town_bank_4_52_1-colonly
14:30:26 | INFO: Primitives created: 1
14:30:26 | WARNING: Mesh town_bank_4_53_0-colonly is not valid, and may be exported wrongly
14:30:26 | INFO: Extracting primitive: town_bank_4_53_0-colonly
14:30:26 | INFO: Primitives created: 1
14:30:26 | WARNING: Mesh town_bank_4_53_1-colonly is not valid, and may be exported wrongly
14:30:26 | INFO: Extracting primitive: town_bank_4_53_1-colonly
14:30:26 | INFO: Primitives created: 1
14:30:26 | WARNING: Mesh town_bank_4_54_0-colonly is not valid, and may be exported wrongly
14:30:26 | INFO: Extracting primitive: town_bank_4_54_0-colonly
14:30:26 | INFO: Primitives created: 1
14:30:26 | WARNING: Mesh town_bank_4_54_1-colonly is not valid, and may be exported wrongly
14:30:26 | INFO: Extracting primitive: town_bank_4_54_1-colonly
14:30:26 | INFO: Primitives created: 1
14:30:26 | WARNING: Mesh town_bank_4_55_0-colonly is not valid, and may be exported wrongly
14:30:26 | INFO: Extracting primitive: town_bank_4_55_0-colonly
14:30:26 | INFO: Primitives created: 1
14:30:26 | WARNING: Mesh town_bank_4_55_1-colonly is not valid, and may be exported wrongly
14:30:26 | INFO: Extracting primitive: town_bank_4_55_1-colonly
14:30:26 | INFO: Primitives created: 1
14:30:26 | WARNING: Mesh town_bank_4_56_0-colonly is not valid, and may be exported wrongly
14:30:26 | INFO: Extracting primitive: town_bank_4_56_0-colonly
14:30:26 | INFO: Primitives created: 1
14:30:26 | WARNING: Mesh town_bank_4_56_1-colonly is not valid, and may be exported wrongly
14:30:26 | INFO: Extracting primitive: town_bank_4_56_1-colonly
14:30:26 | INFO: Primitives created: 1
14:30:26 | WARNING: Mesh town_bank_4_57_0-colonly is not valid, and may be exported wrongly
14:30:26 | INFO: Extracting primitive: town_bank_4_57_0-colonly
14:30:26 | INFO: Primitives created: 1
14:30:26 | WARNING: Mesh town_bank_4_57_1-colonly is not valid, and may be exported wrongly
14:30:26 | INFO: Extracting primitive: town_bank_4_57_1-colonly
14:30:26 | INFO: Primitives created: 1
14:30:26 | WARNING: Mesh town_bank_4_58_0-colonly is not valid, and may be exported wrongly
14:30:26 | INFO: Extracting primitive: town_bank_4_58_0-colonly
14:30:26 | INFO: Primitives created: 1
14:30:26 | WARNING: Mesh town_bank_4_58_1-colonly is not valid, and may be exported wrongly
14:30:26 | INFO: Extracting primitive: town_bank_4_58_1-colonly
14:30:26 | INFO: Primitives created: 1
14:30:26 | WARNING: Mesh town_bank_4_59_0-colonly is not valid, and may be exported wrongly
14:30:26 | INFO: Extracting primitive: town_bank_4_59_0-colonly
14:30:26 | INFO: Primitives created: 1
14:30:26 | WARNING: Mesh town_bank_4_59_1-colonly is not valid, and may be exported wrongly
14:30:26 | INFO: Extracting primitive: town_bank_4_59_1-colonly
14:30:26 | INFO: Primitives created: 1
14:30:26 | WARNING: Mesh town_bank_4_60_0-colonly is not valid, and may be exported wrongly
14:30:26 | INFO: Extracting primitive: town_bank_4_60_0-colonly
14:30:26 | INFO: Primitives created: 1
14:30:26 | WARNING: Mesh town_bank_4_60_1-colonly is not valid, and may be exported wrongly
14:30:26 | INFO: Extracting primitive: town_bank_4_60_1-colonly
14:30:26 | INFO: Primitives created: 1
14:30:26 | WARNING: Mesh town_bank_4_61_0-colonly is not valid, and may be exported wrongly
14:30:26 | INFO: Extracting primitive: town_bank_4_61_0-colonly
14:30:26 | INFO: Primitives created: 1
14:30:26 | WARNING: Mesh town_bank_4_61_1-colonly is not valid, and may be exported wrongly
14:30:26 | INFO: Extracting primitive: town_bank_4_61_1-colonly
14:30:26 | INFO: Primitives created: 1
14:30:26 | WARNING: Mesh town_bank_4_62_0-colonly is not valid, and may be exported wrongly
14:30:26 | INFO: Extracting primitive: town_bank_4_62_0-colonly
14:30:26 | INFO: Primitives created: 1
14:30:26 | WARNING: Mesh town_bank_4_62_1-colonly is not valid, and may be exported wrongly
14:30:26 | INFO: Extracting primitive: town_bank_4_62_1-colonly
14:30:26 | INFO: Primitives created: 1
14:30:26 | WARNING: Mesh town_bank_4_63_0-colonly is not valid, and may be exported wrongly
14:30:26 | INFO: Extracting primitive: town_bank_4_63_0-colonly
14:30:26 | INFO: Primitives created: 1
14:30:26 | WARNING: Mesh town_bank_4_63_1-colonly is not valid, and may be exported wrongly
14:30:26 | INFO: Extracting primitive: town_bank_4_63_1-colonly
14:30:26 | INFO: Primitives created: 1
14:30:26 | WARNING: Mesh town_bank_4_64_0-colonly is not valid, and may be exported wrongly
14:30:26 | INFO: Extracting primitive: town_bank_4_64_0-colonly
14:30:26 | INFO: Primitives created: 1
14:30:26 | WARNING: Mesh town_bank_4_64_1-colonly is not valid, and may be exported wrongly
14:30:26 | INFO: Extracting primitive: town_bank_4_64_1-colonly
14:30:26 | INFO: Primitives created: 1
14:30:26 | WARNING: Mesh town_bank_4_65_0-colonly is not valid, and may be exported wrongly
14:30:26 | INFO: Extracting primitive: town_bank_4_65_0-colonly
14:30:26 | INFO: Primitives created: 1
14:30:26 | WARNING: Mesh town_bank_4_65_1-colonly is not valid, and may be exported wrongly
14:30:26 | INFO: Extracting primitive: town_bank_4_65_1-colonly
14:30:26 | INFO: Primitives created: 1
14:30:26 | WARNING: Mesh town_bank_4_66_0-colonly is not valid, and may be exported wrongly
14:30:26 | INFO: Extracting primitive: town_bank_4_66_0-colonly
14:30:26 | INFO: Primitives created: 1
14:30:26 | WARNING: Mesh town_bank_4_66_1-colonly is not valid, and may be exported wrongly
14:30:26 | INFO: Extracting primitive: town_bank_4_66_1-colonly
14:30:26 | INFO: Primitives created: 1
14:30:26 | WARNING: Mesh town_bank_4_67_0-colonly is not valid, and may be exported wrongly
14:30:26 | INFO: Extracting primitive: town_bank_4_67_0-colonly
14:30:26 | INFO: Primitives created: 1
14:30:26 | WARNING: Mesh town_bank_4_67_1-colonly is not valid, and may be exported wrongly
14:30:26 | INFO: Extracting primitive: town_bank_4_67_1-colonly
14:30:26 | INFO: Primitives created: 1
14:30:26 | WARNING: Mesh town_bank_4_68_0-colonly is not valid, and may be exported wrongly
14:30:26 | INFO: Extracting primitive: town_bank_4_68_0-colonly
14:30:26 | INFO: Primitives created: 1
14:30:26 | WARNING: Mesh town_bank_4_68_1-colonly is not valid, and may be exported wrongly
14:30:26 | INFO: Extracting primitive: town_bank_4_68_1-colonly
14:30:26 | INFO: Primitives created: 1
14:30:26 | WARNING: Mesh town_bank_4_69_0-colonly is not valid, and may be exported wrongly
14:30:26 | INFO: Extracting primitive: town_bank_4_69_0-colonly
14:30:26 | INFO: Primitives created: 1
14:30:26 | WARNING: Mesh town_bank_4_69_1-colonly is not valid, and may be exported wrongly
14:30:26 | INFO: Extracting primitive: town_bank_4_69_1-colonly
14:30:26 | INFO: Primitives created: 1
14:30:26 | WARNING: Mesh town_bank_4_70_0-colonly is not valid, and may be exported wrongly
14:30:26 | INFO: Extracting primitive: town_bank_4_70_0-colonly
14:30:26 | INFO: Primitives created: 1
14:30:26 | WARNING: Mesh town_bank_4_70_1-colonly is not valid, and may be exported wrongly
14:30:26 | INFO: Extracting primitive: town_bank_4_70_1-colonly
14:30:26 | INFO: Primitives created: 1
14:30:26 | WARNING: Mesh town_bank_4_71_0-colonly is not valid, and may be exported wrongly
14:30:26 | INFO: Extracting primitive: town_bank_4_71_0-colonly
14:30:26 | INFO: Primitives created: 1
14:30:26 | WARNING: Mesh town_bank_4_71_1-colonly is not valid, and may be exported wrongly
14:30:26 | INFO: Extracting primitive: town_bank_4_71_1-colonly
14:30:26 | INFO: Primitives created: 1
14:30:26 | WARNING: Mesh town_bank_4_72_0-colonly is not valid, and may be exported wrongly
14:30:26 | INFO: Extracting primitive: town_bank_4_72_0-colonly
14:30:26 | INFO: Primitives created: 1
14:30:26 | WARNING: Mesh town_bank_4_72_1-colonly is not valid, and may be exported wrongly
14:30:26 | INFO: Extracting primitive: town_bank_4_72_1-colonly
14:30:26 | INFO: Primitives created: 1
14:30:26 | WARNING: Mesh town_bank_4_73_0-colonly is not valid, and may be exported wrongly
14:30:26 | INFO: Extracting primitive: town_bank_4_73_0-colonly
14:30:26 | INFO: Primitives created: 1
14:30:26 | WARNING: Mesh town_bank_4_73_1-colonly is not valid, and may be exported wrongly
14:30:26 | INFO: Extracting primitive: town_bank_4_73_1-colonly
14:30:26 | INFO: Primitives created: 1
14:30:26 | WARNING: Mesh town_bank_4_74_0-colonly is not valid, and may be exported wrongly
14:30:26 | INFO: Extracting primitive: town_bank_4_74_0-colonly
14:30:26 | INFO: Primitives created: 1
14:30:26 | WARNING: Mesh town_bank_4_74_1-colonly is not valid, and may be exported wrongly
14:30:26 | INFO: Extracting primitive: town_bank_4_74_1-colonly
14:30:26 | INFO: Primitives created: 1
14:30:26 | WARNING: Mesh town_bank_4_75_0-colonly is not valid, and may be exported wrongly
14:30:26 | INFO: Extracting primitive: town_bank_4_75_0-colonly
14:30:26 | INFO: Primitives created: 1
14:30:26 | WARNING: Mesh town_bank_4_75_1-colonly is not valid, and may be exported wrongly
14:30:26 | INFO: Extracting primitive: town_bank_4_75_1-colonly
14:30:26 | INFO: Primitives created: 1
14:30:26 | WARNING: Mesh town_bank_4_76_0-colonly is not valid, and may be exported wrongly
14:30:26 | INFO: Extracting primitive: town_bank_4_76_0-colonly
14:30:26 | INFO: Primitives created: 1
14:30:26 | WARNING: Mesh town_bank_4_76_1-colonly is not valid, and may be exported wrongly
14:30:26 | INFO: Extracting primitive: town_bank_4_76_1-colonly
14:30:26 | INFO: Primitives created: 1
14:30:26 | WARNING: Mesh town_bank_4_77_0-colonly is not valid, and may be exported wrongly
14:30:26 | INFO: Extracting primitive: town_bank_4_77_0-colonly
14:30:26 | INFO: Primitives created: 1
14:30:26 | WARNING: Mesh town_bank_4_77_1-colonly is not valid, and may be exported wrongly
14:30:26 | INFO: Extracting primitive: town_bank_4_77_1-colonly
14:30:26 | INFO: Primitives created: 1
14:30:26 | WARNING: Mesh town_bank_4_78_0-colonly is not valid, and may be exported wrongly
14:30:26 | INFO: Extracting primitive: town_bank_4_78_0-colonly
14:30:26 | INFO: Primitives created: 1
14:30:26 | WARNING: Mesh town_bank_4_78_1-colonly is not valid, and may be exported wrongly
14:30:26 | INFO: Extracting primitive: town_bank_4_78_1-colonly
14:30:26 | INFO: Primitives created: 1
14:30:26 | WARNING: Mesh town_bank_4_79_0-colonly is not valid, and may be exported wrongly
14:30:26 | INFO: Extracting primitive: town_bank_4_79_0-colonly
14:30:26 | INFO: Primitives created: 1
14:30:26 | WARNING: Mesh town_bank_4_79_1-colonly is not valid, and may be exported wrongly
14:30:26 | INFO: Extracting primitive: town_bank_4_79_1-colonly
14:30:26 | INFO: Primitives created: 1
14:30:26 | WARNING: Mesh town_bank_4_80_0-colonly is not valid, and may be exported wrongly
14:30:26 | INFO: Extracting primitive: town_bank_4_80_0-colonly
14:30:26 | INFO: Primitives created: 1
14:30:26 | WARNING: Mesh town_bank_4_80_1-colonly is not valid, and may be exported wrongly
14:30:26 | INFO: Extracting primitive: town_bank_4_80_1-colonly
14:30:26 | INFO: Primitives created: 1
14:30:26 | WARNING: Mesh town_bank_4_81_0-colonly is not valid, and may be exported wrongly
14:30:26 | INFO: Extracting primitive: town_bank_4_81_0-colonly
14:30:26 | INFO: Primitives created: 1
14:30:26 | WARNING: Mesh town_bank_4_81_1-colonly is not valid, and may be exported wrongly
14:30:26 | INFO: Extracting primitive: town_bank_4_81_1-colonly
14:30:26 | INFO: Primitives created: 1
14:30:26 | WARNING: Mesh town_bank_4_82_0-colonly is not valid, and may be exported wrongly
14:30:26 | INFO: Extracting primitive: town_bank_4_82_0-colonly
14:30:26 | INFO: Primitives created: 1
14:30:26 | WARNING: Mesh town_bank_4_82_1-colonly is not valid, and may be exported wrongly
14:30:26 | INFO: Extracting primitive: town_bank_4_82_1-colonly
14:30:26 | INFO: Primitives created: 1
14:30:26 | WARNING: Mesh town_bank_4_83_0-colonly is not valid, and may be exported wrongly
14:30:26 | INFO: Extracting primitive: town_bank_4_83_0-colonly
14:30:26 | INFO: Primitives created: 1
14:30:26 | WARNING: Mesh town_bank_4_83_1-colonly is not valid, and may be exported wrongly
14:30:26 | INFO: Extracting primitive: town_bank_4_83_1-colonly
14:30:26 | INFO: Primitives created: 1
14:30:26 | WARNING: Mesh town_bank_4_84_0-colonly is not valid, and may be exported wrongly
14:30:26 | INFO: Extracting primitive: town_bank_4_84_0-colonly
14:30:26 | INFO: Primitives created: 1
14:30:26 | WARNING: Mesh town_bank_4_84_1-colonly is not valid, and may be exported wrongly
14:30:26 | INFO: Extracting primitive: town_bank_4_84_1-colonly
14:30:26 | INFO: Primitives created: 1
14:30:26 | WARNING: Mesh town_bank_4_85_0-colonly is not valid, and may be exported wrongly
14:30:26 | INFO: Extracting primitive: town_bank_4_85_0-colonly
14:30:26 | INFO: Primitives created: 1
14:30:26 | WARNING: Mesh town_bank_4_85_1-colonly is not valid, and may be exported wrongly
14:30:26 | INFO: Extracting primitive: town_bank_4_85_1-colonly
14:30:26 | INFO: Primitives created: 1
14:30:26 | WARNING: Mesh town_bank_4_86_0-colonly is not valid, and may be exported wrongly
14:30:26 | INFO: Extracting primitive: town_bank_4_86_0-colonly
14:30:26 | INFO: Primitives created: 1
14:30:26 | WARNING: Mesh town_bank_4_86_1-colonly is not valid, and may be exported wrongly
14:30:26 | INFO: Extracting primitive: town_bank_4_86_1-colonly
14:30:26 | INFO: Primitives created: 1
14:30:26 | WARNING: Mesh town_bank_4_87_0-colonly is not valid, and may be exported wrongly
14:30:26 | INFO: Extracting primitive: town_bank_4_87_0-colonly
14:30:26 | INFO: Primitives created: 1
14:30:26 | WARNING: Mesh town_bank_4_87_1-colonly is not valid, and may be exported wrongly
14:30:26 | INFO: Extracting primitive: town_bank_4_87_1-colonly
14:30:26 | INFO: Primitives created: 1
14:30:26 | WARNING: Mesh town_bank_4_88_0-colonly is not valid, and may be exported wrongly
14:30:26 | INFO: Extracting primitive: town_bank_4_88_0-colonly
14:30:26 | INFO: Primitives created: 1
14:30:26 | WARNING: Mesh town_bank_4_88_1-colonly is not valid, and may be exported wrongly
14:30:26 | INFO: Extracting primitive: town_bank_4_88_1-colonly
14:30:26 | INFO: Primitives created: 1
14:30:26 | WARNING: Mesh town_bank_4_89_0-colonly is not valid, and may be exported wrongly
14:30:26 | INFO: Extracting primitive: town_bank_4_89_0-colonly
14:30:26 | INFO: Primitives created: 1
14:30:26 | WARNING: Mesh town_bank_4_89_1-colonly is not valid, and may be exported wrongly
14:30:26 | INFO: Extracting primitive: town_bank_4_89_1-colonly
14:30:26 | INFO: Primitives created: 1
14:30:26 | WARNING: Mesh town_bank_4_90_0-colonly is not valid, and may be exported wrongly
14:30:26 | INFO: Extracting primitive: town_bank_4_90_0-colonly
14:30:26 | INFO: Primitives created: 1
14:30:26 | WARNING: Mesh town_bank_4_90_1-colonly is not valid, and may be exported wrongly
14:30:26 | INFO: Extracting primitive: town_bank_4_90_1-colonly
14:30:26 | INFO: Primitives created: 1
14:30:26 | WARNING: Mesh town_bank_4_91_0-colonly is not valid, and may be exported wrongly
14:30:26 | INFO: Extracting primitive: town_bank_4_91_0-colonly
14:30:26 | INFO: Primitives created: 1
14:30:26 | WARNING: Mesh town_bank_4_91_1-colonly is not valid, and may be exported wrongly
14:30:26 | INFO: Extracting primitive: town_bank_4_91_1-colonly
14:30:26 | INFO: Primitives created: 1
14:30:26 | WARNING: Mesh town_bank_4_92_0-colonly is not valid, and may be exported wrongly
14:30:26 | INFO: Extracting primitive: town_bank_4_92_0-colonly
14:30:26 | INFO: Primitives created: 1
14:30:26 | WARNING: Mesh town_bank_4_92_1-colonly is not valid, and may be exported wrongly
14:30:26 | INFO: Extracting primitive: town_bank_4_92_1-colonly
14:30:26 | INFO: Primitives created: 1
14:30:26 | WARNING: Mesh town_bank_4_93_0-colonly is not valid, and may be exported wrongly
14:30:26 | INFO: Extracting primitive: town_bank_4_93_0-colonly
14:30:26 | INFO: Primitives created: 1
14:30:26 | WARNING: Mesh town_bank_4_93_1-colonly is not valid, and may be exported wrongly
14:30:26 | INFO: Extracting primitive: town_bank_4_93_1-colonly
14:30:26 | INFO: Primitives created: 1
14:30:26 | WARNING: Mesh town_bank_4_94_0-colonly is not valid, and may be exported wrongly
14:30:26 | INFO: Extracting primitive: town_bank_4_94_0-colonly
14:30:26 | INFO: Primitives created: 1
14:30:26 | WARNING: Mesh town_bank_4_94_1-colonly is not valid, and may be exported wrongly
14:30:26 | INFO: Extracting primitive: town_bank_4_94_1-colonly
14:30:26 | INFO: Primitives created: 1
14:30:26 | WARNING: Mesh town_bank_4_95_0-colonly is not valid, and may be exported wrongly
14:30:26 | INFO: Extracting primitive: town_bank_4_95_0-colonly
14:30:26 | INFO: Primitives created: 1
14:30:26 | WARNING: Mesh town_bank_4_95_1-colonly is not valid, and may be exported wrongly
14:30:26 | INFO: Extracting primitive: town_bank_4_95_1-colonly
14:30:26 | INFO: Primitives created: 1
14:30:26 | WARNING: Mesh town_bank_4_96_0-colonly is not valid, and may be exported wrongly
14:30:26 | INFO: Extracting primitive: town_bank_4_96_0-colonly
14:30:26 | INFO: Primitives created: 1
14:30:26 | WARNING: Mesh town_bank_4_96_1-colonly is not valid, and may be exported wrongly
14:30:26 | INFO: Extracting primitive: town_bank_4_96_1-colonly
14:30:26 | INFO: Primitives created: 1
14:30:26 | WARNING: Mesh town_bank_4_97_0-colonly is not valid, and may be exported wrongly
14:30:26 | INFO: Extracting primitive: town_bank_4_97_0-colonly
14:30:26 | INFO: Primitives created: 1
14:30:26 | WARNING: Mesh town_bank_4_97_1-colonly is not valid, and may be exported wrongly
14:30:26 | INFO: Extracting primitive: town_bank_4_97_1-colonly
14:30:26 | INFO: Primitives created: 1
14:30:26 | WARNING: Mesh town_bank_4_98_0-colonly is not valid, and may be exported wrongly
14:30:26 | INFO: Extracting primitive: town_bank_4_98_0-colonly
14:30:26 | INFO: Primitives created: 1
14:30:26 | WARNING: Mesh town_bank_4_98_1-colonly is not valid, and may be exported wrongly
14:30:26 | INFO: Extracting primitive: town_bank_4_98_1-colonly
14:30:26 | INFO: Primitives created: 1
14:30:26 | WARNING: Mesh town_bank_4_99_0-colonly is not valid, and may be exported wrongly
14:30:26 | INFO: Extracting primitive: town_bank_4_99_0-colonly
14:30:26 | INFO: Primitives created: 1
14:30:26 | WARNING: Mesh town_bank_4_99_1-colonly is not valid, and may be exported wrongly
14:30:26 | INFO: Extracting primitive: town_bank_4_99_1-colonly
14:30:26 | INFO: Primitives created: 1
14:30:26 | WARNING: Mesh town_bank_5_0_0-colonly is not valid, and may be exported wrongly
14:30:26 | INFO: Extracting primitive: town_bank_5_0_0-colonly
14:30:26 | INFO: Primitives created: 1
14:30:26 | WARNING: Mesh town_bank_5_0_1-colonly is not valid, and may be exported wrongly
14:30:26 | INFO: Extracting primitive: town_bank_5_0_1-colonly
14:30:26 | INFO: Primitives created: 1
14:30:26 | WARNING: Mesh town_bank_5_1_0-colonly is not valid, and may be exported wrongly
14:30:26 | INFO: Extracting primitive: town_bank_5_1_0-colonly
14:30:26 | INFO: Primitives created: 1
14:30:26 | WARNING: Mesh town_bank_5_1_1-colonly is not valid, and may be exported wrongly
14:30:26 | INFO: Extracting primitive: town_bank_5_1_1-colonly
14:30:26 | INFO: Primitives created: 1
14:30:26 | WARNING: Mesh town_bank_5_2_0-colonly is not valid, and may be exported wrongly
14:30:26 | INFO: Extracting primitive: town_bank_5_2_0-colonly
14:30:26 | INFO: Primitives created: 1
14:30:26 | WARNING: Mesh town_bank_5_2_1-colonly is not valid, and may be exported wrongly
14:30:26 | INFO: Extracting primitive: town_bank_5_2_1-colonly
14:30:26 | INFO: Primitives created: 1
14:30:26 | WARNING: Mesh town_bank_5_3_0-colonly is not valid, and may be exported wrongly
14:30:26 | INFO: Extracting primitive: town_bank_5_3_0-colonly
14:30:26 | INFO: Primitives created: 1
14:30:26 | WARNING: Mesh town_bank_5_3_1-colonly is not valid, and may be exported wrongly
14:30:26 | INFO: Extracting primitive: town_bank_5_3_1-colonly
14:30:26 | INFO: Primitives created: 1
14:30:26 | WARNING: Mesh town_bank_5_4_0-colonly is not valid, and may be exported wrongly
14:30:26 | INFO: Extracting primitive: town_bank_5_4_0-colonly
14:30:26 | INFO: Primitives created: 1
14:30:26 | WARNING: Mesh town_bank_5_4_1-colonly is not valid, and may be exported wrongly
14:30:26 | INFO: Extracting primitive: town_bank_5_4_1-colonly
14:30:26 | INFO: Primitives created: 1
14:30:26 | WARNING: Mesh town_bank_5_5_0-colonly is not valid, and may be exported wrongly
14:30:26 | INFO: Extracting primitive: town_bank_5_5_0-colonly
14:30:26 | INFO: Primitives created: 1
14:30:26 | WARNING: Mesh town_bank_5_5_1-colonly is not valid, and may be exported wrongly
14:30:26 | INFO: Extracting primitive: town_bank_5_5_1-colonly
14:30:26 | INFO: Primitives created: 1
14:30:26 | WARNING: Mesh town_bank_5_6_0-colonly is not valid, and may be exported wrongly
14:30:26 | INFO: Extracting primitive: town_bank_5_6_0-colonly
14:30:26 | INFO: Primitives created: 1
14:30:26 | WARNING: Mesh town_bank_5_6_1-colonly is not valid, and may be exported wrongly
14:30:26 | INFO: Extracting primitive: town_bank_5_6_1-colonly
14:30:26 | INFO: Primitives created: 1
14:30:26 | WARNING: Mesh town_bank_5_7_0-colonly is not valid, and may be exported wrongly
14:30:26 | INFO: Extracting primitive: town_bank_5_7_0-colonly
14:30:26 | INFO: Primitives created: 1
14:30:26 | WARNING: Mesh town_bank_5_7_1-colonly is not valid, and may be exported wrongly
14:30:26 | INFO: Extracting primitive: town_bank_5_7_1-colonly
14:30:26 | INFO: Primitives created: 1
14:30:26 | WARNING: Mesh town_bank_5_8_0-colonly is not valid, and may be exported wrongly
14:30:26 | INFO: Extracting primitive: town_bank_5_8_0-colonly
14:30:26 | INFO: Primitives created: 1
14:30:26 | WARNING: Mesh town_bank_5_8_1-colonly is not valid, and may be exported wrongly
14:30:26 | INFO: Extracting primitive: town_bank_5_8_1-colonly
14:30:26 | INFO: Primitives created: 1
14:30:26 | WARNING: Mesh town_bank_5_9_0-colonly is not valid, and may be exported wrongly
14:30:26 | INFO: Extracting primitive: town_bank_5_9_0-colonly
14:30:26 | INFO: Primitives created: 1
14:30:26 | WARNING: Mesh town_bank_5_9_1-colonly is not valid, and may be exported wrongly
14:30:26 | INFO: Extracting primitive: town_bank_5_9_1-colonly
14:30:26 | INFO: Primitives created: 1
14:30:26 | WARNING: Mesh town_bank_5_10_0-colonly is not valid, and may be exported wrongly
14:30:26 | INFO: Extracting primitive: town_bank_5_10_0-colonly
14:30:26 | INFO: Primitives created: 1
14:30:26 | WARNING: Mesh town_bank_5_10_1-colonly is not valid, and may be exported wrongly
14:30:26 | INFO: Extracting primitive: town_bank_5_10_1-colonly
14:30:26 | INFO: Primitives created: 1
14:30:26 | WARNING: Mesh town_bank_5_11_0-colonly is not valid, and may be exported wrongly
14:30:26 | INFO: Extracting primitive: town_bank_5_11_0-colonly
14:30:26 | INFO: Primitives created: 1
14:30:26 | WARNING: Mesh town_bank_5_11_1-colonly is not valid, and may be exported wrongly
14:30:26 | INFO: Extracting primitive: town_bank_5_11_1-colonly
14:30:26 | INFO: Primitives created: 1
14:30:26 | WARNING: Mesh town_bank_5_12_0-colonly is not valid, and may be exported wrongly
14:30:26 | INFO: Extracting primitive: town_bank_5_12_0-colonly
14:30:26 | INFO: Primitives created: 1
14:30:26 | WARNING: Mesh town_bank_5_12_1-colonly is not valid, and may be exported wrongly
14:30:26 | INFO: Extracting primitive: town_bank_5_12_1-colonly
14:30:26 | INFO: Primitives created: 1
14:30:26 | WARNING: Mesh town_bank_5_13_0-colonly is not valid, and may be exported wrongly
14:30:26 | INFO: Extracting primitive: town_bank_5_13_0-colonly
14:30:26 | INFO: Primitives created: 1
14:30:26 | WARNING: Mesh town_bank_5_13_1-colonly is not valid, and may be exported wrongly
14:30:26 | INFO: Extracting primitive: town_bank_5_13_1-colonly
14:30:26 | INFO: Primitives created: 1
14:30:26 | WARNING: Mesh town_bank_5_14_0-colonly is not valid, and may be exported wrongly
14:30:26 | INFO: Extracting primitive: town_bank_5_14_0-colonly
14:30:26 | INFO: Primitives created: 1
14:30:26 | WARNING: Mesh town_bank_5_14_1-colonly is not valid, and may be exported wrongly
14:30:26 | INFO: Extracting primitive: town_bank_5_14_1-colonly
14:30:26 | INFO: Primitives created: 1
14:30:26 | WARNING: Mesh town_bank_5_15_0-colonly is not valid, and may be exported wrongly
14:30:26 | INFO: Extracting primitive: town_bank_5_15_0-colonly
14:30:26 | INFO: Primitives created: 1
14:30:26 | WARNING: Mesh town_bank_5_15_1-colonly is not valid, and may be exported wrongly
14:30:26 | INFO: Extracting primitive: town_bank_5_15_1-colonly
14:30:26 | INFO: Primitives created: 1
14:30:26 | WARNING: Mesh town_bank_5_16_0-colonly is not valid, and may be exported wrongly
14:30:26 | INFO: Extracting primitive: town_bank_5_16_0-colonly
14:30:26 | INFO: Primitives created: 1
14:30:26 | WARNING: Mesh town_bank_5_16_1-colonly is not valid, and may be exported wrongly
14:30:26 | INFO: Extracting primitive: town_bank_5_16_1-colonly
14:30:26 | INFO: Primitives created: 1
14:30:26 | WARNING: Mesh town_bank_5_17_0-colonly is not valid, and may be exported wrongly
14:30:26 | INFO: Extracting primitive: town_bank_5_17_0-colonly
14:30:26 | INFO: Primitives created: 1
14:30:26 | WARNING: Mesh town_bank_5_17_1-colonly is not valid, and may be exported wrongly
14:30:26 | INFO: Extracting primitive: town_bank_5_17_1-colonly
14:30:26 | INFO: Primitives created: 1
14:30:26 | WARNING: Mesh town_bank_5_18_0-colonly is not valid, and may be exported wrongly
14:30:26 | INFO: Extracting primitive: town_bank_5_18_0-colonly
14:30:26 | INFO: Primitives created: 1
14:30:26 | WARNING: Mesh town_bank_5_18_1-colonly is not valid, and may be exported wrongly
14:30:26 | INFO: Extracting primitive: town_bank_5_18_1-colonly
14:30:26 | INFO: Primitives created: 1
14:30:26 | WARNING: Mesh town_bank_5_19_0-colonly is not valid, and may be exported wrongly
14:30:26 | INFO: Extracting primitive: town_bank_5_19_0-colonly
14:30:26 | INFO: Primitives created: 1
14:30:26 | WARNING: Mesh town_bank_5_19_1-colonly is not valid, and may be exported wrongly
14:30:26 | INFO: Extracting primitive: town_bank_5_19_1-colonly
14:30:26 | INFO: Primitives created: 1
14:30:26 | WARNING: Mesh town_bank_5_20_0-colonly is not valid, and may be exported wrongly
14:30:26 | INFO: Extracting primitive: town_bank_5_20_0-colonly
14:30:26 | INFO: Primitives created: 1
14:30:26 | WARNING: Mesh town_bank_5_20_1-colonly is not valid, and may be exported wrongly
14:30:26 | INFO: Extracting primitive: town_bank_5_20_1-colonly
14:30:26 | INFO: Primitives created: 1
14:30:26 | WARNING: Mesh town_bank_5_21_0-colonly is not valid, and may be exported wrongly
14:30:26 | INFO: Extracting primitive: town_bank_5_21_0-colonly
14:30:26 | INFO: Primitives created: 1
14:30:26 | WARNING: Mesh town_bank_5_21_1-colonly is not valid, and may be exported wrongly
14:30:26 | INFO: Extracting primitive: town_bank_5_21_1-colonly
14:30:26 | INFO: Primitives created: 1
14:30:26 | WARNING: Mesh town_bank_5_22_0-colonly is not valid, and may be exported wrongly
14:30:26 | INFO: Extracting primitive: town_bank_5_22_0-colonly
14:30:26 | INFO: Primitives created: 1
14:30:26 | WARNING: Mesh town_bank_5_22_1-colonly is not valid, and may be exported wrongly
14:30:26 | INFO: Extracting primitive: town_bank_5_22_1-colonly
14:30:26 | INFO: Primitives created: 1
14:30:26 | WARNING: Mesh town_bank_5_23_0-colonly is not valid, and may be exported wrongly
14:30:26 | INFO: Extracting primitive: town_bank_5_23_0-colonly
14:30:26 | INFO: Primitives created: 1
14:30:26 | WARNING: Mesh town_bank_5_23_1-colonly is not valid, and may be exported wrongly
14:30:26 | INFO: Extracting primitive: town_bank_5_23_1-colonly
14:30:26 | INFO: Primitives created: 1
14:30:26 | WARNING: Mesh town_bank_5_24_0-colonly is not valid, and may be exported wrongly
14:30:26 | INFO: Extracting primitive: town_bank_5_24_0-colonly
14:30:26 | INFO: Primitives created: 1
14:30:26 | WARNING: Mesh town_bank_5_24_1-colonly is not valid, and may be exported wrongly
14:30:26 | INFO: Extracting primitive: town_bank_5_24_1-colonly
14:30:26 | INFO: Primitives created: 1
14:30:26 | WARNING: Mesh town_bank_5_25_0-colonly is not valid, and may be exported wrongly
14:30:26 | INFO: Extracting primitive: town_bank_5_25_0-colonly
14:30:26 | INFO: Primitives created: 1
14:30:26 | WARNING: Mesh town_bank_5_25_1-colonly is not valid, and may be exported wrongly
14:30:26 | INFO: Extracting primitive: town_bank_5_25_1-colonly
14:30:26 | INFO: Primitives created: 1
14:30:26 | WARNING: Mesh town_bank_5_26_0-colonly is not valid, and may be exported wrongly
14:30:26 | INFO: Extracting primitive: town_bank_5_26_0-colonly
14:30:26 | INFO: Primitives created: 1
14:30:26 | WARNING: Mesh town_bank_5_26_1-colonly is not valid, and may be exported wrongly
14:30:26 | INFO: Extracting primitive: town_bank_5_26_1-colonly
14:30:26 | INFO: Primitives created: 1
14:30:26 | WARNING: Mesh town_bank_5_27_0-colonly is not valid, and may be exported wrongly
14:30:26 | INFO: Extracting primitive: town_bank_5_27_0-colonly
14:30:26 | INFO: Primitives created: 1
14:30:26 | WARNING: Mesh town_bank_5_27_1-colonly is not valid, and may be exported wrongly
14:30:26 | INFO: Extracting primitive: town_bank_5_27_1-colonly
14:30:26 | INFO: Primitives created: 1
14:30:26 | WARNING: Mesh town_bank_5_28_0-colonly is not valid, and may be exported wrongly
14:30:26 | INFO: Extracting primitive: town_bank_5_28_0-colonly
14:30:26 | INFO: Primitives created: 1
14:30:26 | WARNING: Mesh town_bank_5_28_1-colonly is not valid, and may be exported wrongly
14:30:26 | INFO: Extracting primitive: town_bank_5_28_1-colonly
14:30:26 | INFO: Primitives created: 1
14:30:26 | WARNING: Mesh town_bank_5_29_0-colonly is not valid, and may be exported wrongly
14:30:26 | INFO: Extracting primitive: town_bank_5_29_0-colonly
14:30:26 | INFO: Primitives created: 1
14:30:26 | WARNING: Mesh town_bank_5_29_1-colonly is not valid, and may be exported wrongly
14:30:26 | INFO: Extracting primitive: town_bank_5_29_1-colonly
14:30:26 | INFO: Primitives created: 1
14:30:26 | WARNING: Mesh town_bank_5_30_0-colonly is not valid, and may be exported wrongly
14:30:26 | INFO: Extracting primitive: town_bank_5_30_0-colonly
14:30:26 | INFO: Primitives created: 1
14:30:26 | WARNING: Mesh town_bank_5_30_1-colonly is not valid, and may be exported wrongly
14:30:26 | INFO: Extracting primitive: town_bank_5_30_1-colonly
14:30:26 | INFO: Primitives created: 1
14:30:26 | WARNING: Mesh town_bank_5_31_0-colonly is not valid, and may be exported wrongly
14:30:26 | INFO: Extracting primitive: town_bank_5_31_0-colonly
14:30:26 | INFO: Primitives created: 1
14:30:26 | WARNING: Mesh town_bank_5_31_1-colonly is not valid, and may be exported wrongly
14:30:26 | INFO: Extracting primitive: town_bank_5_31_1-colonly
14:30:26 | INFO: Primitives created: 1
14:30:26 | WARNING: Mesh town_bank_5_32_0-colonly is not valid, and may be exported wrongly
14:30:26 | INFO: Extracting primitive: town_bank_5_32_0-colonly
14:30:26 | INFO: Primitives created: 1
14:30:26 | WARNING: Mesh town_bank_5_32_1-colonly is not valid, and may be exported wrongly
14:30:26 | INFO: Extracting primitive: town_bank_5_32_1-colonly
14:30:26 | INFO: Primitives created: 1
14:30:26 | WARNING: Mesh town_bank_5_33_0-colonly is not valid, and may be exported wrongly
14:30:26 | INFO: Extracting primitive: town_bank_5_33_0-colonly
14:30:26 | INFO: Primitives created: 1
14:30:26 | WARNING: Mesh town_bank_5_33_1-colonly is not valid, and may be exported wrongly
14:30:26 | INFO: Extracting primitive: town_bank_5_33_1-colonly
14:30:26 | INFO: Primitives created: 1
14:30:26 | WARNING: Mesh town_bank_5_34_0-colonly is not valid, and may be exported wrongly
14:30:26 | INFO: Extracting primitive: town_bank_5_34_0-colonly
14:30:26 | INFO: Primitives created: 1
14:30:26 | WARNING: Mesh town_bank_5_34_1-colonly is not valid, and may be exported wrongly
14:30:26 | INFO: Extracting primitive: town_bank_5_34_1-colonly
14:30:26 | INFO: Primitives created: 1
14:30:26 | WARNING: Mesh town_bank_5_35_0-colonly is not valid, and may be exported wrongly
14:30:26 | INFO: Extracting primitive: town_bank_5_35_0-colonly
14:30:26 | INFO: Primitives created: 1
14:30:26 | WARNING: Mesh town_bank_5_35_1-colonly is not valid, and may be exported wrongly
14:30:26 | INFO: Extracting primitive: town_bank_5_35_1-colonly
14:30:26 | INFO: Primitives created: 1
14:30:26 | WARNING: Mesh town_bank_5_36_0-colonly is not valid, and may be exported wrongly
14:30:26 | INFO: Extracting primitive: town_bank_5_36_0-colonly
14:30:26 | INFO: Primitives created: 1
14:30:26 | WARNING: Mesh town_bank_5_36_1-colonly is not valid, and may be exported wrongly
14:30:26 | INFO: Extracting primitive: town_bank_5_36_1-colonly
14:30:26 | INFO: Primitives created: 1
14:30:26 | WARNING: Mesh town_bank_5_37_0-colonly is not valid, and may be exported wrongly
14:30:26 | INFO: Extracting primitive: town_bank_5_37_0-colonly
14:30:26 | INFO: Primitives created: 1
14:30:26 | WARNING: Mesh town_bank_5_37_1-colonly is not valid, and may be exported wrongly
14:30:26 | INFO: Extracting primitive: town_bank_5_37_1-colonly
14:30:26 | INFO: Primitives created: 1
14:30:26 | WARNING: Mesh town_bank_5_38_0-colonly is not valid, and may be exported wrongly
14:30:26 | INFO: Extracting primitive: town_bank_5_38_0-colonly
14:30:26 | INFO: Primitives created: 1
14:30:26 | WARNING: Mesh town_bank_5_38_1-colonly is not valid, and may be exported wrongly
14:30:26 | INFO: Extracting primitive: town_bank_5_38_1-colonly
14:30:26 | INFO: Primitives created: 1
14:30:26 | WARNING: Mesh town_bank_5_39_0-colonly is not valid, and may be exported wrongly
14:30:26 | INFO: Extracting primitive: town_bank_5_39_0-colonly
14:30:26 | INFO: Primitives created: 1
14:30:26 | WARNING: Mesh town_bank_5_39_1-colonly is not valid, and may be exported wrongly
14:30:26 | INFO: Extracting primitive: town_bank_5_39_1-colonly
14:30:26 | INFO: Primitives created: 1
14:30:26 | WARNING: Mesh town_bank_5_40_0-colonly is not valid, and may be exported wrongly
14:30:26 | INFO: Extracting primitive: town_bank_5_40_0-colonly
14:30:26 | INFO: Primitives created: 1
14:30:26 | WARNING: Mesh town_bank_5_40_1-colonly is not valid, and may be exported wrongly
14:30:26 | INFO: Extracting primitive: town_bank_5_40_1-colonly
14:30:26 | INFO: Primitives created: 1
14:30:26 | WARNING: Mesh town_bank_5_41_0-colonly is not valid, and may be exported wrongly
14:30:26 | INFO: Extracting primitive: town_bank_5_41_0-colonly
14:30:26 | INFO: Primitives created: 1
14:30:26 | WARNING: Mesh town_bank_5_41_1-colonly is not valid, and may be exported wrongly
14:30:26 | INFO: Extracting primitive: town_bank_5_41_1-colonly
14:30:26 | INFO: Primitives created: 1
14:30:26 | WARNING: Mesh town_bank_5_42_0-colonly is not valid, and may be exported wrongly
14:30:26 | INFO: Extracting primitive: town_bank_5_42_0-colonly
14:30:26 | INFO: Primitives created: 1
14:30:26 | WARNING: Mesh town_bank_5_42_1-colonly is not valid, and may be exported wrongly
14:30:26 | INFO: Extracting primitive: town_bank_5_42_1-colonly
14:30:26 | INFO: Primitives created: 1
14:30:26 | WARNING: Mesh town_bank_5_43_0-colonly is not valid, and may be exported wrongly
14:30:26 | INFO: Extracting primitive: town_bank_5_43_0-colonly
14:30:26 | INFO: Primitives created: 1
14:30:26 | WARNING: Mesh town_bank_5_43_1-colonly is not valid, and may be exported wrongly
14:30:26 | INFO: Extracting primitive: town_bank_5_43_1-colonly
14:30:26 | INFO: Primitives created: 1
14:30:26 | WARNING: Mesh town_bank_5_44_0-colonly is not valid, and may be exported wrongly
14:30:26 | INFO: Extracting primitive: town_bank_5_44_0-colonly
14:30:26 | INFO: Primitives created: 1
14:30:26 | WARNING: Mesh town_bank_5_44_1-colonly is not valid, and may be exported wrongly
14:30:26 | INFO: Extracting primitive: town_bank_5_44_1-colonly
14:30:26 | INFO: Primitives created: 1
14:30:26 | WARNING: Mesh town_bank_5_45_0-colonly is not valid, and may be exported wrongly
14:30:26 | INFO: Extracting primitive: town_bank_5_45_0-colonly
14:30:26 | INFO: Primitives created: 1
14:30:26 | WARNING: Mesh town_bank_5_45_1-colonly is not valid, and may be exported wrongly
14:30:26 | INFO: Extracting primitive: town_bank_5_45_1-colonly
14:30:26 | INFO: Primitives created: 1
14:30:26 | WARNING: Mesh town_bank_5_46_0-colonly is not valid, and may be exported wrongly
14:30:26 | INFO: Extracting primitive: town_bank_5_46_0-colonly
14:30:26 | INFO: Primitives created: 1
14:30:26 | WARNING: Mesh town_bank_5_46_1-colonly is not valid, and may be exported wrongly
14:30:26 | INFO: Extracting primitive: town_bank_5_46_1-colonly
14:30:26 | INFO: Primitives created: 1
14:30:26 | WARNING: Mesh town_bank_5_47_0-colonly is not valid, and may be exported wrongly
14:30:26 | INFO: Extracting primitive: town_bank_5_47_0-colonly
14:30:26 | INFO: Primitives created: 1
14:30:26 | WARNING: Mesh town_bank_5_47_1-colonly is not valid, and may be exported wrongly
14:30:26 | INFO: Extracting primitive: town_bank_5_47_1-colonly
14:30:26 | INFO: Primitives created: 1
14:30:26 | WARNING: Mesh town_bank_5_48_0-colonly is not valid, and may be exported wrongly
14:30:26 | INFO: Extracting primitive: town_bank_5_48_0-colonly
14:30:26 | INFO: Primitives created: 1
14:30:26 | WARNING: Mesh town_bank_5_48_1-colonly is not valid, and may be exported wrongly
14:30:26 | INFO: Extracting primitive: town_bank_5_48_1-colonly
14:30:26 | INFO: Primitives created: 1
14:30:26 | WARNING: Mesh town_bank_5_49_0-colonly is not valid, and may be exported wrongly
14:30:26 | INFO: Extracting primitive: town_bank_5_49_0-colonly
14:30:26 | INFO: Primitives created: 1
14:30:26 | WARNING: Mesh town_bank_5_49_1-colonly is not valid, and may be exported wrongly
14:30:26 | INFO: Extracting primitive: town_bank_5_49_1-colonly
14:30:26 | INFO: Primitives created: 1
14:30:26 | WARNING: Mesh town_bank_5_50_0-colonly is not valid, and may be exported wrongly
14:30:26 | INFO: Extracting primitive: town_bank_5_50_0-colonly
14:30:26 | INFO: Primitives created: 1
14:30:26 | WARNING: Mesh town_bank_5_50_1-colonly is not valid, and may be exported wrongly
14:30:26 | INFO: Extracting primitive: town_bank_5_50_1-colonly
14:30:26 | INFO: Primitives created: 1
14:30:26 | WARNING: Mesh town_bank_5_51_0-colonly is not valid, and may be exported wrongly
14:30:26 | INFO: Extracting primitive: town_bank_5_51_0-colonly
14:30:26 | INFO: Primitives created: 1
14:30:26 | WARNING: Mesh town_bank_5_51_1-colonly is not valid, and may be exported wrongly
14:30:26 | INFO: Extracting primitive: town_bank_5_51_1-colonly
14:30:26 | INFO: Primitives created: 1
14:30:26 | WARNING: Mesh town_bank_5_52_0-colonly is not valid, and may be exported wrongly
14:30:26 | INFO: Extracting primitive: town_bank_5_52_0-colonly
14:30:26 | INFO: Primitives created: 1
14:30:26 | WARNING: Mesh town_bank_5_52_1-colonly is not valid, and may be exported wrongly
14:30:26 | INFO: Extracting primitive: town_bank_5_52_1-colonly
14:30:26 | INFO: Primitives created: 1
14:30:26 | WARNING: Mesh town_bank_5_53_0-colonly is not valid, and may be exported wrongly
14:30:26 | INFO: Extracting primitive: town_bank_5_53_0-colonly
14:30:26 | INFO: Primitives created: 1
14:30:26 | WARNING: Mesh town_bank_5_53_1-colonly is not valid, and may be exported wrongly
14:30:26 | INFO: Extracting primitive: town_bank_5_53_1-colonly
14:30:26 | INFO: Primitives created: 1
14:30:26 | WARNING: Mesh town_bank_5_54_0-colonly is not valid, and may be exported wrongly
14:30:26 | INFO: Extracting primitive: town_bank_5_54_0-colonly
14:30:26 | INFO: Primitives created: 1
14:30:26 | WARNING: Mesh town_bank_5_54_1-colonly is not valid, and may be exported wrongly
14:30:26 | INFO: Extracting primitive: town_bank_5_54_1-colonly
14:30:26 | INFO: Primitives created: 1
14:30:26 | WARNING: Mesh town_bank_5_55_0-colonly is not valid, and may be exported wrongly
14:30:26 | INFO: Extracting primitive: town_bank_5_55_0-colonly
14:30:26 | INFO: Primitives created: 1
14:30:26 | WARNING: Mesh town_bank_5_55_1-colonly is not valid, and may be exported wrongly
14:30:26 | INFO: Extracting primitive: town_bank_5_55_1-colonly
14:30:26 | INFO: Primitives created: 1
14:30:26 | WARNING: Mesh town_bank_5_56_0-colonly is not valid, and may be exported wrongly
14:30:26 | INFO: Extracting primitive: town_bank_5_56_0-colonly
14:30:26 | INFO: Primitives created: 1
14:30:26 | WARNING: Mesh town_bank_5_56_1-colonly is not valid, and may be exported wrongly
14:30:26 | INFO: Extracting primitive: town_bank_5_56_1-colonly
14:30:26 | INFO: Primitives created: 1
14:30:26 | WARNING: Mesh town_bank_5_57_0-colonly is not valid, and may be exported wrongly
14:30:26 | INFO: Extracting primitive: town_bank_5_57_0-colonly
14:30:26 | INFO: Primitives created: 1
14:30:26 | WARNING: Mesh town_bank_5_57_1-colonly is not valid, and may be exported wrongly
14:30:26 | INFO: Extracting primitive: town_bank_5_57_1-colonly
14:30:26 | INFO: Primitives created: 1
14:30:26 | WARNING: Mesh town_bank_5_58_0-colonly is not valid, and may be exported wrongly
14:30:26 | INFO: Extracting primitive: town_bank_5_58_0-colonly
14:30:26 | INFO: Primitives created: 1
14:30:26 | WARNING: Mesh town_bank_5_58_1-colonly is not valid, and may be exported wrongly
14:30:26 | INFO: Extracting primitive: town_bank_5_58_1-colonly
14:30:26 | INFO: Primitives created: 1
14:30:26 | WARNING: Mesh town_bank_5_59_0-colonly is not valid, and may be exported wrongly
14:30:26 | INFO: Extracting primitive: town_bank_5_59_0-colonly
14:30:26 | INFO: Primitives created: 1
14:30:26 | WARNING: Mesh town_bank_5_59_1-colonly is not valid, and may be exported wrongly
14:30:26 | INFO: Extracting primitive: town_bank_5_59_1-colonly
14:30:26 | INFO: Primitives created: 1
14:30:26 | WARNING: Mesh town_bank_5_60_0-colonly is not valid, and may be exported wrongly
14:30:26 | INFO: Extracting primitive: town_bank_5_60_0-colonly
14:30:26 | INFO: Primitives created: 1
14:30:26 | WARNING: Mesh town_bank_5_60_1-colonly is not valid, and may be exported wrongly
14:30:26 | INFO: Extracting primitive: town_bank_5_60_1-colonly
14:30:26 | INFO: Primitives created: 1
14:30:26 | WARNING: Mesh town_bank_5_61_0-colonly is not valid, and may be exported wrongly
14:30:26 | INFO: Extracting primitive: town_bank_5_61_0-colonly
14:30:26 | INFO: Primitives created: 1
14:30:26 | WARNING: Mesh town_bank_5_61_1-colonly is not valid, and may be exported wrongly
14:30:26 | INFO: Extracting primitive: town_bank_5_61_1-colonly
14:30:26 | INFO: Primitives created: 1
14:30:26 | WARNING: Mesh town_bank_5_62_0-colonly is not valid, and may be exported wrongly
14:30:26 | INFO: Extracting primitive: town_bank_5_62_0-colonly
14:30:26 | INFO: Primitives created: 1
14:30:26 | WARNING: Mesh town_bank_5_62_1-colonly is not valid, and may be exported wrongly
14:30:26 | INFO: Extracting primitive: town_bank_5_62_1-colonly
14:30:26 | INFO: Primitives created: 1
14:30:26 | WARNING: Mesh town_bank_5_63_0-colonly is not valid, and may be exported wrongly
14:30:26 | INFO: Extracting primitive: town_bank_5_63_0-colonly
14:30:26 | INFO: Primitives created: 1
14:30:26 | WARNING: Mesh town_bank_5_63_1-colonly is not valid, and may be exported wrongly
14:30:26 | INFO: Extracting primitive: town_bank_5_63_1-colonly
14:30:26 | INFO: Primitives created: 1
14:30:26 | WARNING: Mesh town_bank_5_64_0-colonly is not valid, and may be exported wrongly
14:30:26 | INFO: Extracting primitive: town_bank_5_64_0-colonly
14:30:26 | INFO: Primitives created: 1
14:30:26 | WARNING: Mesh town_bank_5_64_1-colonly is not valid, and may be exported wrongly
14:30:26 | INFO: Extracting primitive: town_bank_5_64_1-colonly
14:30:26 | INFO: Primitives created: 1
14:30:26 | WARNING: Mesh town_bank_5_65_0-colonly is not valid, and may be exported wrongly
14:30:26 | INFO: Extracting primitive: town_bank_5_65_0-colonly
14:30:26 | INFO: Primitives created: 1
14:30:26 | WARNING: Mesh town_bank_5_65_1-colonly is not valid, and may be exported wrongly
14:30:26 | INFO: Extracting primitive: town_bank_5_65_1-colonly
14:30:26 | INFO: Primitives created: 1
14:30:26 | WARNING: Mesh town_bank_5_66_0-colonly is not valid, and may be exported wrongly
14:30:26 | INFO: Extracting primitive: town_bank_5_66_0-colonly
14:30:26 | INFO: Primitives created: 1
14:30:26 | WARNING: Mesh town_bank_5_66_1-colonly is not valid, and may be exported wrongly
14:30:26 | INFO: Extracting primitive: town_bank_5_66_1-colonly
14:30:26 | INFO: Primitives created: 1
14:30:26 | WARNING: Mesh town_bank_5_67_0-colonly is not valid, and may be exported wrongly
14:30:26 | INFO: Extracting primitive: town_bank_5_67_0-colonly
14:30:26 | INFO: Primitives created: 1
14:30:26 | WARNING: Mesh town_bank_5_67_1-colonly is not valid, and may be exported wrongly
14:30:26 | INFO: Extracting primitive: town_bank_5_67_1-colonly
14:30:26 | INFO: Primitives created: 1
14:30:26 | WARNING: Mesh town_bank_5_68_0-colonly is not valid, and may be exported wrongly
14:30:26 | INFO: Extracting primitive: town_bank_5_68_0-colonly
14:30:26 | INFO: Primitives created: 1
14:30:26 | WARNING: Mesh town_bank_5_68_1-colonly is not valid, and may be exported wrongly
14:30:26 | INFO: Extracting primitive: town_bank_5_68_1-colonly
14:30:26 | INFO: Primitives created: 1
14:30:26 | WARNING: Mesh town_bank_5_69_0-colonly is not valid, and may be exported wrongly
14:30:26 | INFO: Extracting primitive: town_bank_5_69_0-colonly
14:30:26 | INFO: Primitives created: 1
14:30:26 | WARNING: Mesh town_bank_5_69_1-colonly is not valid, and may be exported wrongly
14:30:26 | INFO: Extracting primitive: town_bank_5_69_1-colonly
14:30:26 | INFO: Primitives created: 1
14:30:26 | WARNING: Mesh town_bank_5_70_0-colonly is not valid, and may be exported wrongly
14:30:26 | INFO: Extracting primitive: town_bank_5_70_0-colonly
14:30:26 | INFO: Primitives created: 1
14:30:26 | WARNING: Mesh town_bank_5_70_1-colonly is not valid, and may be exported wrongly
14:30:26 | INFO: Extracting primitive: town_bank_5_70_1-colonly
14:30:26 | INFO: Primitives created: 1
14:30:26 | WARNING: Mesh town_bank_5_71_0-colonly is not valid, and may be exported wrongly
14:30:26 | INFO: Extracting primitive: town_bank_5_71_0-colonly
14:30:26 | INFO: Primitives created: 1
14:30:26 | WARNING: Mesh town_bank_5_71_1-colonly is not valid, and may be exported wrongly
14:30:26 | INFO: Extracting primitive: town_bank_5_71_1-colonly
14:30:26 | INFO: Primitives created: 1
14:30:26 | WARNING: Mesh town_bank_5_72_0-colonly is not valid, and may be exported wrongly
14:30:26 | INFO: Extracting primitive: town_bank_5_72_0-colonly
14:30:26 | INFO: Primitives created: 1
14:30:26 | WARNING: Mesh town_bank_5_72_1-colonly is not valid, and may be exported wrongly
14:30:26 | INFO: Extracting primitive: town_bank_5_72_1-colonly
14:30:26 | INFO: Primitives created: 1
14:30:26 | WARNING: Mesh town_bank_5_73_0-colonly is not valid, and may be exported wrongly
14:30:26 | INFO: Extracting primitive: town_bank_5_73_0-colonly
14:30:26 | INFO: Primitives created: 1
14:30:26 | WARNING: Mesh town_bank_5_73_1-colonly is not valid, and may be exported wrongly
14:30:26 | INFO: Extracting primitive: town_bank_5_73_1-colonly
14:30:26 | INFO: Primitives created: 1
14:30:26 | WARNING: Mesh town_bank_5_74_0-colonly is not valid, and may be exported wrongly
14:30:26 | INFO: Extracting primitive: town_bank_5_74_0-colonly
14:30:26 | INFO: Primitives created: 1
14:30:26 | WARNING: Mesh town_bank_5_74_1-colonly is not valid, and may be exported wrongly
14:30:26 | INFO: Extracting primitive: town_bank_5_74_1-colonly
14:30:26 | INFO: Primitives created: 1
14:30:26 | WARNING: Mesh town_bank_6_0_0-colonly is not valid, and may be exported wrongly
14:30:26 | INFO: Extracting primitive: town_bank_6_0_0-colonly
14:30:26 | INFO: Primitives created: 1
14:30:26 | WARNING: Mesh town_bank_6_0_1-colonly is not valid, and may be exported wrongly
14:30:26 | INFO: Extracting primitive: town_bank_6_0_1-colonly
14:30:26 | INFO: Primitives created: 1
14:30:26 | WARNING: Mesh town_bank_6_1_0-colonly is not valid, and may be exported wrongly
14:30:26 | INFO: Extracting primitive: town_bank_6_1_0-colonly
14:30:26 | INFO: Primitives created: 1
14:30:26 | WARNING: Mesh town_bank_6_1_1-colonly is not valid, and may be exported wrongly
14:30:26 | INFO: Extracting primitive: town_bank_6_1_1-colonly
14:30:26 | INFO: Primitives created: 1
14:30:26 | WARNING: Mesh town_bank_6_2_0-colonly is not valid, and may be exported wrongly
14:30:26 | INFO: Extracting primitive: town_bank_6_2_0-colonly
14:30:26 | INFO: Primitives created: 1
14:30:26 | WARNING: Mesh town_bank_6_2_1-colonly is not valid, and may be exported wrongly
14:30:26 | INFO: Extracting primitive: town_bank_6_2_1-colonly
14:30:26 | INFO: Primitives created: 1
14:30:26 | WARNING: Mesh town_bank_6_3_0-colonly is not valid, and may be exported wrongly
14:30:26 | INFO: Extracting primitive: town_bank_6_3_0-colonly
14:30:26 | INFO: Primitives created: 1
14:30:26 | WARNING: Mesh town_bank_6_3_1-colonly is not valid, and may be exported wrongly
14:30:26 | INFO: Extracting primitive: town_bank_6_3_1-colonly
14:30:26 | INFO: Primitives created: 1
14:30:26 | WARNING: Mesh town_bank_6_4_0-colonly is not valid, and may be exported wrongly
14:30:26 | INFO: Extracting primitive: town_bank_6_4_0-colonly
14:30:26 | INFO: Primitives created: 1
14:30:26 | WARNING: Mesh town_bank_6_4_1-colonly is not valid, and may be exported wrongly
14:30:26 | INFO: Extracting primitive: town_bank_6_4_1-colonly
14:30:26 | INFO: Primitives created: 1
14:30:26 | WARNING: Mesh town_bank_6_5_0-colonly is not valid, and may be exported wrongly
14:30:26 | INFO: Extracting primitive: town_bank_6_5_0-colonly
14:30:26 | INFO: Primitives created: 1
14:30:26 | WARNING: Mesh town_bank_6_5_1-colonly is not valid, and may be exported wrongly
14:30:26 | INFO: Extracting primitive: town_bank_6_5_1-colonly
14:30:26 | INFO: Primitives created: 1
14:30:26 | WARNING: Mesh town_bank_6_6_0-colonly is not valid, and may be exported wrongly
14:30:26 | INFO: Extracting primitive: town_bank_6_6_0-colonly
14:30:26 | INFO: Primitives created: 1
14:30:26 | WARNING: Mesh town_bank_6_6_1-colonly is not valid, and may be exported wrongly
14:30:26 | INFO: Extracting primitive: town_bank_6_6_1-colonly
14:30:26 | INFO: Primitives created: 1
14:30:26 | WARNING: Mesh town_bank_6_7_0-colonly is not valid, and may be exported wrongly
14:30:26 | INFO: Extracting primitive: town_bank_6_7_0-colonly
14:30:26 | INFO: Primitives created: 1
14:30:26 | WARNING: Mesh town_bank_6_7_1-colonly is not valid, and may be exported wrongly
14:30:26 | INFO: Extracting primitive: town_bank_6_7_1-colonly
14:30:26 | INFO: Primitives created: 1
14:30:26 | WARNING: Mesh town_bank_6_8_0-colonly is not valid, and may be exported wrongly
14:30:26 | INFO: Extracting primitive: town_bank_6_8_0-colonly
14:30:26 | INFO: Primitives created: 1
14:30:26 | WARNING: Mesh town_bank_6_8_1-colonly is not valid, and may be exported wrongly
14:30:26 | INFO: Extracting primitive: town_bank_6_8_1-colonly
14:30:26 | INFO: Primitives created: 1
14:30:26 | WARNING: Mesh town_bank_6_9_0-colonly is not valid, and may be exported wrongly
14:30:26 | INFO: Extracting primitive: town_bank_6_9_0-colonly
14:30:26 | INFO: Primitives created: 1
14:30:26 | WARNING: Mesh town_bank_6_9_1-colonly is not valid, and may be exported wrongly
14:30:26 | INFO: Extracting primitive: town_bank_6_9_1-colonly
14:30:26 | INFO: Primitives created: 1
14:30:26 | WARNING: Mesh town_bank_6_10_0-colonly is not valid, and may be exported wrongly
14:30:26 | INFO: Extracting primitive: town_bank_6_10_0-colonly
14:30:26 | INFO: Primitives created: 1
14:30:26 | WARNING: Mesh town_bank_6_10_1-colonly is not valid, and may be exported wrongly
14:30:26 | INFO: Extracting primitive: town_bank_6_10_1-colonly
14:30:26 | INFO: Primitives created: 1
14:30:26 | WARNING: Mesh town_bank_6_11_0-colonly is not valid, and may be exported wrongly
14:30:26 | INFO: Extracting primitive: town_bank_6_11_0-colonly
14:30:26 | INFO: Primitives created: 1
14:30:26 | WARNING: Mesh town_bank_6_11_1-colonly is not valid, and may be exported wrongly
14:30:26 | INFO: Extracting primitive: town_bank_6_11_1-colonly
14:30:26 | INFO: Primitives created: 1
14:30:26 | WARNING: Mesh town_bank_6_12_0-colonly is not valid, and may be exported wrongly
14:30:26 | INFO: Extracting primitive: town_bank_6_12_0-colonly
14:30:26 | INFO: Primitives created: 1
14:30:26 | WARNING: Mesh town_bank_6_12_1-colonly is not valid, and may be exported wrongly
14:30:26 | INFO: Extracting primitive: town_bank_6_12_1-colonly
14:30:26 | INFO: Primitives created: 1
14:30:26 | WARNING: Mesh town_bank_6_13_0-colonly is not valid, and may be exported wrongly
14:30:26 | INFO: Extracting primitive: town_bank_6_13_0-colonly
14:30:26 | INFO: Primitives created: 1
14:30:26 | WARNING: Mesh town_bank_6_13_1-colonly is not valid, and may be exported wrongly
14:30:26 | INFO: Extracting primitive: town_bank_6_13_1-colonly
14:30:26 | INFO: Primitives created: 1
14:30:26 | WARNING: Mesh town_bank_6_14_0-colonly is not valid, and may be exported wrongly
14:30:26 | INFO: Extracting primitive: town_bank_6_14_0-colonly
14:30:26 | INFO: Primitives created: 1
14:30:26 | WARNING: Mesh town_bank_6_14_1-colonly is not valid, and may be exported wrongly
14:30:26 | INFO: Extracting primitive: town_bank_6_14_1-colonly
14:30:26 | INFO: Primitives created: 1
14:30:26 | WARNING: Mesh town_bank_6_15_0-colonly is not valid, and may be exported wrongly
14:30:26 | INFO: Extracting primitive: town_bank_6_15_0-colonly
14:30:26 | INFO: Primitives created: 1
14:30:26 | WARNING: Mesh town_bank_6_15_1-colonly is not valid, and may be exported wrongly
14:30:26 | INFO: Extracting primitive: town_bank_6_15_1-colonly
14:30:26 | INFO: Primitives created: 1
14:30:26 | WARNING: Mesh town_bank_6_16_0-colonly is not valid, and may be exported wrongly
14:30:26 | INFO: Extracting primitive: town_bank_6_16_0-colonly
14:30:26 | INFO: Primitives created: 1
14:30:26 | WARNING: Mesh town_bank_6_16_1-colonly is not valid, and may be exported wrongly
14:30:26 | INFO: Extracting primitive: town_bank_6_16_1-colonly
14:30:26 | INFO: Primitives created: 1
14:30:26 | WARNING: Mesh town_bank_6_17_0-colonly is not valid, and may be exported wrongly
14:30:26 | INFO: Extracting primitive: town_bank_6_17_0-colonly
14:30:26 | INFO: Primitives created: 1
14:30:26 | WARNING: Mesh town_bank_6_17_1-colonly is not valid, and may be exported wrongly
14:30:26 | INFO: Extracting primitive: town_bank_6_17_1-colonly
14:30:26 | INFO: Primitives created: 1
14:30:26 | WARNING: Mesh town_bank_6_18_0-colonly is not valid, and may be exported wrongly
14:30:26 | INFO: Extracting primitive: town_bank_6_18_0-colonly
14:30:26 | INFO: Primitives created: 1
14:30:26 | WARNING: Mesh town_bank_6_18_1-colonly is not valid, and may be exported wrongly
14:30:26 | INFO: Extracting primitive: town_bank_6_18_1-colonly
14:30:26 | INFO: Primitives created: 1
14:30:26 | WARNING: Mesh town_bank_6_19_0-colonly is not valid, and may be exported wrongly
14:30:26 | INFO: Extracting primitive: town_bank_6_19_0-colonly
14:30:26 | INFO: Primitives created: 1
14:30:26 | WARNING: Mesh town_bank_6_19_1-colonly is not valid, and may be exported wrongly
14:30:26 | INFO: Extracting primitive: town_bank_6_19_1-colonly
14:30:26 | INFO: Primitives created: 1
14:30:26 | WARNING: Mesh town_bank_6_20_0-colonly is not valid, and may be exported wrongly
14:30:26 | INFO: Extracting primitive: town_bank_6_20_0-colonly
14:30:26 | INFO: Primitives created: 1
14:30:26 | WARNING: Mesh town_bank_6_20_1-colonly is not valid, and may be exported wrongly
14:30:26 | INFO: Extracting primitive: town_bank_6_20_1-colonly
14:30:26 | INFO: Primitives created: 1
14:30:26 | WARNING: Mesh town_bank_6_21_0-colonly is not valid, and may be exported wrongly
14:30:26 | INFO: Extracting primitive: town_bank_6_21_0-colonly
14:30:26 | INFO: Primitives created: 1
14:30:26 | WARNING: Mesh town_bank_6_21_1-colonly is not valid, and may be exported wrongly
14:30:26 | INFO: Extracting primitive: town_bank_6_21_1-colonly
14:30:26 | INFO: Primitives created: 1
14:30:26 | WARNING: Mesh town_bank_6_22_0-colonly is not valid, and may be exported wrongly
14:30:26 | INFO: Extracting primitive: town_bank_6_22_0-colonly
14:30:26 | INFO: Primitives created: 1
14:30:26 | WARNING: Mesh town_bank_6_22_1-colonly is not valid, and may be exported wrongly
14:30:26 | INFO: Extracting primitive: town_bank_6_22_1-colonly
14:30:26 | INFO: Primitives created: 1
14:30:26 | WARNING: Mesh town_bank_6_23_0-colonly is not valid, and may be exported wrongly
14:30:26 | INFO: Extracting primitive: town_bank_6_23_0-colonly
14:30:26 | INFO: Primitives created: 1
14:30:26 | WARNING: Mesh town_bank_6_23_1-colonly is not valid, and may be exported wrongly
14:30:26 | INFO: Extracting primitive: town_bank_6_23_1-colonly
14:30:26 | INFO: Primitives created: 1
14:30:26 | WARNING: Mesh town_bank_6_24_0-colonly is not valid, and may be exported wrongly
14:30:26 | INFO: Extracting primitive: town_bank_6_24_0-colonly
14:30:26 | INFO: Primitives created: 1
14:30:26 | WARNING: Mesh town_bank_6_24_1-colonly is not valid, and may be exported wrongly
14:30:26 | INFO: Extracting primitive: town_bank_6_24_1-colonly
14:30:26 | INFO: Primitives created: 1
14:30:26 | WARNING: Mesh town_bank_6_25_0-colonly is not valid, and may be exported wrongly
14:30:26 | INFO: Extracting primitive: town_bank_6_25_0-colonly
14:30:26 | INFO: Primitives created: 1
14:30:26 | WARNING: Mesh town_bank_6_25_1-colonly is not valid, and may be exported wrongly
14:30:26 | INFO: Extracting primitive: town_bank_6_25_1-colonly
14:30:26 | INFO: Primitives created: 1
14:30:26 | WARNING: Mesh town_bank_6_26_0-colonly is not valid, and may be exported wrongly
14:30:26 | INFO: Extracting primitive: town_bank_6_26_0-colonly
14:30:26 | INFO: Primitives created: 1
14:30:26 | WARNING: Mesh town_bank_6_26_1-colonly is not valid, and may be exported wrongly
14:30:26 | INFO: Extracting primitive: town_bank_6_26_1-colonly
14:30:26 | INFO: Primitives created: 1
14:30:26 | WARNING: Mesh town_bank_6_27_0-colonly is not valid, and may be exported wrongly
14:30:26 | INFO: Extracting primitive: town_bank_6_27_0-colonly
14:30:26 | INFO: Primitives created: 1
14:30:26 | WARNING: Mesh town_bank_6_27_1-colonly is not valid, and may be exported wrongly
14:30:26 | INFO: Extracting primitive: town_bank_6_27_1-colonly
14:30:26 | INFO: Primitives created: 1
14:30:26 | WARNING: Mesh town_bank_6_28_0-colonly is not valid, and may be exported wrongly
14:30:26 | INFO: Extracting primitive: town_bank_6_28_0-colonly
14:30:26 | INFO: Primitives created: 1
14:30:26 | WARNING: Mesh town_bank_6_28_1-colonly is not valid, and may be exported wrongly
14:30:26 | INFO: Extracting primitive: town_bank_6_28_1-colonly
14:30:26 | INFO: Primitives created: 1
14:30:26 | WARNING: Mesh town_bank_6_29_0-colonly is not valid, and may be exported wrongly
14:30:26 | INFO: Extracting primitive: town_bank_6_29_0-colonly
14:30:26 | INFO: Primitives created: 1
14:30:26 | WARNING: Mesh town_bank_6_29_1-colonly is not valid, and may be exported wrongly
14:30:26 | INFO: Extracting primitive: town_bank_6_29_1-colonly
14:30:26 | INFO: Primitives created: 1
14:30:26 | WARNING: Mesh town_bank_6_30_0-colonly is not valid, and may be exported wrongly
14:30:26 | INFO: Extracting primitive: town_bank_6_30_0-colonly
14:30:26 | INFO: Primitives created: 1
14:30:26 | WARNING: Mesh town_bank_6_30_1-colonly is not valid, and may be exported wrongly
14:30:26 | INFO: Extracting primitive: town_bank_6_30_1-colonly
14:30:26 | INFO: Primitives created: 1
14:30:26 | WARNING: Mesh town_bank_6_31_0-colonly is not valid, and may be exported wrongly
14:30:26 | INFO: Extracting primitive: town_bank_6_31_0-colonly
14:30:26 | INFO: Primitives created: 1
14:30:26 | WARNING: Mesh town_bank_6_31_1-colonly is not valid, and may be exported wrongly
14:30:26 | INFO: Extracting primitive: town_bank_6_31_1-colonly
14:30:26 | INFO: Primitives created: 1
14:30:26 | WARNING: Mesh town_bank_6_32_0-colonly is not valid, and may be exported wrongly
14:30:26 | INFO: Extracting primitive: town_bank_6_32_0-colonly
14:30:26 | INFO: Primitives created: 1
14:30:26 | WARNING: Mesh town_bank_6_32_1-colonly is not valid, and may be exported wrongly
14:30:26 | INFO: Extracting primitive: town_bank_6_32_1-colonly
14:30:26 | INFO: Primitives created: 1
14:30:26 | WARNING: Mesh town_bank_6_33_0-colonly is not valid, and may be exported wrongly
14:30:26 | INFO: Extracting primitive: town_bank_6_33_0-colonly
14:30:26 | INFO: Primitives created: 1
14:30:26 | WARNING: Mesh town_bank_6_33_1-colonly is not valid, and may be exported wrongly
14:30:26 | INFO: Extracting primitive: town_bank_6_33_1-colonly
14:30:26 | INFO: Primitives created: 1
14:30:26 | WARNING: Mesh town_bank_6_34_0-colonly is not valid, and may be exported wrongly
14:30:26 | INFO: Extracting primitive: town_bank_6_34_0-colonly
14:30:26 | INFO: Primitives created: 1
14:30:26 | WARNING: Mesh town_bank_6_34_1-colonly is not valid, and may be exported wrongly
14:30:26 | INFO: Extracting primitive: town_bank_6_34_1-colonly
14:30:26 | INFO: Primitives created: 1
14:30:26 | WARNING: Mesh town_bank_6_35_0-colonly is not valid, and may be exported wrongly
14:30:26 | INFO: Extracting primitive: town_bank_6_35_0-colonly
14:30:26 | INFO: Primitives created: 1
14:30:26 | WARNING: Mesh town_bank_6_35_1-colonly is not valid, and may be exported wrongly
14:30:26 | INFO: Extracting primitive: town_bank_6_35_1-colonly
14:30:26 | INFO: Primitives created: 1
14:30:26 | WARNING: Mesh town_bank_6_36_0-colonly is not valid, and may be exported wrongly
14:30:26 | INFO: Extracting primitive: town_bank_6_36_0-colonly
14:30:26 | INFO: Primitives created: 1
14:30:26 | WARNING: Mesh town_bank_6_36_1-colonly is not valid, and may be exported wrongly
14:30:26 | INFO: Extracting primitive: town_bank_6_36_1-colonly
14:30:26 | INFO: Primitives created: 1
14:30:26 | WARNING: Mesh town_bank_6_37_0-colonly is not valid, and may be exported wrongly
14:30:26 | INFO: Extracting primitive: town_bank_6_37_0-colonly
14:30:26 | INFO: Primitives created: 1
14:30:26 | WARNING: Mesh town_bank_6_37_1-colonly is not valid, and may be exported wrongly
14:30:26 | INFO: Extracting primitive: town_bank_6_37_1-colonly
14:30:26 | INFO: Primitives created: 1
14:30:26 | WARNING: Mesh town_bank_6_38_0-colonly is not valid, and may be exported wrongly
14:30:26 | INFO: Extracting primitive: town_bank_6_38_0-colonly
14:30:26 | INFO: Primitives created: 1
14:30:26 | WARNING: Mesh town_bank_6_38_1-colonly is not valid, and may be exported wrongly
14:30:26 | INFO: Extracting primitive: town_bank_6_38_1-colonly
14:30:26 | INFO: Primitives created: 1
14:30:26 | WARNING: Mesh town_bank_6_39_0-colonly is not valid, and may be exported wrongly
14:30:26 | INFO: Extracting primitive: town_bank_6_39_0-colonly
14:30:26 | INFO: Primitives created: 1
14:30:26 | WARNING: Mesh town_bank_6_39_1-colonly is not valid, and may be exported wrongly
14:30:26 | INFO: Extracting primitive: town_bank_6_39_1-colonly
14:30:26 | INFO: Primitives created: 1
14:30:26 | WARNING: Mesh town_bank_6_40_0-colonly is not valid, and may be exported wrongly
14:30:26 | INFO: Extracting primitive: town_bank_6_40_0-colonly
14:30:26 | INFO: Primitives created: 1
14:30:26 | WARNING: Mesh town_bank_6_40_1-colonly is not valid, and may be exported wrongly
14:30:26 | INFO: Extracting primitive: town_bank_6_40_1-colonly
14:30:26 | INFO: Primitives created: 1
14:30:26 | WARNING: Mesh town_bank_6_41_0-colonly is not valid, and may be exported wrongly
14:30:26 | INFO: Extracting primitive: town_bank_6_41_0-colonly
14:30:26 | INFO: Primitives created: 1
14:30:26 | WARNING: Mesh town_bank_6_41_1-colonly is not valid, and may be exported wrongly
14:30:26 | INFO: Extracting primitive: town_bank_6_41_1-colonly
14:30:26 | INFO: Primitives created: 1
14:30:26 | WARNING: Mesh town_bank_6_42_0-colonly is not valid, and may be exported wrongly
14:30:26 | INFO: Extracting primitive: town_bank_6_42_0-colonly
14:30:26 | INFO: Primitives created: 1
14:30:26 | WARNING: Mesh town_bank_6_42_1-colonly is not valid, and may be exported wrongly
14:30:26 | INFO: Extracting primitive: town_bank_6_42_1-colonly
14:30:26 | INFO: Primitives created: 1
14:30:26 | WARNING: Mesh town_bank_6_43_0-colonly is not valid, and may be exported wrongly
14:30:26 | INFO: Extracting primitive: town_bank_6_43_0-colonly
14:30:26 | INFO: Primitives created: 1
14:30:26 | WARNING: Mesh town_bank_6_43_1-colonly is not valid, and may be exported wrongly
14:30:26 | INFO: Extracting primitive: town_bank_6_43_1-colonly
14:30:26 | INFO: Primitives created: 1
14:30:26 | WARNING: Mesh town_bank_6_44_0-colonly is not valid, and may be exported wrongly
14:30:26 | INFO: Extracting primitive: town_bank_6_44_0-colonly
14:30:26 | INFO: Primitives created: 1
14:30:26 | WARNING: Mesh town_bank_6_44_1-colonly is not valid, and may be exported wrongly
14:30:26 | INFO: Extracting primitive: town_bank_6_44_1-colonly
14:30:26 | INFO: Primitives created: 1
14:30:26 | WARNING: Mesh town_bank_6_45_0-colonly is not valid, and may be exported wrongly
14:30:26 | INFO: Extracting primitive: town_bank_6_45_0-colonly
14:30:26 | INFO: Primitives created: 1
14:30:26 | WARNING: Mesh town_bank_6_45_1-colonly is not valid, and may be exported wrongly
14:30:26 | INFO: Extracting primitive: town_bank_6_45_1-colonly
14:30:26 | INFO: Primitives created: 1
14:30:26 | WARNING: Mesh town_boundary_0_0-colonly is not valid, and may be exported wrongly
14:30:26 | INFO: Extracting primitive: town_boundary_0_0-colonly
14:30:26 | INFO: Primitives created: 1
14:30:26 | WARNING: Mesh town_boundary_0_1-colonly is not valid, and may be exported wrongly
14:30:26 | INFO: Extracting primitive: town_boundary_0_1-colonly
14:30:26 | INFO: Primitives created: 1
14:30:26 | WARNING: Mesh town_boundary_0_2-colonly is not valid, and may be exported wrongly
14:30:26 | INFO: Extracting primitive: town_boundary_0_2-colonly
14:30:26 | INFO: Primitives created: 1
14:30:26 | WARNING: Mesh town_boundary_0_3-colonly is not valid, and may be exported wrongly
14:30:26 | INFO: Extracting primitive: town_boundary_0_3-colonly
14:30:26 | INFO: Primitives created: 1
14:30:26 | WARNING: Mesh town_boundary_0_4-colonly is not valid, and may be exported wrongly
14:30:26 | INFO: Extracting primitive: town_boundary_0_4-colonly
14:30:26 | INFO: Primitives created: 1
14:30:26 | WARNING: Mesh town_boundary_0_5-colonly is not valid, and may be exported wrongly
14:30:26 | INFO: Extracting primitive: town_boundary_0_5-colonly
14:30:26 | INFO: Primitives created: 1
14:30:26 | WARNING: Mesh town_boundary_0_6-colonly is not valid, and may be exported wrongly
14:30:26 | INFO: Extracting primitive: town_boundary_0_6-colonly
14:30:26 | INFO: Primitives created: 1
14:30:26 | WARNING: Mesh town_boundary_0_7-colonly is not valid, and may be exported wrongly
14:30:26 | INFO: Extracting primitive: town_boundary_0_7-colonly
14:30:26 | INFO: Primitives created: 1
14:30:26 | WARNING: Mesh town_boundary_0_8-colonly is not valid, and may be exported wrongly
14:30:26 | INFO: Extracting primitive: town_boundary_0_8-colonly
14:30:26 | INFO: Primitives created: 1
14:30:26 | WARNING: Mesh town_boundary_0_9-colonly is not valid, and may be exported wrongly
14:30:26 | INFO: Extracting primitive: town_boundary_0_9-colonly
14:30:26 | INFO: Primitives created: 1
14:30:26 | WARNING: Mesh town_boundary_0_10-colonly is not valid, and may be exported wrongly
14:30:26 | INFO: Extracting primitive: town_boundary_0_10-colonly
14:30:26 | INFO: Primitives created: 1
14:30:26 | WARNING: Mesh town_boundary_0_11-colonly is not valid, and may be exported wrongly
14:30:26 | INFO: Extracting primitive: town_boundary_0_11-colonly
14:30:26 | INFO: Primitives created: 1
14:30:26 | WARNING: Mesh town_boundary_0_12-colonly is not valid, and may be exported wrongly
14:30:26 | INFO: Extracting primitive: town_boundary_0_12-colonly
14:30:26 | INFO: Primitives created: 1
14:30:26 | WARNING: Mesh town_boundary_0_13-colonly is not valid, and may be exported wrongly
14:30:26 | INFO: Extracting primitive: town_boundary_0_13-colonly
14:30:26 | INFO: Primitives created: 1
14:30:26 | WARNING: Mesh town_boundary_0_14-colonly is not valid, and may be exported wrongly
14:30:26 | INFO: Extracting primitive: town_boundary_0_14-colonly
14:30:26 | INFO: Primitives created: 1
14:30:26 | WARNING: Mesh town_boundary_0_15-colonly is not valid, and may be exported wrongly
14:30:26 | INFO: Extracting primitive: town_boundary_0_15-colonly
14:30:26 | INFO: Primitives created: 1
14:30:26 | WARNING: Mesh town_boundary_0_16-colonly is not valid, and may be exported wrongly
14:30:26 | INFO: Extracting primitive: town_boundary_0_16-colonly
14:30:26 | INFO: Primitives created: 1
14:30:26 | WARNING: Mesh town_boundary_0_17-colonly is not valid, and may be exported wrongly
14:30:26 | INFO: Extracting primitive: town_boundary_0_17-colonly
14:30:26 | INFO: Primitives created: 1
14:30:26 | WARNING: Mesh town_boundary_0_18-colonly is not valid, and may be exported wrongly
14:30:26 | INFO: Extracting primitive: town_boundary_0_18-colonly
14:30:26 | INFO: Primitives created: 1
14:30:26 | WARNING: Mesh town_boundary_0_19-colonly is not valid, and may be exported wrongly
14:30:26 | INFO: Extracting primitive: town_boundary_0_19-colonly
14:30:26 | INFO: Primitives created: 1
14:30:26 | WARNING: Mesh town_boundary_0_20-colonly is not valid, and may be exported wrongly
14:30:26 | INFO: Extracting primitive: town_boundary_0_20-colonly
14:30:26 | INFO: Primitives created: 1
14:30:26 | WARNING: Mesh town_boundary_0_21-colonly is not valid, and may be exported wrongly
14:30:26 | INFO: Extracting primitive: town_boundary_0_21-colonly
14:30:26 | INFO: Primitives created: 1
14:30:26 | WARNING: Mesh town_boundary_0_22-colonly is not valid, and may be exported wrongly
14:30:26 | INFO: Extracting primitive: town_boundary_0_22-colonly
14:30:26 | INFO: Primitives created: 1
14:30:26 | WARNING: Mesh town_boundary_0_23-colonly is not valid, and may be exported wrongly
14:30:26 | INFO: Extracting primitive: town_boundary_0_23-colonly
14:30:26 | INFO: Primitives created: 1
14:30:26 | WARNING: Mesh town_boundary_0_24-colonly is not valid, and may be exported wrongly
14:30:26 | INFO: Extracting primitive: town_boundary_0_24-colonly
14:30:26 | INFO: Primitives created: 1
14:30:26 | WARNING: Mesh town_boundary_0_25-colonly is not valid, and may be exported wrongly
14:30:26 | INFO: Extracting primitive: town_boundary_0_25-colonly
14:30:26 | INFO: Primitives created: 1
14:30:26 | WARNING: Mesh town_boundary_0_26-colonly is not valid, and may be exported wrongly
14:30:26 | INFO: Extracting primitive: town_boundary_0_26-colonly
14:30:26 | INFO: Primitives created: 1
14:30:26 | WARNING: Mesh town_boundary_0_27-colonly is not valid, and may be exported wrongly
14:30:26 | INFO: Extracting primitive: town_boundary_0_27-colonly
14:30:26 | INFO: Primitives created: 1
14:30:26 | WARNING: Mesh town_boundary_0_28-colonly is not valid, and may be exported wrongly
14:30:26 | INFO: Extracting primitive: town_boundary_0_28-colonly
14:30:26 | INFO: Primitives created: 1
14:30:26 | WARNING: Mesh town_boundary_0_29-colonly is not valid, and may be exported wrongly
14:30:26 | INFO: Extracting primitive: town_boundary_0_29-colonly
14:30:26 | INFO: Primitives created: 1
14:30:26 | WARNING: Mesh town_boundary_0_30-colonly is not valid, and may be exported wrongly
14:30:26 | INFO: Extracting primitive: town_boundary_0_30-colonly
14:30:26 | INFO: Primitives created: 1
14:30:26 | WARNING: Mesh town_boundary_0_31-colonly is not valid, and may be exported wrongly
14:30:26 | INFO: Extracting primitive: town_boundary_0_31-colonly
14:30:26 | INFO: Primitives created: 1
14:30:26 | WARNING: Mesh town_boundary_0_32-colonly is not valid, and may be exported wrongly
14:30:26 | INFO: Extracting primitive: town_boundary_0_32-colonly
14:30:26 | INFO: Primitives created: 1
14:30:26 | WARNING: Mesh town_boundary_0_33-colonly is not valid, and may be exported wrongly
14:30:26 | INFO: Extracting primitive: town_boundary_0_33-colonly
14:30:26 | INFO: Primitives created: 1
14:30:26 | WARNING: Mesh town_boundary_0_34-colonly is not valid, and may be exported wrongly
14:30:26 | INFO: Extracting primitive: town_boundary_0_34-colonly
14:30:26 | INFO: Primitives created: 1
14:30:26 | WARNING: Mesh town_boundary_0_35-colonly is not valid, and may be exported wrongly
14:30:26 | INFO: Extracting primitive: town_boundary_0_35-colonly
14:30:26 | INFO: Primitives created: 1
14:30:26 | WARNING: Mesh town_boundary_0_36-colonly is not valid, and may be exported wrongly
14:30:26 | INFO: Extracting primitive: town_boundary_0_36-colonly
14:30:26 | INFO: Primitives created: 1
14:30:26 | WARNING: Mesh town_boundary_0_37-colonly is not valid, and may be exported wrongly
14:30:26 | INFO: Extracting primitive: town_boundary_0_37-colonly
14:30:26 | INFO: Primitives created: 1
14:30:26 | WARNING: Mesh town_boundary_0_38-colonly is not valid, and may be exported wrongly
14:30:26 | INFO: Extracting primitive: town_boundary_0_38-colonly
14:30:26 | INFO: Primitives created: 1
14:30:26 | WARNING: Mesh town_boundary_0_39-colonly is not valid, and may be exported wrongly
14:30:26 | INFO: Extracting primitive: town_boundary_0_39-colonly
14:30:26 | INFO: Primitives created: 1
14:30:26 | WARNING: Mesh town_boundary_0_40-colonly is not valid, and may be exported wrongly
14:30:26 | INFO: Extracting primitive: town_boundary_0_40-colonly
14:30:26 | INFO: Primitives created: 1
14:30:26 | WARNING: Mesh town_boundary_0_41-colonly is not valid, and may be exported wrongly
14:30:26 | INFO: Extracting primitive: town_boundary_0_41-colonly
14:30:26 | INFO: Primitives created: 1
14:30:26 | WARNING: Mesh town_boundary_0_42-colonly is not valid, and may be exported wrongly
14:30:26 | INFO: Extracting primitive: town_boundary_0_42-colonly
14:30:26 | INFO: Primitives created: 1
14:30:26 | WARNING: Mesh town_boundary_0_43-colonly is not valid, and may be exported wrongly
14:30:26 | INFO: Extracting primitive: town_boundary_0_43-colonly
14:30:26 | INFO: Primitives created: 1
14:30:26 | WARNING: Mesh town_boundary_0_44-colonly is not valid, and may be exported wrongly
14:30:26 | INFO: Extracting primitive: town_boundary_0_44-colonly
14:30:26 | INFO: Primitives created: 1
14:30:26 | WARNING: Mesh town_boundary_0_45-colonly is not valid, and may be exported wrongly
14:30:26 | INFO: Extracting primitive: town_boundary_0_45-colonly
14:30:26 | INFO: Primitives created: 1
14:30:26 | WARNING: Mesh town_boundary_0_46-colonly is not valid, and may be exported wrongly
14:30:26 | INFO: Extracting primitive: town_boundary_0_46-colonly
14:30:26 | INFO: Primitives created: 1
14:30:26 | WARNING: Mesh town_boundary_0_47-colonly is not valid, and may be exported wrongly
14:30:26 | INFO: Extracting primitive: town_boundary_0_47-colonly
14:30:26 | INFO: Primitives created: 1
14:30:26 | WARNING: Mesh town_boundary_0_48-colonly is not valid, and may be exported wrongly
14:30:26 | INFO: Extracting primitive: town_boundary_0_48-colonly
14:30:26 | INFO: Primitives created: 1
14:30:26 | WARNING: Mesh town_boundary_0_49-colonly is not valid, and may be exported wrongly
14:30:26 | INFO: Extracting primitive: town_boundary_0_49-colonly
14:30:26 | INFO: Primitives created: 1
14:30:26 | WARNING: Mesh town_boundary_0_50-colonly is not valid, and may be exported wrongly
14:30:26 | INFO: Extracting primitive: town_boundary_0_50-colonly
14:30:26 | INFO: Primitives created: 1
14:30:26 | WARNING: Mesh town_boundary_0_51-colonly is not valid, and may be exported wrongly
14:30:26 | INFO: Extracting primitive: town_boundary_0_51-colonly
14:30:26 | INFO: Primitives created: 1
14:30:26 | WARNING: Mesh town_boundary_0_52-colonly is not valid, and may be exported wrongly
14:30:26 | INFO: Extracting primitive: town_boundary_0_52-colonly
14:30:26 | INFO: Primitives created: 1
14:30:26 | WARNING: Mesh town_boundary_0_53-colonly is not valid, and may be exported wrongly
14:30:26 | INFO: Extracting primitive: town_boundary_0_53-colonly
14:30:26 | INFO: Primitives created: 1
14:30:26 | WARNING: Mesh town_boundary_0_54-colonly is not valid, and may be exported wrongly
14:30:26 | INFO: Extracting primitive: town_boundary_0_54-colonly
14:30:26 | INFO: Primitives created: 1
14:30:26 | WARNING: Mesh town_boundary_0_55-colonly is not valid, and may be exported wrongly
14:30:26 | INFO: Extracting primitive: town_boundary_0_55-colonly
14:30:26 | INFO: Primitives created: 1
14:30:26 | WARNING: Mesh town_boundary_0_56-colonly is not valid, and may be exported wrongly
14:30:26 | INFO: Extracting primitive: town_boundary_0_56-colonly
14:30:26 | INFO: Primitives created: 1
14:30:26 | WARNING: Mesh town_boundary_0_57-colonly is not valid, and may be exported wrongly
14:30:26 | INFO: Extracting primitive: town_boundary_0_57-colonly
14:30:26 | INFO: Primitives created: 1
14:30:26 | WARNING: Mesh town_boundary_0_58-colonly is not valid, and may be exported wrongly
14:30:26 | INFO: Extracting primitive: town_boundary_0_58-colonly
14:30:26 | INFO: Primitives created: 1
14:30:26 | WARNING: Mesh town_boundary_0_59-colonly is not valid, and may be exported wrongly
14:30:26 | INFO: Extracting primitive: town_boundary_0_59-colonly
14:30:26 | INFO: Primitives created: 1
14:30:26 | WARNING: Mesh town_boundary_0_60-colonly is not valid, and may be exported wrongly
14:30:26 | INFO: Extracting primitive: town_boundary_0_60-colonly
14:30:26 | INFO: Primitives created: 1
14:30:26 | WARNING: Mesh town_boundary_0_61-colonly is not valid, and may be exported wrongly
14:30:26 | INFO: Extracting primitive: town_boundary_0_61-colonly
14:30:26 | INFO: Primitives created: 1
14:30:26 | WARNING: Mesh town_boundary_0_62-colonly is not valid, and may be exported wrongly
14:30:26 | INFO: Extracting primitive: town_boundary_0_62-colonly
14:30:26 | INFO: Primitives created: 1
14:30:26 | WARNING: Mesh town_boundary_0_63-colonly is not valid, and may be exported wrongly
14:30:26 | INFO: Extracting primitive: town_boundary_0_63-colonly
14:30:26 | INFO: Primitives created: 1
14:30:26 | WARNING: Mesh town_boundary_0_64-colonly is not valid, and may be exported wrongly
14:30:26 | INFO: Extracting primitive: town_boundary_0_64-colonly
14:30:26 | INFO: Primitives created: 1
14:30:26 | WARNING: Mesh town_boundary_0_65-colonly is not valid, and may be exported wrongly
14:30:26 | INFO: Extracting primitive: town_boundary_0_65-colonly
14:30:26 | INFO: Primitives created: 1
14:30:26 | WARNING: Mesh town_boundary_0_66-colonly is not valid, and may be exported wrongly
14:30:26 | INFO: Extracting primitive: town_boundary_0_66-colonly
14:30:26 | INFO: Primitives created: 1
14:30:26 | WARNING: Mesh town_boundary_0_67-colonly is not valid, and may be exported wrongly
14:30:26 | INFO: Extracting primitive: town_boundary_0_67-colonly
14:30:26 | INFO: Primitives created: 1
14:30:26 | WARNING: Mesh town_boundary_0_68-colonly is not valid, and may be exported wrongly
14:30:26 | INFO: Extracting primitive: town_boundary_0_68-colonly
14:30:26 | INFO: Primitives created: 1
14:30:26 | WARNING: Mesh town_boundary_0_69-colonly is not valid, and may be exported wrongly
14:30:26 | INFO: Extracting primitive: town_boundary_0_69-colonly
14:30:26 | INFO: Primitives created: 1
14:30:26 | WARNING: Mesh town_boundary_0_70-colonly is not valid, and may be exported wrongly
14:30:26 | INFO: Extracting primitive: town_boundary_0_70-colonly
14:30:26 | INFO: Primitives created: 1
14:30:26 | WARNING: Mesh town_boundary_0_71-colonly is not valid, and may be exported wrongly
14:30:26 | INFO: Extracting primitive: town_boundary_0_71-colonly
14:30:26 | INFO: Primitives created: 1
14:30:26 | WARNING: Mesh town_boundary_0_72-colonly is not valid, and may be exported wrongly
14:30:26 | INFO: Extracting primitive: town_boundary_0_72-colonly
14:30:26 | INFO: Primitives created: 1
14:30:26 | WARNING: Mesh town_boundary_0_73-colonly is not valid, and may be exported wrongly
14:30:26 | INFO: Extracting primitive: town_boundary_0_73-colonly
14:30:26 | INFO: Primitives created: 1
14:30:26 | WARNING: Mesh town_boundary_0_74-colonly is not valid, and may be exported wrongly
14:30:26 | INFO: Extracting primitive: town_boundary_0_74-colonly
14:30:26 | INFO: Primitives created: 1
14:30:26 | WARNING: Mesh town_boundary_0_75-colonly is not valid, and may be exported wrongly
14:30:26 | INFO: Extracting primitive: town_boundary_0_75-colonly
14:30:26 | INFO: Primitives created: 1
14:30:26 | WARNING: Mesh town_boundary_0_76-colonly is not valid, and may be exported wrongly
14:30:26 | INFO: Extracting primitive: town_boundary_0_76-colonly
14:30:26 | INFO: Primitives created: 1
14:30:26 | WARNING: Mesh town_boundary_0_77-colonly is not valid, and may be exported wrongly
14:30:26 | INFO: Extracting primitive: town_boundary_0_77-colonly
14:30:26 | INFO: Primitives created: 1
14:30:26 | WARNING: Mesh town_boundary_0_78-colonly is not valid, and may be exported wrongly
14:30:26 | INFO: Extracting primitive: town_boundary_0_78-colonly
14:30:26 | INFO: Primitives created: 1
14:30:26 | WARNING: Mesh town_boundary_0_79-colonly is not valid, and may be exported wrongly
14:30:26 | INFO: Extracting primitive: town_boundary_0_79-colonly
14:30:26 | INFO: Primitives created: 1
14:30:26 | WARNING: Mesh town_boundary_0_80-colonly is not valid, and may be exported wrongly
14:30:26 | INFO: Extracting primitive: town_boundary_0_80-colonly
14:30:26 | INFO: Primitives created: 1
14:30:26 | WARNING: Mesh town_boundary_0_81-colonly is not valid, and may be exported wrongly
14:30:26 | INFO: Extracting primitive: town_boundary_0_81-colonly
14:30:26 | INFO: Primitives created: 1
14:30:26 | WARNING: Mesh town_boundary_0_82-colonly is not valid, and may be exported wrongly
14:30:26 | INFO: Extracting primitive: town_boundary_0_82-colonly
14:30:26 | INFO: Primitives created: 1
14:30:26 | WARNING: Mesh town_boundary_0_83-colonly is not valid, and may be exported wrongly
14:30:26 | INFO: Extracting primitive: town_boundary_0_83-colonly
14:30:26 | INFO: Primitives created: 1
14:30:26 | WARNING: Mesh town_boundary_0_84-colonly is not valid, and may be exported wrongly
14:30:26 | INFO: Extracting primitive: town_boundary_0_84-colonly
14:30:26 | INFO: Primitives created: 1
14:30:26 | WARNING: Mesh town_boundary_0_85-colonly is not valid, and may be exported wrongly
14:30:26 | INFO: Extracting primitive: town_boundary_0_85-colonly
14:30:26 | INFO: Primitives created: 1
14:30:26 | WARNING: Mesh town_boundary_0_86-colonly is not valid, and may be exported wrongly
14:30:26 | INFO: Extracting primitive: town_boundary_0_86-colonly
14:30:26 | INFO: Primitives created: 1
14:30:26 | WARNING: Mesh town_boundary_0_87-colonly is not valid, and may be exported wrongly
14:30:26 | INFO: Extracting primitive: town_boundary_0_87-colonly
14:30:26 | INFO: Primitives created: 1
14:30:26 | WARNING: Mesh town_boundary_0_88-colonly is not valid, and may be exported wrongly
14:30:26 | INFO: Extracting primitive: town_boundary_0_88-colonly
14:30:26 | INFO: Primitives created: 1
14:30:26 | WARNING: Mesh town_boundary_0_89-colonly is not valid, and may be exported wrongly
14:30:26 | INFO: Extracting primitive: town_boundary_0_89-colonly
14:30:26 | INFO: Primitives created: 1
14:30:26 | WARNING: Mesh town_boundary_0_90-colonly is not valid, and may be exported wrongly
14:30:26 | INFO: Extracting primitive: town_boundary_0_90-colonly
14:30:26 | INFO: Primitives created: 1
14:30:26 | WARNING: Mesh town_boundary_0_91-colonly is not valid, and may be exported wrongly
14:30:26 | INFO: Extracting primitive: town_boundary_0_91-colonly
14:30:26 | INFO: Primitives created: 1
14:30:26 | WARNING: Mesh town_boundary_0_92-colonly is not valid, and may be exported wrongly
14:30:26 | INFO: Extracting primitive: town_boundary_0_92-colonly
14:30:26 | INFO: Primitives created: 1
14:30:26 | WARNING: Mesh town_boundary_0_93-colonly is not valid, and may be exported wrongly
14:30:26 | INFO: Extracting primitive: town_boundary_0_93-colonly
14:30:26 | INFO: Primitives created: 1
14:30:26 | WARNING: Mesh town_boundary_0_94-colonly is not valid, and may be exported wrongly
14:30:26 | INFO: Extracting primitive: town_boundary_0_94-colonly
14:30:26 | INFO: Primitives created: 1
14:30:26 | WARNING: Mesh town_boundary_0_95-colonly is not valid, and may be exported wrongly
14:30:26 | INFO: Extracting primitive: town_boundary_0_95-colonly
14:30:26 | INFO: Primitives created: 1
14:30:26 | WARNING: Mesh town_boundary_0_96-colonly is not valid, and may be exported wrongly
14:30:26 | INFO: Extracting primitive: town_boundary_0_96-colonly
14:30:26 | INFO: Primitives created: 1
14:30:26 | WARNING: Mesh town_boundary_0_97-colonly is not valid, and may be exported wrongly
14:30:26 | INFO: Extracting primitive: town_boundary_0_97-colonly
14:30:26 | INFO: Primitives created: 1
14:30:26 | WARNING: Mesh town_boundary_0_98-colonly is not valid, and may be exported wrongly
14:30:26 | INFO: Extracting primitive: town_boundary_0_98-colonly
14:30:26 | INFO: Primitives created: 1
14:30:26 | WARNING: Mesh town_boundary_0_99-colonly is not valid, and may be exported wrongly
14:30:26 | INFO: Extracting primitive: town_boundary_0_99-colonly
14:30:26 | INFO: Primitives created: 1
14:30:26 | WARNING: Mesh town_boundary_0_100-colonly is not valid, and may be exported wrongly
14:30:26 | INFO: Extracting primitive: town_boundary_0_100-colonly
14:30:26 | INFO: Primitives created: 1
14:30:26 | WARNING: Mesh town_boundary_0_101-colonly is not valid, and may be exported wrongly
14:30:26 | INFO: Extracting primitive: town_boundary_0_101-colonly
14:30:26 | INFO: Primitives created: 1
14:30:26 | WARNING: Mesh town_boundary_0_102-colonly is not valid, and may be exported wrongly
14:30:26 | INFO: Extracting primitive: town_boundary_0_102-colonly
14:30:26 | INFO: Primitives created: 1
14:30:26 | WARNING: Mesh town_boundary_0_103-colonly is not valid, and may be exported wrongly
14:30:26 | INFO: Extracting primitive: town_boundary_0_103-colonly
14:30:26 | INFO: Primitives created: 1
14:30:26 | WARNING: Mesh town_boundary_0_104-colonly is not valid, and may be exported wrongly
14:30:26 | INFO: Extracting primitive: town_boundary_0_104-colonly
14:30:26 | INFO: Primitives created: 1
14:30:26 | WARNING: Mesh town_boundary_0_105-colonly is not valid, and may be exported wrongly
14:30:26 | INFO: Extracting primitive: town_boundary_0_105-colonly
14:30:26 | INFO: Primitives created: 1
14:30:26 | WARNING: Mesh town_boundary_0_106-colonly is not valid, and may be exported wrongly
14:30:26 | INFO: Extracting primitive: town_boundary_0_106-colonly
14:30:26 | INFO: Primitives created: 1
14:30:26 | WARNING: Mesh town_boundary_0_107-colonly is not valid, and may be exported wrongly
14:30:26 | INFO: Extracting primitive: town_boundary_0_107-colonly
14:30:26 | INFO: Primitives created: 1
14:30:26 | WARNING: Mesh town_boundary_0_108-colonly is not valid, and may be exported wrongly
14:30:26 | INFO: Extracting primitive: town_boundary_0_108-colonly
14:30:26 | INFO: Primitives created: 1
14:30:26 | WARNING: Mesh town_boundary_0_109-colonly is not valid, and may be exported wrongly
14:30:26 | INFO: Extracting primitive: town_boundary_0_109-colonly
14:30:26 | INFO: Primitives created: 1
14:30:26 | WARNING: Mesh town_boundary_0_110-colonly is not valid, and may be exported wrongly
14:30:26 | INFO: Extracting primitive: town_boundary_0_110-colonly
14:30:26 | INFO: Primitives created: 1
14:30:26 | WARNING: Mesh town_boundary_0_111-colonly is not valid, and may be exported wrongly
14:30:26 | INFO: Extracting primitive: town_boundary_0_111-colonly
14:30:26 | INFO: Primitives created: 1
14:30:26 | WARNING: Mesh town_boundary_0_112-colonly is not valid, and may be exported wrongly
14:30:26 | INFO: Extracting primitive: town_boundary_0_112-colonly
14:30:26 | INFO: Primitives created: 1
14:30:26 | WARNING: Mesh town_boundary_0_113-colonly is not valid, and may be exported wrongly
14:30:26 | INFO: Extracting primitive: town_boundary_0_113-colonly
14:30:26 | INFO: Primitives created: 1
14:30:26 | WARNING: Mesh town_boundary_0_114-colonly is not valid, and may be exported wrongly
14:30:26 | INFO: Extracting primitive: town_boundary_0_114-colonly
14:30:26 | INFO: Primitives created: 1
14:30:26 | WARNING: Mesh town_boundary_0_115-colonly is not valid, and may be exported wrongly
14:30:26 | INFO: Extracting primitive: town_boundary_0_115-colonly
14:30:26 | INFO: Primitives created: 1
14:30:26 | WARNING: Mesh town_boundary_0_116-colonly is not valid, and may be exported wrongly
14:30:26 | INFO: Extracting primitive: town_boundary_0_116-colonly
14:30:26 | INFO: Primitives created: 1
14:30:26 | WARNING: Mesh town_boundary_0_117-colonly is not valid, and may be exported wrongly
14:30:26 | INFO: Extracting primitive: town_boundary_0_117-colonly
14:30:26 | INFO: Primitives created: 1
14:30:26 | WARNING: Mesh town_boundary_0_118-colonly is not valid, and may be exported wrongly
14:30:26 | INFO: Extracting primitive: town_boundary_0_118-colonly
14:30:26 | INFO: Primitives created: 1
14:30:26 | WARNING: Mesh town_boundary_0_119-colonly is not valid, and may be exported wrongly
14:30:26 | INFO: Extracting primitive: town_boundary_0_119-colonly
14:30:26 | INFO: Primitives created: 1
14:30:26 | WARNING: Mesh town_boundary_0_120-colonly is not valid, and may be exported wrongly
14:30:26 | INFO: Extracting primitive: town_boundary_0_120-colonly
14:30:26 | INFO: Primitives created: 1
14:30:26 | WARNING: Mesh town_boundary_0_121-colonly is not valid, and may be exported wrongly
14:30:26 | INFO: Extracting primitive: town_boundary_0_121-colonly
14:30:26 | INFO: Primitives created: 1
14:30:26 | WARNING: Mesh town_boundary_0_122-colonly is not valid, and may be exported wrongly
14:30:26 | INFO: Extracting primitive: town_boundary_0_122-colonly
14:30:26 | INFO: Primitives created: 1
14:30:26 | WARNING: Mesh town_boundary_0_123-colonly is not valid, and may be exported wrongly
14:30:26 | INFO: Extracting primitive: town_boundary_0_123-colonly
14:30:26 | INFO: Primitives created: 1
14:30:26 | WARNING: Mesh town_boundary_0_124-colonly is not valid, and may be exported wrongly
14:30:26 | INFO: Extracting primitive: town_boundary_0_124-colonly
14:30:26 | INFO: Primitives created: 1
14:30:26 | WARNING: Mesh town_boundary_0_125-colonly is not valid, and may be exported wrongly
14:30:26 | INFO: Extracting primitive: town_boundary_0_125-colonly
14:30:26 | INFO: Primitives created: 1
14:30:26 | WARNING: Mesh town_boundary_0_126-colonly is not valid, and may be exported wrongly
14:30:26 | INFO: Extracting primitive: town_boundary_0_126-colonly
14:30:26 | INFO: Primitives created: 1
14:30:26 | WARNING: Mesh town_boundary_0_127-colonly is not valid, and may be exported wrongly
14:30:26 | INFO: Extracting primitive: town_boundary_0_127-colonly
14:30:26 | INFO: Primitives created: 1
14:30:26 | WARNING: Mesh town_boundary_0_128-colonly is not valid, and may be exported wrongly
14:30:26 | INFO: Extracting primitive: town_boundary_0_128-colonly
14:30:26 | INFO: Primitives created: 1
14:30:26 | WARNING: Mesh town_boundary_0_129-colonly is not valid, and may be exported wrongly
14:30:26 | INFO: Extracting primitive: town_boundary_0_129-colonly
14:30:26 | INFO: Primitives created: 1
14:30:26 | WARNING: Mesh town_boundary_0_130-colonly is not valid, and may be exported wrongly
14:30:26 | INFO: Extracting primitive: town_boundary_0_130-colonly
14:30:26 | INFO: Primitives created: 1
14:30:26 | WARNING: Mesh town_boundary_0_131-colonly is not valid, and may be exported wrongly
14:30:26 | INFO: Extracting primitive: town_boundary_0_131-colonly
14:30:26 | INFO: Primitives created: 1
14:30:26 | WARNING: Mesh town_boundary_0_132-colonly is not valid, and may be exported wrongly
14:30:26 | INFO: Extracting primitive: town_boundary_0_132-colonly
14:30:26 | INFO: Primitives created: 1
14:30:26 | WARNING: Mesh town_boundary_0_133-colonly is not valid, and may be exported wrongly
14:30:26 | INFO: Extracting primitive: town_boundary_0_133-colonly
14:30:26 | INFO: Primitives created: 1
14:30:26 | WARNING: Mesh town_boundary_0_134-colonly is not valid, and may be exported wrongly
14:30:26 | INFO: Extracting primitive: town_boundary_0_134-colonly
14:30:26 | INFO: Primitives created: 1
14:30:26 | WARNING: Mesh town_boundary_0_135-colonly is not valid, and may be exported wrongly
14:30:26 | INFO: Extracting primitive: town_boundary_0_135-colonly
14:30:26 | INFO: Primitives created: 1
14:30:26 | WARNING: Mesh town_boundary_0_136-colonly is not valid, and may be exported wrongly
14:30:26 | INFO: Extracting primitive: town_boundary_0_136-colonly
14:30:26 | INFO: Primitives created: 1
14:30:26 | WARNING: Mesh town_boundary_0_137-colonly is not valid, and may be exported wrongly
14:30:26 | INFO: Extracting primitive: town_boundary_0_137-colonly
14:30:26 | INFO: Primitives created: 1
14:30:26 | WARNING: Mesh town_boundary_0_138-colonly is not valid, and may be exported wrongly
14:30:26 | INFO: Extracting primitive: town_boundary_0_138-colonly
14:30:26 | INFO: Primitives created: 1
14:30:26 | WARNING: Mesh town_boundary_0_139-colonly is not valid, and may be exported wrongly
14:30:26 | INFO: Extracting primitive: town_boundary_0_139-colonly
14:30:26 | INFO: Primitives created: 1
14:30:26 | WARNING: Mesh town_boundary_0_140-colonly is not valid, and may be exported wrongly
14:30:26 | INFO: Extracting primitive: town_boundary_0_140-colonly
14:30:26 | INFO: Primitives created: 1
14:30:26 | WARNING: Mesh town_boundary_0_141-colonly is not valid, and may be exported wrongly
14:30:26 | INFO: Extracting primitive: town_boundary_0_141-colonly
14:30:26 | INFO: Primitives created: 1
14:30:26 | WARNING: Mesh town_boundary_0_142-colonly is not valid, and may be exported wrongly
14:30:26 | INFO: Extracting primitive: town_boundary_0_142-colonly
14:30:26 | INFO: Primitives created: 1
14:30:26 | WARNING: Mesh town_boundary_0_143-colonly is not valid, and may be exported wrongly
14:30:26 | INFO: Extracting primitive: town_boundary_0_143-colonly
14:30:26 | INFO: Primitives created: 1
14:30:26 | WARNING: Mesh town_boundary_0_144-colonly is not valid, and may be exported wrongly
14:30:26 | INFO: Extracting primitive: town_boundary_0_144-colonly
14:30:26 | INFO: Primitives created: 1
14:30:26 | WARNING: Mesh town_boundary_0_145-colonly is not valid, and may be exported wrongly
14:30:26 | INFO: Extracting primitive: town_boundary_0_145-colonly
14:30:26 | INFO: Primitives created: 1
14:30:26 | WARNING: Mesh town_boundary_0_146-colonly is not valid, and may be exported wrongly
14:30:26 | INFO: Extracting primitive: town_boundary_0_146-colonly
14:30:26 | INFO: Primitives created: 1
14:30:26 | WARNING: Mesh town_boundary_0_147-colonly is not valid, and may be exported wrongly
14:30:26 | INFO: Extracting primitive: town_boundary_0_147-colonly
14:30:26 | INFO: Primitives created: 1
14:30:26 | WARNING: Mesh town_boundary_0_148-colonly is not valid, and may be exported wrongly
14:30:26 | INFO: Extracting primitive: town_boundary_0_148-colonly
14:30:26 | INFO: Primitives created: 1
14:30:26 | WARNING: Mesh town_boundary_0_149-colonly is not valid, and may be exported wrongly
14:30:26 | INFO: Extracting primitive: town_boundary_0_149-colonly
14:30:26 | INFO: Primitives created: 1
14:30:26 | WARNING: Mesh town_boundary_0_150-colonly is not valid, and may be exported wrongly
14:30:26 | INFO: Extracting primitive: town_boundary_0_150-colonly
14:30:26 | INFO: Primitives created: 1
14:30:26 | WARNING: Mesh town_boundary_0_151-colonly is not valid, and may be exported wrongly
14:30:26 | INFO: Extracting primitive: town_boundary_0_151-colonly
14:30:26 | INFO: Primitives created: 1
14:30:26 | WARNING: Mesh town_boundary_0_152-colonly is not valid, and may be exported wrongly
14:30:26 | INFO: Extracting primitive: town_boundary_0_152-colonly
14:30:26 | INFO: Primitives created: 1
14:30:26 | WARNING: Mesh town_boundary_0_153-colonly is not valid, and may be exported wrongly
14:30:26 | INFO: Extracting primitive: town_boundary_0_153-colonly
14:30:26 | INFO: Primitives created: 1
14:30:26 | WARNING: Mesh town_boundary_0_154-colonly is not valid, and may be exported wrongly
14:30:26 | INFO: Extracting primitive: town_boundary_0_154-colonly
14:30:26 | INFO: Primitives created: 1
14:30:26 | WARNING: Mesh town_boundary_0_155-colonly is not valid, and may be exported wrongly
14:30:26 | INFO: Extracting primitive: town_boundary_0_155-colonly
14:30:26 | INFO: Primitives created: 1
14:30:26 | WARNING: Mesh town_boundary_0_156-colonly is not valid, and may be exported wrongly
14:30:26 | INFO: Extracting primitive: town_boundary_0_156-colonly
14:30:26 | INFO: Primitives created: 1
14:30:26 | WARNING: Mesh town_boundary_0_157-colonly is not valid, and may be exported wrongly
14:30:26 | INFO: Extracting primitive: town_boundary_0_157-colonly
14:30:26 | INFO: Primitives created: 1
14:30:26 | WARNING: Mesh town_boundary_0_158-colonly is not valid, and may be exported wrongly
14:30:26 | INFO: Extracting primitive: town_boundary_0_158-colonly
14:30:26 | INFO: Primitives created: 1
14:30:26 | WARNING: Mesh town_boundary_0_159-colonly is not valid, and may be exported wrongly
14:30:26 | INFO: Extracting primitive: town_boundary_0_159-colonly
14:30:26 | INFO: Primitives created: 1
14:30:26 | WARNING: Mesh town_boundary_1_0-colonly is not valid, and may be exported wrongly
14:30:26 | INFO: Extracting primitive: town_boundary_1_0-colonly
14:30:26 | INFO: Primitives created: 1
14:30:26 | WARNING: Mesh town_boundary_1_1-colonly is not valid, and may be exported wrongly
14:30:26 | INFO: Extracting primitive: town_boundary_1_1-colonly
14:30:26 | INFO: Primitives created: 1
14:30:26 | WARNING: Mesh town_boundary_1_2-colonly is not valid, and may be exported wrongly
14:30:26 | INFO: Extracting primitive: town_boundary_1_2-colonly
14:30:26 | INFO: Primitives created: 1
14:30:26 | WARNING: Mesh town_boundary_1_3-colonly is not valid, and may be exported wrongly
14:30:26 | INFO: Extracting primitive: town_boundary_1_3-colonly
14:30:26 | INFO: Primitives created: 1
14:30:26 | WARNING: Mesh town_boundary_1_4-colonly is not valid, and may be exported wrongly
14:30:26 | INFO: Extracting primitive: town_boundary_1_4-colonly
14:30:26 | INFO: Primitives created: 1
14:30:26 | WARNING: Mesh town_boundary_1_5-colonly is not valid, and may be exported wrongly
14:30:26 | INFO: Extracting primitive: town_boundary_1_5-colonly
14:30:26 | INFO: Primitives created: 1
14:30:26 | WARNING: Mesh town_boundary_1_6-colonly is not valid, and may be exported wrongly
14:30:26 | INFO: Extracting primitive: town_boundary_1_6-colonly
14:30:26 | INFO: Primitives created: 1
14:30:26 | WARNING: Mesh town_boundary_1_7-colonly is not valid, and may be exported wrongly
14:30:26 | INFO: Extracting primitive: town_boundary_1_7-colonly
14:30:26 | INFO: Primitives created: 1
14:30:26 | WARNING: Mesh town_boundary_1_8-colonly is not valid, and may be exported wrongly
14:30:26 | INFO: Extracting primitive: town_boundary_1_8-colonly
14:30:26 | INFO: Primitives created: 1
14:30:26 | WARNING: Mesh town_boundary_1_9-colonly is not valid, and may be exported wrongly
14:30:26 | INFO: Extracting primitive: town_boundary_1_9-colonly
14:30:26 | INFO: Primitives created: 1
14:30:26 | WARNING: Mesh town_boundary_1_10-colonly is not valid, and may be exported wrongly
14:30:26 | INFO: Extracting primitive: town_boundary_1_10-colonly
14:30:26 | INFO: Primitives created: 1
14:30:26 | WARNING: Mesh town_boundary_1_11-colonly is not valid, and may be exported wrongly
14:30:26 | INFO: Extracting primitive: town_boundary_1_11-colonly
14:30:26 | INFO: Primitives created: 1
14:30:26 | WARNING: Mesh town_boundary_1_12-colonly is not valid, and may be exported wrongly
14:30:26 | INFO: Extracting primitive: town_boundary_1_12-colonly
14:30:26 | INFO: Primitives created: 1
14:30:26 | WARNING: Mesh town_boundary_1_13-colonly is not valid, and may be exported wrongly
14:30:26 | INFO: Extracting primitive: town_boundary_1_13-colonly
14:30:26 | INFO: Primitives created: 1
14:30:26 | WARNING: Mesh town_boundary_1_14-colonly is not valid, and may be exported wrongly
14:30:26 | INFO: Extracting primitive: town_boundary_1_14-colonly
14:30:26 | INFO: Primitives created: 1
14:30:26 | WARNING: Mesh town_boundary_1_15-colonly is not valid, and may be exported wrongly
14:30:26 | INFO: Extracting primitive: town_boundary_1_15-colonly
14:30:26 | INFO: Primitives created: 1
14:30:26 | WARNING: Mesh town_boundary_1_16-colonly is not valid, and may be exported wrongly
14:30:26 | INFO: Extracting primitive: town_boundary_1_16-colonly
14:30:26 | INFO: Primitives created: 1
14:30:26 | WARNING: Mesh town_boundary_1_17-colonly is not valid, and may be exported wrongly
14:30:26 | INFO: Extracting primitive: town_boundary_1_17-colonly
14:30:26 | INFO: Primitives created: 1
14:30:26 | WARNING: Mesh town_boundary_1_18-colonly is not valid, and may be exported wrongly
14:30:26 | INFO: Extracting primitive: town_boundary_1_18-colonly
14:30:26 | INFO: Primitives created: 1
14:30:26 | WARNING: Mesh town_boundary_1_19-colonly is not valid, and may be exported wrongly
14:30:26 | INFO: Extracting primitive: town_boundary_1_19-colonly
14:30:26 | INFO: Primitives created: 1
14:30:26 | WARNING: Mesh town_boundary_1_20-colonly is not valid, and may be exported wrongly
14:30:26 | INFO: Extracting primitive: town_boundary_1_20-colonly
14:30:26 | INFO: Primitives created: 1
14:30:26 | WARNING: Mesh town_boundary_1_21-colonly is not valid, and may be exported wrongly
14:30:26 | INFO: Extracting primitive: town_boundary_1_21-colonly
14:30:26 | INFO: Primitives created: 1
14:30:26 | WARNING: Mesh town_boundary_1_22-colonly is not valid, and may be exported wrongly
14:30:26 | INFO: Extracting primitive: town_boundary_1_22-colonly
14:30:26 | INFO: Primitives created: 1
14:30:26 | WARNING: Mesh town_boundary_1_23-colonly is not valid, and may be exported wrongly
14:30:26 | INFO: Extracting primitive: town_boundary_1_23-colonly
14:30:26 | INFO: Primitives created: 1
14:30:26 | WARNING: Mesh town_boundary_1_24-colonly is not valid, and may be exported wrongly
14:30:26 | INFO: Extracting primitive: town_boundary_1_24-colonly
14:30:26 | INFO: Primitives created: 1
14:30:26 | WARNING: Mesh town_boundary_1_25-colonly is not valid, and may be exported wrongly
14:30:26 | INFO: Extracting primitive: town_boundary_1_25-colonly
14:30:26 | INFO: Primitives created: 1
14:30:26 | WARNING: Mesh town_boundary_1_26-colonly is not valid, and may be exported wrongly
14:30:26 | INFO: Extracting primitive: town_boundary_1_26-colonly
14:30:26 | INFO: Primitives created: 1
14:30:26 | WARNING: Mesh town_boundary_1_27-colonly is not valid, and may be exported wrongly
14:30:26 | INFO: Extracting primitive: town_boundary_1_27-colonly
14:30:26 | INFO: Primitives created: 1
14:30:26 | WARNING: Mesh town_boundary_1_28-colonly is not valid, and may be exported wrongly
14:30:26 | INFO: Extracting primitive: town_boundary_1_28-colonly
14:30:26 | INFO: Primitives created: 1
14:30:26 | WARNING: Mesh town_boundary_1_29-colonly is not valid, and may be exported wrongly
14:30:26 | INFO: Extracting primitive: town_boundary_1_29-colonly
14:30:26 | INFO: Primitives created: 1
14:30:26 | WARNING: Mesh town_boundary_1_30-colonly is not valid, and may be exported wrongly
14:30:26 | INFO: Extracting primitive: town_boundary_1_30-colonly
14:30:26 | INFO: Primitives created: 1
14:30:26 | WARNING: Mesh town_boundary_1_31-colonly is not valid, and may be exported wrongly
14:30:26 | INFO: Extracting primitive: town_boundary_1_31-colonly
14:30:26 | INFO: Primitives created: 1
14:30:26 | WARNING: Mesh town_boundary_1_32-colonly is not valid, and may be exported wrongly
14:30:26 | INFO: Extracting primitive: town_boundary_1_32-colonly
14:30:26 | INFO: Primitives created: 1
14:30:26 | WARNING: Mesh town_boundary_1_33-colonly is not valid, and may be exported wrongly
14:30:26 | INFO: Extracting primitive: town_boundary_1_33-colonly
14:30:26 | INFO: Primitives created: 1
14:30:26 | WARNING: Mesh town_boundary_1_34-colonly is not valid, and may be exported wrongly
14:30:26 | INFO: Extracting primitive: town_boundary_1_34-colonly
14:30:26 | INFO: Primitives created: 1
14:30:26 | WARNING: Mesh town_boundary_1_35-colonly is not valid, and may be exported wrongly
14:30:26 | INFO: Extracting primitive: town_boundary_1_35-colonly
14:30:26 | INFO: Primitives created: 1
14:30:26 | WARNING: Mesh town_boundary_1_36-colonly is not valid, and may be exported wrongly
14:30:26 | INFO: Extracting primitive: town_boundary_1_36-colonly
14:30:26 | INFO: Primitives created: 1
14:30:26 | WARNING: Mesh town_boundary_1_37-colonly is not valid, and may be exported wrongly
14:30:26 | INFO: Extracting primitive: town_boundary_1_37-colonly
14:30:26 | INFO: Primitives created: 1
14:30:26 | WARNING: Mesh town_boundary_1_38-colonly is not valid, and may be exported wrongly
14:30:26 | INFO: Extracting primitive: town_boundary_1_38-colonly
14:30:26 | INFO: Primitives created: 1
14:30:26 | WARNING: Mesh town_boundary_1_39-colonly is not valid, and may be exported wrongly
14:30:26 | INFO: Extracting primitive: town_boundary_1_39-colonly
14:30:26 | INFO: Primitives created: 1
14:30:26 | WARNING: Mesh town_boundary_1_40-colonly is not valid, and may be exported wrongly
14:30:26 | INFO: Extracting primitive: town_boundary_1_40-colonly
14:30:26 | INFO: Primitives created: 1
14:30:26 | WARNING: Mesh town_boundary_1_41-colonly is not valid, and may be exported wrongly
14:30:26 | INFO: Extracting primitive: town_boundary_1_41-colonly
14:30:26 | INFO: Primitives created: 1
14:30:26 | WARNING: Mesh town_boundary_1_42-colonly is not valid, and may be exported wrongly
14:30:26 | INFO: Extracting primitive: town_boundary_1_42-colonly
14:30:26 | INFO: Primitives created: 1
14:30:26 | WARNING: Mesh town_boundary_1_43-colonly is not valid, and may be exported wrongly
14:30:26 | INFO: Extracting primitive: town_boundary_1_43-colonly
14:30:26 | INFO: Primitives created: 1
14:30:26 | WARNING: Mesh town_boundary_1_44-colonly is not valid, and may be exported wrongly
14:30:26 | INFO: Extracting primitive: town_boundary_1_44-colonly
14:30:26 | INFO: Primitives created: 1
14:30:26 | WARNING: Mesh town_boundary_1_45-colonly is not valid, and may be exported wrongly
14:30:26 | INFO: Extracting primitive: town_boundary_1_45-colonly
14:30:26 | INFO: Primitives created: 1
14:30:26 | WARNING: Mesh town_boundary_1_46-colonly is not valid, and may be exported wrongly
14:30:26 | INFO: Extracting primitive: town_boundary_1_46-colonly
14:30:26 | INFO: Primitives created: 1
14:30:26 | WARNING: Mesh town_boundary_1_47-colonly is not valid, and may be exported wrongly
14:30:26 | INFO: Extracting primitive: town_boundary_1_47-colonly
14:30:26 | INFO: Primitives created: 1
14:30:26 | WARNING: Mesh town_boundary_1_48-colonly is not valid, and may be exported wrongly
14:30:26 | INFO: Extracting primitive: town_boundary_1_48-colonly
14:30:26 | INFO: Primitives created: 1
14:30:26 | WARNING: Mesh town_boundary_1_49-colonly is not valid, and may be exported wrongly
14:30:26 | INFO: Extracting primitive: town_boundary_1_49-colonly
14:30:26 | INFO: Primitives created: 1
14:30:26 | WARNING: Mesh town_boundary_1_50-colonly is not valid, and may be exported wrongly
14:30:26 | INFO: Extracting primitive: town_boundary_1_50-colonly
14:30:26 | INFO: Primitives created: 1
14:30:26 | WARNING: Mesh town_boundary_1_51-colonly is not valid, and may be exported wrongly
14:30:26 | INFO: Extracting primitive: town_boundary_1_51-colonly
14:30:26 | INFO: Primitives created: 1
14:30:26 | WARNING: Mesh town_boundary_1_52-colonly is not valid, and may be exported wrongly
14:30:26 | INFO: Extracting primitive: town_boundary_1_52-colonly
14:30:26 | INFO: Primitives created: 1
14:30:26 | WARNING: Mesh town_boundary_1_53-colonly is not valid, and may be exported wrongly
14:30:26 | INFO: Extracting primitive: town_boundary_1_53-colonly
14:30:26 | INFO: Primitives created: 1
14:30:26 | WARNING: Mesh town_boundary_1_54-colonly is not valid, and may be exported wrongly
14:30:26 | INFO: Extracting primitive: town_boundary_1_54-colonly
14:30:26 | INFO: Primitives created: 1
14:30:26 | WARNING: Mesh town_boundary_1_55-colonly is not valid, and may be exported wrongly
14:30:26 | INFO: Extracting primitive: town_boundary_1_55-colonly
14:30:26 | INFO: Primitives created: 1
14:30:26 | WARNING: Mesh town_boundary_1_56-colonly is not valid, and may be exported wrongly
14:30:26 | INFO: Extracting primitive: town_boundary_1_56-colonly
14:30:26 | INFO: Primitives created: 1
14:30:26 | WARNING: Mesh town_boundary_1_57-colonly is not valid, and may be exported wrongly
14:30:26 | INFO: Extracting primitive: town_boundary_1_57-colonly
14:30:26 | INFO: Primitives created: 1
14:30:26 | WARNING: Mesh town_boundary_1_58-colonly is not valid, and may be exported wrongly
14:30:26 | INFO: Extracting primitive: town_boundary_1_58-colonly
14:30:26 | INFO: Primitives created: 1
14:30:26 | WARNING: Mesh town_boundary_1_59-colonly is not valid, and may be exported wrongly
14:30:26 | INFO: Extracting primitive: town_boundary_1_59-colonly
14:30:26 | INFO: Primitives created: 1
14:30:26 | WARNING: Mesh town_boundary_1_60-colonly is not valid, and may be exported wrongly
14:30:26 | INFO: Extracting primitive: town_boundary_1_60-colonly
14:30:26 | INFO: Primitives created: 1
14:30:27 | WARNING: Mesh town_boundary_1_61-colonly is not valid, and may be exported wrongly
14:30:27 | INFO: Extracting primitive: town_boundary_1_61-colonly
14:30:27 | INFO: Primitives created: 1
14:30:27 | WARNING: Mesh town_boundary_1_62-colonly is not valid, and may be exported wrongly
14:30:27 | INFO: Extracting primitive: town_boundary_1_62-colonly
14:30:27 | INFO: Primitives created: 1
14:30:27 | WARNING: Mesh town_boundary_1_63-colonly is not valid, and may be exported wrongly
14:30:27 | INFO: Extracting primitive: town_boundary_1_63-colonly
14:30:27 | INFO: Primitives created: 1
14:30:27 | WARNING: Mesh town_boundary_1_64-colonly is not valid, and may be exported wrongly
14:30:27 | INFO: Extracting primitive: town_boundary_1_64-colonly
14:30:27 | INFO: Primitives created: 1
14:30:27 | WARNING: Mesh town_boundary_1_65-colonly is not valid, and may be exported wrongly
14:30:27 | INFO: Extracting primitive: town_boundary_1_65-colonly
14:30:27 | INFO: Primitives created: 1
14:30:27 | WARNING: Mesh town_boundary_1_66-colonly is not valid, and may be exported wrongly
14:30:27 | INFO: Extracting primitive: town_boundary_1_66-colonly
14:30:27 | INFO: Primitives created: 1
14:30:27 | WARNING: Mesh town_boundary_1_67-colonly is not valid, and may be exported wrongly
14:30:27 | INFO: Extracting primitive: town_boundary_1_67-colonly
14:30:27 | INFO: Primitives created: 1
14:30:27 | WARNING: Mesh town_boundary_1_68-colonly is not valid, and may be exported wrongly
14:30:27 | INFO: Extracting primitive: town_boundary_1_68-colonly
14:30:27 | INFO: Primitives created: 1
14:30:27 | WARNING: Mesh town_boundary_1_69-colonly is not valid, and may be exported wrongly
14:30:27 | INFO: Extracting primitive: town_boundary_1_69-colonly
14:30:27 | INFO: Primitives created: 1
14:30:27 | WARNING: Mesh town_boundary_1_70-colonly is not valid, and may be exported wrongly
14:30:27 | INFO: Extracting primitive: town_boundary_1_70-colonly
14:30:27 | INFO: Primitives created: 1
14:30:27 | WARNING: Mesh town_boundary_1_71-colonly is not valid, and may be exported wrongly
14:30:27 | INFO: Extracting primitive: town_boundary_1_71-colonly
14:30:27 | INFO: Primitives created: 1
14:30:27 | WARNING: Mesh town_boundary_1_72-colonly is not valid, and may be exported wrongly
14:30:27 | INFO: Extracting primitive: town_boundary_1_72-colonly
14:30:27 | INFO: Primitives created: 1
14:30:27 | WARNING: Mesh town_boundary_1_73-colonly is not valid, and may be exported wrongly
14:30:27 | INFO: Extracting primitive: town_boundary_1_73-colonly
14:30:27 | INFO: Primitives created: 1
14:30:27 | WARNING: Mesh town_boundary_1_74-colonly is not valid, and may be exported wrongly
14:30:27 | INFO: Extracting primitive: town_boundary_1_74-colonly
14:30:27 | INFO: Primitives created: 1
14:30:27 | WARNING: Mesh town_boundary_1_75-colonly is not valid, and may be exported wrongly
14:30:27 | INFO: Extracting primitive: town_boundary_1_75-colonly
14:30:27 | INFO: Primitives created: 1
14:30:27 | WARNING: Mesh town_boundary_1_76-colonly is not valid, and may be exported wrongly
14:30:27 | INFO: Extracting primitive: town_boundary_1_76-colonly
14:30:27 | INFO: Primitives created: 1
14:30:27 | WARNING: Mesh town_boundary_1_77-colonly is not valid, and may be exported wrongly
14:30:27 | INFO: Extracting primitive: town_boundary_1_77-colonly
14:30:27 | INFO: Primitives created: 1
14:30:27 | WARNING: Mesh town_boundary_1_78-colonly is not valid, and may be exported wrongly
14:30:27 | INFO: Extracting primitive: town_boundary_1_78-colonly
14:30:27 | INFO: Primitives created: 1
14:30:27 | WARNING: Mesh town_boundary_1_79-colonly is not valid, and may be exported wrongly
14:30:27 | INFO: Extracting primitive: town_boundary_1_79-colonly
14:30:27 | INFO: Primitives created: 1
14:30:27 | WARNING: Mesh town_boundary_1_80-colonly is not valid, and may be exported wrongly
14:30:27 | INFO: Extracting primitive: town_boundary_1_80-colonly
14:30:27 | INFO: Primitives created: 1
14:30:27 | WARNING: Mesh town_boundary_1_81-colonly is not valid, and may be exported wrongly
14:30:27 | INFO: Extracting primitive: town_boundary_1_81-colonly
14:30:27 | INFO: Primitives created: 1
14:30:27 | WARNING: Mesh town_boundary_1_82-colonly is not valid, and may be exported wrongly
14:30:27 | INFO: Extracting primitive: town_boundary_1_82-colonly
14:30:27 | INFO: Primitives created: 1
14:30:27 | WARNING: Mesh town_boundary_1_83-colonly is not valid, and may be exported wrongly
14:30:27 | INFO: Extracting primitive: town_boundary_1_83-colonly
14:30:27 | INFO: Primitives created: 1
14:30:27 | WARNING: Mesh town_boundary_1_84-colonly is not valid, and may be exported wrongly
14:30:27 | INFO: Extracting primitive: town_boundary_1_84-colonly
14:30:27 | INFO: Primitives created: 1
14:30:27 | WARNING: Mesh town_boundary_1_85-colonly is not valid, and may be exported wrongly
14:30:27 | INFO: Extracting primitive: town_boundary_1_85-colonly
14:30:27 | INFO: Primitives created: 1
14:30:27 | WARNING: Mesh town_boundary_1_86-colonly is not valid, and may be exported wrongly
14:30:27 | INFO: Extracting primitive: town_boundary_1_86-colonly
14:30:27 | INFO: Primitives created: 1
14:30:27 | WARNING: Mesh town_boundary_1_87-colonly is not valid, and may be exported wrongly
14:30:27 | INFO: Extracting primitive: town_boundary_1_87-colonly
14:30:27 | INFO: Primitives created: 1
14:30:27 | WARNING: Mesh town_boundary_1_88-colonly is not valid, and may be exported wrongly
14:30:27 | INFO: Extracting primitive: town_boundary_1_88-colonly
14:30:27 | INFO: Primitives created: 1
14:30:27 | WARNING: Mesh town_boundary_1_89-colonly is not valid, and may be exported wrongly
14:30:27 | INFO: Extracting primitive: town_boundary_1_89-colonly
14:30:27 | INFO: Primitives created: 1
14:30:27 | WARNING: Mesh town_boundary_1_90-colonly is not valid, and may be exported wrongly
14:30:27 | INFO: Extracting primitive: town_boundary_1_90-colonly
14:30:27 | INFO: Primitives created: 1
14:30:27 | WARNING: Mesh town_boundary_1_91-colonly is not valid, and may be exported wrongly
14:30:27 | INFO: Extracting primitive: town_boundary_1_91-colonly
14:30:27 | INFO: Primitives created: 1
14:30:27 | WARNING: Mesh town_boundary_1_92-colonly is not valid, and may be exported wrongly
14:30:27 | INFO: Extracting primitive: town_boundary_1_92-colonly
14:30:27 | INFO: Primitives created: 1
14:30:27 | WARNING: Mesh town_boundary_1_93-colonly is not valid, and may be exported wrongly
14:30:27 | INFO: Extracting primitive: town_boundary_1_93-colonly
14:30:27 | INFO: Primitives created: 1
14:30:27 | WARNING: Mesh town_boundary_1_94-colonly is not valid, and may be exported wrongly
14:30:27 | INFO: Extracting primitive: town_boundary_1_94-colonly
14:30:27 | INFO: Primitives created: 1
14:30:27 | WARNING: Mesh town_boundary_1_95-colonly is not valid, and may be exported wrongly
14:30:27 | INFO: Extracting primitive: town_boundary_1_95-colonly
14:30:27 | INFO: Primitives created: 1
14:30:27 | WARNING: Mesh town_boundary_1_96-colonly is not valid, and may be exported wrongly
14:30:27 | INFO: Extracting primitive: town_boundary_1_96-colonly
14:30:27 | INFO: Primitives created: 1
14:30:27 | WARNING: Mesh town_boundary_1_97-colonly is not valid, and may be exported wrongly
14:30:27 | INFO: Extracting primitive: town_boundary_1_97-colonly
14:30:27 | INFO: Primitives created: 1
14:30:27 | WARNING: Mesh town_boundary_1_98-colonly is not valid, and may be exported wrongly
14:30:27 | INFO: Extracting primitive: town_boundary_1_98-colonly
14:30:27 | INFO: Primitives created: 1
14:30:27 | WARNING: Mesh town_boundary_1_99-colonly is not valid, and may be exported wrongly
14:30:27 | INFO: Extracting primitive: town_boundary_1_99-colonly
14:30:27 | INFO: Primitives created: 1
14:30:27 | WARNING: Mesh town_boundary_1_100-colonly is not valid, and may be exported wrongly
14:30:27 | INFO: Extracting primitive: town_boundary_1_100-colonly
14:30:27 | INFO: Primitives created: 1
14:30:27 | WARNING: Mesh town_boundary_1_101-colonly is not valid, and may be exported wrongly
14:30:27 | INFO: Extracting primitive: town_boundary_1_101-colonly
14:30:27 | INFO: Primitives created: 1
14:30:27 | WARNING: Mesh town_boundary_1_102-colonly is not valid, and may be exported wrongly
14:30:27 | INFO: Extracting primitive: town_boundary_1_102-colonly
14:30:27 | INFO: Primitives created: 1
14:30:27 | WARNING: Mesh town_boundary_1_103-colonly is not valid, and may be exported wrongly
14:30:27 | INFO: Extracting primitive: town_boundary_1_103-colonly
14:30:27 | INFO: Primitives created: 1
14:30:27 | WARNING: Mesh town_boundary_1_104-colonly is not valid, and may be exported wrongly
14:30:27 | INFO: Extracting primitive: town_boundary_1_104-colonly
14:30:27 | INFO: Primitives created: 1
14:30:27 | WARNING: Mesh town_boundary_1_105-colonly is not valid, and may be exported wrongly
14:30:27 | INFO: Extracting primitive: town_boundary_1_105-colonly
14:30:27 | INFO: Primitives created: 1
14:30:27 | WARNING: Mesh town_boundary_1_106-colonly is not valid, and may be exported wrongly
14:30:27 | INFO: Extracting primitive: town_boundary_1_106-colonly
14:30:27 | INFO: Primitives created: 1
14:30:27 | WARNING: Mesh town_boundary_1_107-colonly is not valid, and may be exported wrongly
14:30:27 | INFO: Extracting primitive: town_boundary_1_107-colonly
14:30:27 | INFO: Primitives created: 1
14:30:27 | WARNING: Mesh town_boundary_1_108-colonly is not valid, and may be exported wrongly
14:30:27 | INFO: Extracting primitive: town_boundary_1_108-colonly
14:30:27 | INFO: Primitives created: 1
14:30:27 | WARNING: Mesh town_boundary_1_109-colonly is not valid, and may be exported wrongly
14:30:27 | INFO: Extracting primitive: town_boundary_1_109-colonly
14:30:27 | INFO: Primitives created: 1
14:30:27 | WARNING: Mesh town_boundary_1_110-colonly is not valid, and may be exported wrongly
14:30:27 | INFO: Extracting primitive: town_boundary_1_110-colonly
14:30:27 | INFO: Primitives created: 1
14:30:27 | WARNING: Mesh town_boundary_1_111-colonly is not valid, and may be exported wrongly
14:30:27 | INFO: Extracting primitive: town_boundary_1_111-colonly
14:30:27 | INFO: Primitives created: 1
14:30:27 | WARNING: Mesh town_boundary_1_112-colonly is not valid, and may be exported wrongly
14:30:27 | INFO: Extracting primitive: town_boundary_1_112-colonly
14:30:27 | INFO: Primitives created: 1
14:30:27 | WARNING: Mesh town_boundary_1_113-colonly is not valid, and may be exported wrongly
14:30:27 | INFO: Extracting primitive: town_boundary_1_113-colonly
14:30:27 | INFO: Primitives created: 1
14:30:27 | WARNING: Mesh town_boundary_1_114-colonly is not valid, and may be exported wrongly
14:30:27 | INFO: Extracting primitive: town_boundary_1_114-colonly
14:30:27 | INFO: Primitives created: 1
14:30:27 | WARNING: Mesh town_boundary_1_115-colonly is not valid, and may be exported wrongly
14:30:27 | INFO: Extracting primitive: town_boundary_1_115-colonly
14:30:27 | INFO: Primitives created: 1
14:30:27 | WARNING: Mesh town_boundary_1_116-colonly is not valid, and may be exported wrongly
14:30:27 | INFO: Extracting primitive: town_boundary_1_116-colonly
14:30:27 | INFO: Primitives created: 1
14:30:27 | WARNING: Mesh town_boundary_1_117-colonly is not valid, and may be exported wrongly
14:30:27 | INFO: Extracting primitive: town_boundary_1_117-colonly
14:30:27 | INFO: Primitives created: 1
14:30:27 | WARNING: Mesh town_boundary_1_118-colonly is not valid, and may be exported wrongly
14:30:27 | INFO: Extracting primitive: town_boundary_1_118-colonly
14:30:27 | INFO: Primitives created: 1
14:30:27 | WARNING: Mesh town_boundary_1_119-colonly is not valid, and may be exported wrongly
14:30:27 | INFO: Extracting primitive: town_boundary_1_119-colonly
14:30:27 | INFO: Primitives created: 1
14:30:27 | WARNING: Mesh town_boundary_2_0-colonly is not valid, and may be exported wrongly
14:30:27 | INFO: Extracting primitive: town_boundary_2_0-colonly
14:30:27 | INFO: Primitives created: 1
14:30:27 | WARNING: Mesh town_boundary_2_1-colonly is not valid, and may be exported wrongly
14:30:27 | INFO: Extracting primitive: town_boundary_2_1-colonly
14:30:27 | INFO: Primitives created: 1
14:30:27 | WARNING: Mesh town_boundary_2_2-colonly is not valid, and may be exported wrongly
14:30:27 | INFO: Extracting primitive: town_boundary_2_2-colonly
14:30:27 | INFO: Primitives created: 1
14:30:27 | WARNING: Mesh town_boundary_2_3-colonly is not valid, and may be exported wrongly
14:30:27 | INFO: Extracting primitive: town_boundary_2_3-colonly
14:30:27 | INFO: Primitives created: 1
14:30:27 | WARNING: Mesh town_boundary_2_4-colonly is not valid, and may be exported wrongly
14:30:27 | INFO: Extracting primitive: town_boundary_2_4-colonly
14:30:27 | INFO: Primitives created: 1
14:30:27 | WARNING: Mesh town_boundary_2_5-colonly is not valid, and may be exported wrongly
14:30:27 | INFO: Extracting primitive: town_boundary_2_5-colonly
14:30:27 | INFO: Primitives created: 1
14:30:27 | WARNING: Mesh town_boundary_2_6-colonly is not valid, and may be exported wrongly
14:30:27 | INFO: Extracting primitive: town_boundary_2_6-colonly
14:30:27 | INFO: Primitives created: 1
14:30:27 | WARNING: Mesh town_boundary_2_7-colonly is not valid, and may be exported wrongly
14:30:27 | INFO: Extracting primitive: town_boundary_2_7-colonly
14:30:27 | INFO: Primitives created: 1
14:30:27 | WARNING: Mesh town_boundary_2_8-colonly is not valid, and may be exported wrongly
14:30:27 | INFO: Extracting primitive: town_boundary_2_8-colonly
14:30:27 | INFO: Primitives created: 1
14:30:27 | WARNING: Mesh town_boundary_2_9-colonly is not valid, and may be exported wrongly
14:30:27 | INFO: Extracting primitive: town_boundary_2_9-colonly
14:30:27 | INFO: Primitives created: 1
14:30:27 | WARNING: Mesh town_boundary_2_10-colonly is not valid, and may be exported wrongly
14:30:27 | INFO: Extracting primitive: town_boundary_2_10-colonly
14:30:27 | INFO: Primitives created: 1
14:30:27 | WARNING: Mesh town_boundary_2_11-colonly is not valid, and may be exported wrongly
14:30:27 | INFO: Extracting primitive: town_boundary_2_11-colonly
14:30:27 | INFO: Primitives created: 1
14:30:27 | WARNING: Mesh town_boundary_2_12-colonly is not valid, and may be exported wrongly
14:30:27 | INFO: Extracting primitive: town_boundary_2_12-colonly
14:30:27 | INFO: Primitives created: 1
14:30:27 | WARNING: Mesh town_boundary_2_13-colonly is not valid, and may be exported wrongly
14:30:27 | INFO: Extracting primitive: town_boundary_2_13-colonly
14:30:27 | INFO: Primitives created: 1
14:30:27 | WARNING: Mesh town_boundary_2_14-colonly is not valid, and may be exported wrongly
14:30:27 | INFO: Extracting primitive: town_boundary_2_14-colonly
14:30:27 | INFO: Primitives created: 1
14:30:27 | WARNING: Mesh town_boundary_2_15-colonly is not valid, and may be exported wrongly
14:30:27 | INFO: Extracting primitive: town_boundary_2_15-colonly
14:30:27 | INFO: Primitives created: 1
14:30:27 | WARNING: Mesh town_boundary_2_16-colonly is not valid, and may be exported wrongly
14:30:27 | INFO: Extracting primitive: town_boundary_2_16-colonly
14:30:27 | INFO: Primitives created: 1
14:30:27 | WARNING: Mesh town_boundary_2_17-colonly is not valid, and may be exported wrongly
14:30:27 | INFO: Extracting primitive: town_boundary_2_17-colonly
14:30:27 | INFO: Primitives created: 1
14:30:27 | WARNING: Mesh town_boundary_2_18-colonly is not valid, and may be exported wrongly
14:30:27 | INFO: Extracting primitive: town_boundary_2_18-colonly
14:30:27 | INFO: Primitives created: 1
14:30:27 | WARNING: Mesh town_boundary_2_19-colonly is not valid, and may be exported wrongly
14:30:27 | INFO: Extracting primitive: town_boundary_2_19-colonly
14:30:27 | INFO: Primitives created: 1
14:30:27 | WARNING: Mesh town_boundary_2_20-colonly is not valid, and may be exported wrongly
14:30:27 | INFO: Extracting primitive: town_boundary_2_20-colonly
14:30:27 | INFO: Primitives created: 1
14:30:27 | WARNING: Mesh town_boundary_2_21-colonly is not valid, and may be exported wrongly
14:30:27 | INFO: Extracting primitive: town_boundary_2_21-colonly
14:30:27 | INFO: Primitives created: 1
14:30:27 | WARNING: Mesh town_boundary_2_22-colonly is not valid, and may be exported wrongly
14:30:27 | INFO: Extracting primitive: town_boundary_2_22-colonly
14:30:27 | INFO: Primitives created: 1
14:30:27 | WARNING: Mesh town_boundary_2_23-colonly is not valid, and may be exported wrongly
14:30:27 | INFO: Extracting primitive: town_boundary_2_23-colonly
14:30:27 | INFO: Primitives created: 1
14:30:27 | WARNING: Mesh town_boundary_2_24-colonly is not valid, and may be exported wrongly
14:30:27 | INFO: Extracting primitive: town_boundary_2_24-colonly
14:30:27 | INFO: Primitives created: 1
14:30:27 | WARNING: Mesh town_boundary_2_25-colonly is not valid, and may be exported wrongly
14:30:27 | INFO: Extracting primitive: town_boundary_2_25-colonly
14:30:27 | INFO: Primitives created: 1
14:30:27 | WARNING: Mesh town_boundary_2_26-colonly is not valid, and may be exported wrongly
14:30:27 | INFO: Extracting primitive: town_boundary_2_26-colonly
14:30:27 | INFO: Primitives created: 1
14:30:27 | WARNING: Mesh town_boundary_2_27-colonly is not valid, and may be exported wrongly
14:30:27 | INFO: Extracting primitive: town_boundary_2_27-colonly
14:30:27 | INFO: Primitives created: 1
14:30:27 | WARNING: Mesh town_boundary_2_28-colonly is not valid, and may be exported wrongly
14:30:27 | INFO: Extracting primitive: town_boundary_2_28-colonly
14:30:27 | INFO: Primitives created: 1
14:30:27 | WARNING: Mesh town_boundary_2_29-colonly is not valid, and may be exported wrongly
14:30:27 | INFO: Extracting primitive: town_boundary_2_29-colonly
14:30:27 | INFO: Primitives created: 1
14:30:27 | WARNING: Mesh town_boundary_2_30-colonly is not valid, and may be exported wrongly
14:30:27 | INFO: Extracting primitive: town_boundary_2_30-colonly
14:30:27 | INFO: Primitives created: 1
14:30:27 | WARNING: Mesh town_boundary_2_31-colonly is not valid, and may be exported wrongly
14:30:27 | INFO: Extracting primitive: town_boundary_2_31-colonly
14:30:27 | INFO: Primitives created: 1
14:30:27 | WARNING: Mesh town_boundary_2_32-colonly is not valid, and may be exported wrongly
14:30:27 | INFO: Extracting primitive: town_boundary_2_32-colonly
14:30:27 | INFO: Primitives created: 1
14:30:27 | WARNING: Mesh town_boundary_2_33-colonly is not valid, and may be exported wrongly
14:30:27 | INFO: Extracting primitive: town_boundary_2_33-colonly
14:30:27 | INFO: Primitives created: 1
14:30:27 | WARNING: Mesh town_boundary_2_34-colonly is not valid, and may be exported wrongly
14:30:27 | INFO: Extracting primitive: town_boundary_2_34-colonly
14:30:27 | INFO: Primitives created: 1
14:30:27 | WARNING: Mesh town_boundary_2_35-colonly is not valid, and may be exported wrongly
14:30:27 | INFO: Extracting primitive: town_boundary_2_35-colonly
14:30:27 | INFO: Primitives created: 1
14:30:27 | WARNING: Mesh town_boundary_2_36-colonly is not valid, and may be exported wrongly
14:30:27 | INFO: Extracting primitive: town_boundary_2_36-colonly
14:30:27 | INFO: Primitives created: 1
14:30:27 | WARNING: Mesh town_boundary_2_37-colonly is not valid, and may be exported wrongly
14:30:27 | INFO: Extracting primitive: town_boundary_2_37-colonly
14:30:27 | INFO: Primitives created: 1
14:30:27 | WARNING: Mesh town_boundary_2_38-colonly is not valid, and may be exported wrongly
14:30:27 | INFO: Extracting primitive: town_boundary_2_38-colonly
14:30:27 | INFO: Primitives created: 1
14:30:27 | WARNING: Mesh town_boundary_2_39-colonly is not valid, and may be exported wrongly
14:30:27 | INFO: Extracting primitive: town_boundary_2_39-colonly
14:30:27 | INFO: Primitives created: 1
14:30:27 | WARNING: Mesh town_boundary_2_40-colonly is not valid, and may be exported wrongly
14:30:27 | INFO: Extracting primitive: town_boundary_2_40-colonly
14:30:27 | INFO: Primitives created: 1
14:30:27 | WARNING: Mesh town_boundary_2_41-colonly is not valid, and may be exported wrongly
14:30:27 | INFO: Extracting primitive: town_boundary_2_41-colonly
14:30:27 | INFO: Primitives created: 1
14:30:27 | WARNING: Mesh town_boundary_2_42-colonly is not valid, and may be exported wrongly
14:30:27 | INFO: Extracting primitive: town_boundary_2_42-colonly
14:30:27 | INFO: Primitives created: 1
14:30:27 | WARNING: Mesh town_boundary_2_43-colonly is not valid, and may be exported wrongly
14:30:27 | INFO: Extracting primitive: town_boundary_2_43-colonly
14:30:27 | INFO: Primitives created: 1
14:30:27 | WARNING: Mesh town_boundary_2_44-colonly is not valid, and may be exported wrongly
14:30:27 | INFO: Extracting primitive: town_boundary_2_44-colonly
14:30:27 | INFO: Primitives created: 1
14:30:27 | WARNING: Mesh town_boundary_2_45-colonly is not valid, and may be exported wrongly
14:30:27 | INFO: Extracting primitive: town_boundary_2_45-colonly
14:30:27 | INFO: Primitives created: 1
14:30:27 | WARNING: Mesh town_boundary_2_46-colonly is not valid, and may be exported wrongly
14:30:27 | INFO: Extracting primitive: town_boundary_2_46-colonly
14:30:27 | INFO: Primitives created: 1
14:30:27 | WARNING: Mesh town_boundary_2_47-colonly is not valid, and may be exported wrongly
14:30:27 | INFO: Extracting primitive: town_boundary_2_47-colonly
14:30:27 | INFO: Primitives created: 1
14:30:27 | WARNING: Mesh town_boundary_2_48-colonly is not valid, and may be exported wrongly
14:30:27 | INFO: Extracting primitive: town_boundary_2_48-colonly
14:30:27 | INFO: Primitives created: 1
14:30:27 | WARNING: Mesh town_boundary_2_49-colonly is not valid, and may be exported wrongly
14:30:27 | INFO: Extracting primitive: town_boundary_2_49-colonly
14:30:27 | INFO: Primitives created: 1
14:30:27 | WARNING: Mesh town_boundary_2_50-colonly is not valid, and may be exported wrongly
14:30:27 | INFO: Extracting primitive: town_boundary_2_50-colonly
14:30:27 | INFO: Primitives created: 1
14:30:27 | WARNING: Mesh town_boundary_2_51-colonly is not valid, and may be exported wrongly
14:30:27 | INFO: Extracting primitive: town_boundary_2_51-colonly
14:30:27 | INFO: Primitives created: 1
14:30:27 | WARNING: Mesh town_boundary_2_52-colonly is not valid, and may be exported wrongly
14:30:27 | INFO: Extracting primitive: town_boundary_2_52-colonly
14:30:27 | INFO: Primitives created: 1
14:30:27 | WARNING: Mesh town_boundary_2_53-colonly is not valid, and may be exported wrongly
14:30:27 | INFO: Extracting primitive: town_boundary_2_53-colonly
14:30:27 | INFO: Primitives created: 1
14:30:27 | WARNING: Mesh town_boundary_2_54-colonly is not valid, and may be exported wrongly
14:30:27 | INFO: Extracting primitive: town_boundary_2_54-colonly
14:30:27 | INFO: Primitives created: 1
14:30:27 | WARNING: Mesh town_boundary_2_55-colonly is not valid, and may be exported wrongly
14:30:27 | INFO: Extracting primitive: town_boundary_2_55-colonly
14:30:27 | INFO: Primitives created: 1
14:30:27 | WARNING: Mesh town_boundary_2_56-colonly is not valid, and may be exported wrongly
14:30:27 | INFO: Extracting primitive: town_boundary_2_56-colonly
14:30:27 | INFO: Primitives created: 1
14:30:27 | WARNING: Mesh town_boundary_2_57-colonly is not valid, and may be exported wrongly
14:30:27 | INFO: Extracting primitive: town_boundary_2_57-colonly
14:30:27 | INFO: Primitives created: 1
14:30:27 | WARNING: Mesh town_boundary_2_58-colonly is not valid, and may be exported wrongly
14:30:27 | INFO: Extracting primitive: town_boundary_2_58-colonly
14:30:27 | INFO: Primitives created: 1
14:30:27 | WARNING: Mesh town_boundary_2_59-colonly is not valid, and may be exported wrongly
14:30:27 | INFO: Extracting primitive: town_boundary_2_59-colonly
14:30:27 | INFO: Primitives created: 1
14:30:27 | WARNING: Mesh town_boundary_2_60-colonly is not valid, and may be exported wrongly
14:30:27 | INFO: Extracting primitive: town_boundary_2_60-colonly
14:30:27 | INFO: Primitives created: 1
14:30:27 | WARNING: Mesh town_boundary_2_61-colonly is not valid, and may be exported wrongly
14:30:27 | INFO: Extracting primitive: town_boundary_2_61-colonly
14:30:27 | INFO: Primitives created: 1
14:30:27 | WARNING: Mesh town_boundary_2_62-colonly is not valid, and may be exported wrongly
14:30:27 | INFO: Extracting primitive: town_boundary_2_62-colonly
14:30:27 | INFO: Primitives created: 1
14:30:27 | WARNING: Mesh town_boundary_2_63-colonly is not valid, and may be exported wrongly
14:30:27 | INFO: Extracting primitive: town_boundary_2_63-colonly
14:30:27 | INFO: Primitives created: 1
14:30:27 | WARNING: Mesh town_boundary_2_64-colonly is not valid, and may be exported wrongly
14:30:27 | INFO: Extracting primitive: town_boundary_2_64-colonly
14:30:27 | INFO: Primitives created: 1
14:30:27 | WARNING: Mesh town_boundary_2_65-colonly is not valid, and may be exported wrongly
14:30:27 | INFO: Extracting primitive: town_boundary_2_65-colonly
14:30:27 | INFO: Primitives created: 1
14:30:27 | WARNING: Mesh town_boundary_2_66-colonly is not valid, and may be exported wrongly
14:30:27 | INFO: Extracting primitive: town_boundary_2_66-colonly
14:30:27 | INFO: Primitives created: 1
14:30:27 | WARNING: Mesh town_boundary_2_67-colonly is not valid, and may be exported wrongly
14:30:27 | INFO: Extracting primitive: town_boundary_2_67-colonly
14:30:27 | INFO: Primitives created: 1
14:30:27 | WARNING: Mesh town_boundary_2_68-colonly is not valid, and may be exported wrongly
14:30:27 | INFO: Extracting primitive: town_boundary_2_68-colonly
14:30:27 | INFO: Primitives created: 1
14:30:27 | WARNING: Mesh town_boundary_2_69-colonly is not valid, and may be exported wrongly
14:30:27 | INFO: Extracting primitive: town_boundary_2_69-colonly
14:30:27 | INFO: Primitives created: 1
14:30:27 | WARNING: Mesh town_boundary_2_70-colonly is not valid, and may be exported wrongly
14:30:27 | INFO: Extracting primitive: town_boundary_2_70-colonly
14:30:27 | INFO: Primitives created: 1
14:30:27 | WARNING: Mesh town_boundary_2_71-colonly is not valid, and may be exported wrongly
14:30:27 | INFO: Extracting primitive: town_boundary_2_71-colonly
14:30:27 | INFO: Primitives created: 1
14:30:27 | WARNING: Mesh town_boundary_2_72-colonly is not valid, and may be exported wrongly
14:30:27 | INFO: Extracting primitive: town_boundary_2_72-colonly
14:30:27 | INFO: Primitives created: 1
14:30:27 | WARNING: Mesh town_boundary_2_73-colonly is not valid, and may be exported wrongly
14:30:27 | INFO: Extracting primitive: town_boundary_2_73-colonly
14:30:27 | INFO: Primitives created: 1
14:30:27 | WARNING: Mesh town_boundary_2_74-colonly is not valid, and may be exported wrongly
14:30:27 | INFO: Extracting primitive: town_boundary_2_74-colonly
14:30:27 | INFO: Primitives created: 1
14:30:27 | WARNING: Mesh town_boundary_2_75-colonly is not valid, and may be exported wrongly
14:30:27 | INFO: Extracting primitive: town_boundary_2_75-colonly
14:30:27 | INFO: Primitives created: 1
14:30:27 | WARNING: Mesh town_boundary_2_76-colonly is not valid, and may be exported wrongly
14:30:27 | INFO: Extracting primitive: town_boundary_2_76-colonly
14:30:27 | INFO: Primitives created: 1
14:30:27 | WARNING: Mesh town_boundary_2_77-colonly is not valid, and may be exported wrongly
14:30:27 | INFO: Extracting primitive: town_boundary_2_77-colonly
14:30:27 | INFO: Primitives created: 1
14:30:27 | WARNING: Mesh town_boundary_2_78-colonly is not valid, and may be exported wrongly
14:30:27 | INFO: Extracting primitive: town_boundary_2_78-colonly
14:30:27 | INFO: Primitives created: 1
14:30:27 | WARNING: Mesh town_boundary_2_79-colonly is not valid, and may be exported wrongly
14:30:27 | INFO: Extracting primitive: town_boundary_2_79-colonly
14:30:27 | INFO: Primitives created: 1
14:30:27 | WARNING: Mesh town_boundary_2_80-colonly is not valid, and may be exported wrongly
14:30:27 | INFO: Extracting primitive: town_boundary_2_80-colonly
14:30:27 | INFO: Primitives created: 1
14:30:27 | WARNING: Mesh town_boundary_2_81-colonly is not valid, and may be exported wrongly
14:30:27 | INFO: Extracting primitive: town_boundary_2_81-colonly
14:30:27 | INFO: Primitives created: 1
14:30:27 | WARNING: Mesh town_boundary_2_82-colonly is not valid, and may be exported wrongly
14:30:27 | INFO: Extracting primitive: town_boundary_2_82-colonly
14:30:27 | INFO: Primitives created: 1
14:30:27 | WARNING: Mesh town_boundary_2_83-colonly is not valid, and may be exported wrongly
14:30:27 | INFO: Extracting primitive: town_boundary_2_83-colonly
14:30:27 | INFO: Primitives created: 1
14:30:27 | WARNING: Mesh town_boundary_2_84-colonly is not valid, and may be exported wrongly
14:30:27 | INFO: Extracting primitive: town_boundary_2_84-colonly
14:30:27 | INFO: Primitives created: 1
14:30:27 | WARNING: Mesh town_boundary_2_85-colonly is not valid, and may be exported wrongly
14:30:27 | INFO: Extracting primitive: town_boundary_2_85-colonly
14:30:27 | INFO: Primitives created: 1
14:30:27 | WARNING: Mesh town_boundary_2_86-colonly is not valid, and may be exported wrongly
14:30:27 | INFO: Extracting primitive: town_boundary_2_86-colonly
14:30:27 | INFO: Primitives created: 1
14:30:27 | WARNING: Mesh town_boundary_2_87-colonly is not valid, and may be exported wrongly
14:30:27 | INFO: Extracting primitive: town_boundary_2_87-colonly
14:30:27 | INFO: Primitives created: 1
14:30:27 | WARNING: Mesh town_boundary_2_88-colonly is not valid, and may be exported wrongly
14:30:27 | INFO: Extracting primitive: town_boundary_2_88-colonly
14:30:27 | INFO: Primitives created: 1
14:30:27 | WARNING: Mesh town_boundary_2_89-colonly is not valid, and may be exported wrongly
14:30:27 | INFO: Extracting primitive: town_boundary_2_89-colonly
14:30:27 | INFO: Primitives created: 1
14:30:27 | WARNING: Mesh town_boundary_2_90-colonly is not valid, and may be exported wrongly
14:30:27 | INFO: Extracting primitive: town_boundary_2_90-colonly
14:30:27 | INFO: Primitives created: 1
14:30:27 | WARNING: Mesh town_boundary_2_91-colonly is not valid, and may be exported wrongly
14:30:27 | INFO: Extracting primitive: town_boundary_2_91-colonly
14:30:27 | INFO: Primitives created: 1
14:30:27 | WARNING: Mesh town_boundary_2_92-colonly is not valid, and may be exported wrongly
14:30:27 | INFO: Extracting primitive: town_boundary_2_92-colonly
14:30:27 | INFO: Primitives created: 1
14:30:27 | WARNING: Mesh town_boundary_2_93-colonly is not valid, and may be exported wrongly
14:30:27 | INFO: Extracting primitive: town_boundary_2_93-colonly
14:30:27 | INFO: Primitives created: 1
14:30:27 | WARNING: Mesh town_boundary_2_94-colonly is not valid, and may be exported wrongly
14:30:27 | INFO: Extracting primitive: town_boundary_2_94-colonly
14:30:27 | INFO: Primitives created: 1
14:30:27 | WARNING: Mesh town_boundary_2_95-colonly is not valid, and may be exported wrongly
14:30:27 | INFO: Extracting primitive: town_boundary_2_95-colonly
14:30:27 | INFO: Primitives created: 1
14:30:27 | WARNING: Mesh town_boundary_2_96-colonly is not valid, and may be exported wrongly
14:30:27 | INFO: Extracting primitive: town_boundary_2_96-colonly
14:30:27 | INFO: Primitives created: 1
14:30:27 | WARNING: Mesh town_boundary_2_97-colonly is not valid, and may be exported wrongly
14:30:27 | INFO: Extracting primitive: town_boundary_2_97-colonly
14:30:27 | INFO: Primitives created: 1
14:30:27 | WARNING: Mesh town_boundary_2_98-colonly is not valid, and may be exported wrongly
14:30:27 | INFO: Extracting primitive: town_boundary_2_98-colonly
14:30:27 | INFO: Primitives created: 1
14:30:27 | WARNING: Mesh town_boundary_2_99-colonly is not valid, and may be exported wrongly
14:30:27 | INFO: Extracting primitive: town_boundary_2_99-colonly
14:30:27 | INFO: Primitives created: 1
14:30:27 | WARNING: Mesh town_boundary_2_100-colonly is not valid, and may be exported wrongly
14:30:27 | INFO: Extracting primitive: town_boundary_2_100-colonly
14:30:27 | INFO: Primitives created: 1
14:30:27 | WARNING: Mesh town_boundary_2_101-colonly is not valid, and may be exported wrongly
14:30:27 | INFO: Extracting primitive: town_boundary_2_101-colonly
14:30:27 | INFO: Primitives created: 1
14:30:27 | WARNING: Mesh town_boundary_2_102-colonly is not valid, and may be exported wrongly
14:30:27 | INFO: Extracting primitive: town_boundary_2_102-colonly
14:30:27 | INFO: Primitives created: 1
14:30:27 | WARNING: Mesh town_boundary_2_103-colonly is not valid, and may be exported wrongly
14:30:27 | INFO: Extracting primitive: town_boundary_2_103-colonly
14:30:27 | INFO: Primitives created: 1
14:30:27 | WARNING: Mesh town_boundary_2_104-colonly is not valid, and may be exported wrongly
14:30:27 | INFO: Extracting primitive: town_boundary_2_104-colonly
14:30:27 | INFO: Primitives created: 1
14:30:27 | WARNING: Mesh town_boundary_2_105-colonly is not valid, and may be exported wrongly
14:30:27 | INFO: Extracting primitive: town_boundary_2_105-colonly
14:30:27 | INFO: Primitives created: 1
14:30:27 | WARNING: Mesh town_boundary_2_106-colonly is not valid, and may be exported wrongly
14:30:27 | INFO: Extracting primitive: town_boundary_2_106-colonly
14:30:27 | INFO: Primitives created: 1
14:30:27 | WARNING: Mesh town_boundary_2_107-colonly is not valid, and may be exported wrongly
14:30:27 | INFO: Extracting primitive: town_boundary_2_107-colonly
14:30:27 | INFO: Primitives created: 1
14:30:27 | WARNING: Mesh town_boundary_2_108-colonly is not valid, and may be exported wrongly
14:30:27 | INFO: Extracting primitive: town_boundary_2_108-colonly
14:30:27 | INFO: Primitives created: 1
14:30:27 | WARNING: Mesh town_boundary_2_109-colonly is not valid, and may be exported wrongly
14:30:27 | INFO: Extracting primitive: town_boundary_2_109-colonly
14:30:27 | INFO: Primitives created: 1
14:30:27 | WARNING: Mesh town_boundary_2_110-colonly is not valid, and may be exported wrongly
14:30:27 | INFO: Extracting primitive: town_boundary_2_110-colonly
14:30:27 | INFO: Primitives created: 1
14:30:27 | WARNING: Mesh town_boundary_2_111-colonly is not valid, and may be exported wrongly
14:30:27 | INFO: Extracting primitive: town_boundary_2_111-colonly
14:30:27 | INFO: Primitives created: 1
14:30:27 | WARNING: Mesh town_boundary_2_112-colonly is not valid, and may be exported wrongly
14:30:27 | INFO: Extracting primitive: town_boundary_2_112-colonly
14:30:27 | INFO: Primitives created: 1
14:30:27 | WARNING: Mesh town_boundary_2_113-colonly is not valid, and may be exported wrongly
14:30:27 | INFO: Extracting primitive: town_boundary_2_113-colonly
14:30:27 | INFO: Primitives created: 1
14:30:27 | WARNING: Mesh town_boundary_2_114-colonly is not valid, and may be exported wrongly
14:30:27 | INFO: Extracting primitive: town_boundary_2_114-colonly
14:30:27 | INFO: Primitives created: 1
14:30:27 | WARNING: Mesh town_boundary_2_115-colonly is not valid, and may be exported wrongly
14:30:27 | INFO: Extracting primitive: town_boundary_2_115-colonly
14:30:27 | INFO: Primitives created: 1
14:30:27 | WARNING: Mesh town_boundary_2_116-colonly is not valid, and may be exported wrongly
14:30:27 | INFO: Extracting primitive: town_boundary_2_116-colonly
14:30:27 | INFO: Primitives created: 1
14:30:27 | WARNING: Mesh town_boundary_2_117-colonly is not valid, and may be exported wrongly
14:30:27 | INFO: Extracting primitive: town_boundary_2_117-colonly
14:30:27 | INFO: Primitives created: 1
14:30:27 | WARNING: Mesh town_boundary_2_118-colonly is not valid, and may be exported wrongly
14:30:27 | INFO: Extracting primitive: town_boundary_2_118-colonly
14:30:27 | INFO: Primitives created: 1
14:30:27 | WARNING: Mesh town_boundary_2_119-colonly is not valid, and may be exported wrongly
14:30:27 | INFO: Extracting primitive: town_boundary_2_119-colonly
14:30:27 | INFO: Primitives created: 1
14:30:27 | WARNING: Mesh town_boundary_2_120-colonly is not valid, and may be exported wrongly
14:30:27 | INFO: Extracting primitive: town_boundary_2_120-colonly
14:30:27 | INFO: Primitives created: 1
14:30:27 | WARNING: Mesh town_boundary_2_121-colonly is not valid, and may be exported wrongly
14:30:27 | INFO: Extracting primitive: town_boundary_2_121-colonly
14:30:27 | INFO: Primitives created: 1
14:30:27 | WARNING: Mesh town_boundary_2_122-colonly is not valid, and may be exported wrongly
14:30:27 | INFO: Extracting primitive: town_boundary_2_122-colonly
14:30:27 | INFO: Primitives created: 1
14:30:27 | WARNING: Mesh town_boundary_2_123-colonly is not valid, and may be exported wrongly
14:30:27 | INFO: Extracting primitive: town_boundary_2_123-colonly
14:30:27 | INFO: Primitives created: 1
14:30:27 | WARNING: Mesh town_boundary_2_124-colonly is not valid, and may be exported wrongly
14:30:27 | INFO: Extracting primitive: town_boundary_2_124-colonly
14:30:27 | INFO: Primitives created: 1
14:30:27 | WARNING: Mesh town_boundary_2_125-colonly is not valid, and may be exported wrongly
14:30:27 | INFO: Extracting primitive: town_boundary_2_125-colonly
14:30:27 | INFO: Primitives created: 1
14:30:27 | WARNING: Mesh town_boundary_2_126-colonly is not valid, and may be exported wrongly
14:30:27 | INFO: Extracting primitive: town_boundary_2_126-colonly
14:30:27 | INFO: Primitives created: 1
14:30:27 | WARNING: Mesh town_boundary_2_127-colonly is not valid, and may be exported wrongly
14:30:27 | INFO: Extracting primitive: town_boundary_2_127-colonly
14:30:27 | INFO: Primitives created: 1
14:30:27 | WARNING: Mesh town_boundary_2_128-colonly is not valid, and may be exported wrongly
14:30:27 | INFO: Extracting primitive: town_boundary_2_128-colonly
14:30:27 | INFO: Primitives created: 1
14:30:27 | WARNING: Mesh town_boundary_2_129-colonly is not valid, and may be exported wrongly
14:30:27 | INFO: Extracting primitive: town_boundary_2_129-colonly
14:30:27 | INFO: Primitives created: 1
14:30:27 | WARNING: Mesh town_boundary_2_130-colonly is not valid, and may be exported wrongly
14:30:27 | INFO: Extracting primitive: town_boundary_2_130-colonly
14:30:27 | INFO: Primitives created: 1
14:30:27 | WARNING: Mesh town_boundary_2_131-colonly is not valid, and may be exported wrongly
14:30:27 | INFO: Extracting primitive: town_boundary_2_131-colonly
14:30:27 | INFO: Primitives created: 1
14:30:27 | WARNING: Mesh town_boundary_2_132-colonly is not valid, and may be exported wrongly
14:30:27 | INFO: Extracting primitive: town_boundary_2_132-colonly
14:30:27 | INFO: Primitives created: 1
14:30:27 | WARNING: Mesh town_boundary_2_133-colonly is not valid, and may be exported wrongly
14:30:27 | INFO: Extracting primitive: town_boundary_2_133-colonly
14:30:27 | INFO: Primitives created: 1
14:30:27 | WARNING: Mesh town_boundary_2_134-colonly is not valid, and may be exported wrongly
14:30:27 | INFO: Extracting primitive: town_boundary_2_134-colonly
14:30:27 | INFO: Primitives created: 1
14:30:27 | WARNING: Mesh town_boundary_2_135-colonly is not valid, and may be exported wrongly
14:30:27 | INFO: Extracting primitive: town_boundary_2_135-colonly
14:30:27 | INFO: Primitives created: 1
14:30:27 | WARNING: Mesh town_boundary_2_136-colonly is not valid, and may be exported wrongly
14:30:27 | INFO: Extracting primitive: town_boundary_2_136-colonly
14:30:27 | INFO: Primitives created: 1
14:30:27 | WARNING: Mesh town_boundary_2_137-colonly is not valid, and may be exported wrongly
14:30:27 | INFO: Extracting primitive: town_boundary_2_137-colonly
14:30:27 | INFO: Primitives created: 1
14:30:27 | WARNING: Mesh town_boundary_2_138-colonly is not valid, and may be exported wrongly
14:30:27 | INFO: Extracting primitive: town_boundary_2_138-colonly
14:30:27 | INFO: Primitives created: 1
14:30:27 | WARNING: Mesh town_boundary_2_139-colonly is not valid, and may be exported wrongly
14:30:27 | INFO: Extracting primitive: town_boundary_2_139-colonly
14:30:27 | INFO: Primitives created: 1
14:30:27 | WARNING: Mesh town_boundary_2_140-colonly is not valid, and may be exported wrongly
14:30:27 | INFO: Extracting primitive: town_boundary_2_140-colonly
14:30:27 | INFO: Primitives created: 1
14:30:27 | WARNING: Mesh town_boundary_2_141-colonly is not valid, and may be exported wrongly
14:30:27 | INFO: Extracting primitive: town_boundary_2_141-colonly
14:30:27 | INFO: Primitives created: 1
14:30:27 | WARNING: Mesh town_boundary_2_142-colonly is not valid, and may be exported wrongly
14:30:27 | INFO: Extracting primitive: town_boundary_2_142-colonly
14:30:27 | INFO: Primitives created: 1
14:30:27 | WARNING: Mesh town_boundary_2_143-colonly is not valid, and may be exported wrongly
14:30:27 | INFO: Extracting primitive: town_boundary_2_143-colonly
14:30:27 | INFO: Primitives created: 1
14:30:27 | WARNING: Mesh town_boundary_2_144-colonly is not valid, and may be exported wrongly
14:30:27 | INFO: Extracting primitive: town_boundary_2_144-colonly
14:30:27 | INFO: Primitives created: 1
14:30:27 | WARNING: Mesh town_boundary_2_145-colonly is not valid, and may be exported wrongly
14:30:27 | INFO: Extracting primitive: town_boundary_2_145-colonly
14:30:27 | INFO: Primitives created: 1
14:30:27 | WARNING: Mesh town_boundary_2_146-colonly is not valid, and may be exported wrongly
14:30:27 | INFO: Extracting primitive: town_boundary_2_146-colonly
14:30:27 | INFO: Primitives created: 1
14:30:27 | WARNING: Mesh town_boundary_2_147-colonly is not valid, and may be exported wrongly
14:30:27 | INFO: Extracting primitive: town_boundary_2_147-colonly
14:30:27 | INFO: Primitives created: 1
14:30:27 | WARNING: Mesh town_boundary_2_148-colonly is not valid, and may be exported wrongly
14:30:27 | INFO: Extracting primitive: town_boundary_2_148-colonly
14:30:27 | INFO: Primitives created: 1
14:30:27 | WARNING: Mesh town_boundary_2_149-colonly is not valid, and may be exported wrongly
14:30:27 | INFO: Extracting primitive: town_boundary_2_149-colonly
14:30:27 | INFO: Primitives created: 1
14:30:27 | WARNING: Mesh town_boundary_2_150-colonly is not valid, and may be exported wrongly
14:30:27 | INFO: Extracting primitive: town_boundary_2_150-colonly
14:30:27 | INFO: Primitives created: 1
14:30:27 | WARNING: Mesh town_boundary_2_151-colonly is not valid, and may be exported wrongly
14:30:27 | INFO: Extracting primitive: town_boundary_2_151-colonly
14:30:27 | INFO: Primitives created: 1
14:30:27 | WARNING: Mesh town_boundary_2_152-colonly is not valid, and may be exported wrongly
14:30:27 | INFO: Extracting primitive: town_boundary_2_152-colonly
14:30:27 | INFO: Primitives created: 1
14:30:27 | WARNING: Mesh town_boundary_2_153-colonly is not valid, and may be exported wrongly
14:30:27 | INFO: Extracting primitive: town_boundary_2_153-colonly
14:30:27 | INFO: Primitives created: 1
14:30:27 | WARNING: Mesh town_boundary_2_154-colonly is not valid, and may be exported wrongly
14:30:27 | INFO: Extracting primitive: town_boundary_2_154-colonly
14:30:27 | INFO: Primitives created: 1
14:30:27 | WARNING: Mesh town_boundary_2_155-colonly is not valid, and may be exported wrongly
14:30:27 | INFO: Extracting primitive: town_boundary_2_155-colonly
14:30:27 | INFO: Primitives created: 1
14:30:27 | WARNING: Mesh town_boundary_2_156-colonly is not valid, and may be exported wrongly
14:30:27 | INFO: Extracting primitive: town_boundary_2_156-colonly
14:30:27 | INFO: Primitives created: 1
14:30:27 | WARNING: Mesh town_boundary_2_157-colonly is not valid, and may be exported wrongly
14:30:27 | INFO: Extracting primitive: town_boundary_2_157-colonly
14:30:27 | INFO: Primitives created: 1
14:30:27 | WARNING: Mesh town_boundary_2_158-colonly is not valid, and may be exported wrongly
14:30:27 | INFO: Extracting primitive: town_boundary_2_158-colonly
14:30:27 | INFO: Primitives created: 1
14:30:27 | WARNING: Mesh town_boundary_2_159-colonly is not valid, and may be exported wrongly
14:30:27 | INFO: Extracting primitive: town_boundary_2_159-colonly
14:30:27 | INFO: Primitives created: 1
14:30:27 | WARNING: Mesh town_boundary_3_0-colonly is not valid, and may be exported wrongly
14:30:27 | INFO: Extracting primitive: town_boundary_3_0-colonly
14:30:27 | INFO: Primitives created: 1
14:30:27 | WARNING: Mesh town_boundary_3_1-colonly is not valid, and may be exported wrongly
14:30:27 | INFO: Extracting primitive: town_boundary_3_1-colonly
14:30:27 | INFO: Primitives created: 1
14:30:27 | WARNING: Mesh town_boundary_3_2-colonly is not valid, and may be exported wrongly
14:30:27 | INFO: Extracting primitive: town_boundary_3_2-colonly
14:30:27 | INFO: Primitives created: 1
14:30:27 | WARNING: Mesh town_boundary_3_3-colonly is not valid, and may be exported wrongly
14:30:27 | INFO: Extracting primitive: town_boundary_3_3-colonly
14:30:27 | INFO: Primitives created: 1
14:30:27 | WARNING: Mesh town_boundary_3_4-colonly is not valid, and may be exported wrongly
14:30:27 | INFO: Extracting primitive: town_boundary_3_4-colonly
14:30:27 | INFO: Primitives created: 1
14:30:27 | WARNING: Mesh town_boundary_3_5-colonly is not valid, and may be exported wrongly
14:30:27 | INFO: Extracting primitive: town_boundary_3_5-colonly
14:30:27 | INFO: Primitives created: 1
14:30:27 | WARNING: Mesh town_boundary_3_6-colonly is not valid, and may be exported wrongly
14:30:27 | INFO: Extracting primitive: town_boundary_3_6-colonly
14:30:27 | INFO: Primitives created: 1
14:30:27 | WARNING: Mesh town_boundary_3_7-colonly is not valid, and may be exported wrongly
14:30:27 | INFO: Extracting primitive: town_boundary_3_7-colonly
14:30:27 | INFO: Primitives created: 1
14:30:27 | WARNING: Mesh town_boundary_3_8-colonly is not valid, and may be exported wrongly
14:30:27 | INFO: Extracting primitive: town_boundary_3_8-colonly
14:30:27 | INFO: Primitives created: 1
14:30:27 | WARNING: Mesh town_boundary_3_9-colonly is not valid, and may be exported wrongly
14:30:27 | INFO: Extracting primitive: town_boundary_3_9-colonly
14:30:27 | INFO: Primitives created: 1
14:30:27 | WARNING: Mesh town_boundary_3_10-colonly is not valid, and may be exported wrongly
14:30:27 | INFO: Extracting primitive: town_boundary_3_10-colonly
14:30:27 | INFO: Primitives created: 1
14:30:27 | WARNING: Mesh town_boundary_3_11-colonly is not valid, and may be exported wrongly
14:30:27 | INFO: Extracting primitive: town_boundary_3_11-colonly
14:30:27 | INFO: Primitives created: 1
14:30:27 | WARNING: Mesh town_boundary_3_12-colonly is not valid, and may be exported wrongly
14:30:27 | INFO: Extracting primitive: town_boundary_3_12-colonly
14:30:27 | INFO: Primitives created: 1
14:30:27 | WARNING: Mesh town_boundary_3_13-colonly is not valid, and may be exported wrongly
14:30:27 | INFO: Extracting primitive: town_boundary_3_13-colonly
14:30:27 | INFO: Primitives created: 1
14:30:27 | WARNING: Mesh town_boundary_3_14-colonly is not valid, and may be exported wrongly
14:30:27 | INFO: Extracting primitive: town_boundary_3_14-colonly
14:30:27 | INFO: Primitives created: 1
14:30:27 | WARNING: Mesh town_boundary_3_15-colonly is not valid, and may be exported wrongly
14:30:27 | INFO: Extracting primitive: town_boundary_3_15-colonly
14:30:27 | INFO: Primitives created: 1
14:30:27 | WARNING: Mesh town_boundary_3_16-colonly is not valid, and may be exported wrongly
14:30:27 | INFO: Extracting primitive: town_boundary_3_16-colonly
14:30:27 | INFO: Primitives created: 1
14:30:27 | WARNING: Mesh town_boundary_3_17-colonly is not valid, and may be exported wrongly
14:30:27 | INFO: Extracting primitive: town_boundary_3_17-colonly
14:30:27 | INFO: Primitives created: 1
14:30:27 | WARNING: Mesh town_boundary_3_18-colonly is not valid, and may be exported wrongly
14:30:27 | INFO: Extracting primitive: town_boundary_3_18-colonly
14:30:27 | INFO: Primitives created: 1
14:30:27 | WARNING: Mesh town_boundary_3_19-colonly is not valid, and may be exported wrongly
14:30:27 | INFO: Extracting primitive: town_boundary_3_19-colonly
14:30:27 | INFO: Primitives created: 1
14:30:27 | WARNING: Mesh town_boundary_3_20-colonly is not valid, and may be exported wrongly
14:30:27 | INFO: Extracting primitive: town_boundary_3_20-colonly
14:30:27 | INFO: Primitives created: 1
14:30:27 | WARNING: Mesh town_boundary_3_21-colonly is not valid, and may be exported wrongly
14:30:27 | INFO: Extracting primitive: town_boundary_3_21-colonly
14:30:27 | INFO: Primitives created: 1
14:30:27 | WARNING: Mesh town_boundary_4_0-colonly is not valid, and may be exported wrongly
14:30:27 | INFO: Extracting primitive: town_boundary_4_0-colonly
14:30:27 | INFO: Primitives created: 1
14:30:27 | WARNING: Mesh town_boundary_4_1-colonly is not valid, and may be exported wrongly
14:30:27 | INFO: Extracting primitive: town_boundary_4_1-colonly
14:30:27 | INFO: Primitives created: 1
14:30:27 | WARNING: Mesh town_boundary_4_2-colonly is not valid, and may be exported wrongly
14:30:27 | INFO: Extracting primitive: town_boundary_4_2-colonly
14:30:27 | INFO: Primitives created: 1
14:30:27 | WARNING: Mesh town_boundary_4_3-colonly is not valid, and may be exported wrongly
14:30:27 | INFO: Extracting primitive: town_boundary_4_3-colonly
14:30:27 | INFO: Primitives created: 1
14:30:27 | WARNING: Mesh town_boundary_4_4-colonly is not valid, and may be exported wrongly
14:30:27 | INFO: Extracting primitive: town_boundary_4_4-colonly
14:30:27 | INFO: Primitives created: 1
14:30:27 | WARNING: Mesh town_boundary_4_5-colonly is not valid, and may be exported wrongly
14:30:27 | INFO: Extracting primitive: town_boundary_4_5-colonly
14:30:27 | INFO: Primitives created: 1
14:30:27 | WARNING: Mesh town_boundary_4_6-colonly is not valid, and may be exported wrongly
14:30:27 | INFO: Extracting primitive: town_boundary_4_6-colonly
14:30:27 | INFO: Primitives created: 1
14:30:27 | WARNING: Mesh town_boundary_4_7-colonly is not valid, and may be exported wrongly
14:30:27 | INFO: Extracting primitive: town_boundary_4_7-colonly
14:30:27 | INFO: Primitives created: 1
14:30:27 | WARNING: Mesh town_boundary_4_8-colonly is not valid, and may be exported wrongly
14:30:27 | INFO: Extracting primitive: town_boundary_4_8-colonly
14:30:27 | INFO: Primitives created: 1
14:30:27 | WARNING: Mesh town_boundary_4_9-colonly is not valid, and may be exported wrongly
14:30:27 | INFO: Extracting primitive: town_boundary_4_9-colonly
14:30:27 | INFO: Primitives created: 1
14:30:27 | WARNING: Mesh town_boundary_4_10-colonly is not valid, and may be exported wrongly
14:30:27 | INFO: Extracting primitive: town_boundary_4_10-colonly
14:30:27 | INFO: Primitives created: 1
14:30:27 | WARNING: Mesh town_boundary_4_11-colonly is not valid, and may be exported wrongly
14:30:27 | INFO: Extracting primitive: town_boundary_4_11-colonly
14:30:27 | INFO: Primitives created: 1
14:30:27 | WARNING: Mesh town_boundary_4_12-colonly is not valid, and may be exported wrongly
14:30:27 | INFO: Extracting primitive: town_boundary_4_12-colonly
14:30:27 | INFO: Primitives created: 1
14:30:27 | WARNING: Mesh town_boundary_4_13-colonly is not valid, and may be exported wrongly
14:30:27 | INFO: Extracting primitive: town_boundary_4_13-colonly
14:30:27 | INFO: Primitives created: 1
14:30:27 | WARNING: Mesh town_boundary_4_14-colonly is not valid, and may be exported wrongly
14:30:27 | INFO: Extracting primitive: town_boundary_4_14-colonly
14:30:27 | INFO: Primitives created: 1
14:30:27 | WARNING: Mesh town_boundary_4_15-colonly is not valid, and may be exported wrongly
14:30:27 | INFO: Extracting primitive: town_boundary_4_15-colonly
14:30:27 | INFO: Primitives created: 1
14:30:27 | WARNING: Mesh town_boundary_4_16-colonly is not valid, and may be exported wrongly
14:30:27 | INFO: Extracting primitive: town_boundary_4_16-colonly
14:30:27 | INFO: Primitives created: 1
14:30:27 | WARNING: Mesh town_boundary_4_17-colonly is not valid, and may be exported wrongly
14:30:27 | INFO: Extracting primitive: town_boundary_4_17-colonly
14:30:27 | INFO: Primitives created: 1
14:30:27 | WARNING: Mesh town_boundary_4_18-colonly is not valid, and may be exported wrongly
14:30:27 | INFO: Extracting primitive: town_boundary_4_18-colonly
14:30:27 | INFO: Primitives created: 1
14:30:27 | WARNING: Mesh town_boundary_4_19-colonly is not valid, and may be exported wrongly
14:30:27 | INFO: Extracting primitive: town_boundary_4_19-colonly
14:30:27 | INFO: Primitives created: 1
14:30:27 | WARNING: Mesh town_boundary_4_20-colonly is not valid, and may be exported wrongly
14:30:27 | INFO: Extracting primitive: town_boundary_4_20-colonly
14:30:27 | INFO: Primitives created: 1
14:30:27 | WARNING: Mesh town_boundary_4_21-colonly is not valid, and may be exported wrongly
14:30:27 | INFO: Extracting primitive: town_boundary_4_21-colonly
14:30:27 | INFO: Primitives created: 1
14:30:27 | WARNING: Mesh town_boundary_4_22-colonly is not valid, and may be exported wrongly
14:30:27 | INFO: Extracting primitive: town_boundary_4_22-colonly
14:30:27 | INFO: Primitives created: 1
14:30:27 | WARNING: Mesh town_boundary_4_23-colonly is not valid, and may be exported wrongly
14:30:27 | INFO: Extracting primitive: town_boundary_4_23-colonly
14:30:27 | INFO: Primitives created: 1
14:30:27 | WARNING: Mesh town_boundary_5_0-colonly is not valid, and may be exported wrongly
14:30:27 | INFO: Extracting primitive: town_boundary_5_0-colonly
14:30:27 | INFO: Primitives created: 1
14:30:27 | WARNING: Mesh town_boundary_5_1-colonly is not valid, and may be exported wrongly
14:30:27 | INFO: Extracting primitive: town_boundary_5_1-colonly
14:30:27 | INFO: Primitives created: 1
14:30:27 | WARNING: Mesh town_boundary_5_2-colonly is not valid, and may be exported wrongly
14:30:27 | INFO: Extracting primitive: town_boundary_5_2-colonly
14:30:27 | INFO: Primitives created: 1
14:30:27 | WARNING: Mesh town_boundary_5_3-colonly is not valid, and may be exported wrongly
14:30:27 | INFO: Extracting primitive: town_boundary_5_3-colonly
14:30:27 | INFO: Primitives created: 1
14:30:27 | WARNING: Mesh town_boundary_5_4-colonly is not valid, and may be exported wrongly
14:30:27 | INFO: Extracting primitive: town_boundary_5_4-colonly
14:30:27 | INFO: Primitives created: 1
14:30:27 | WARNING: Mesh town_boundary_5_5-colonly is not valid, and may be exported wrongly
14:30:27 | INFO: Extracting primitive: town_boundary_5_5-colonly
14:30:27 | INFO: Primitives created: 1
14:30:27 | WARNING: Mesh town_boundary_5_6-colonly is not valid, and may be exported wrongly
14:30:27 | INFO: Extracting primitive: town_boundary_5_6-colonly
14:30:27 | INFO: Primitives created: 1
14:30:27 | WARNING: Mesh town_boundary_5_7-colonly is not valid, and may be exported wrongly
14:30:27 | INFO: Extracting primitive: town_boundary_5_7-colonly
14:30:27 | INFO: Primitives created: 1
14:30:27 | WARNING: Mesh town_boundary_5_8-colonly is not valid, and may be exported wrongly
14:30:27 | INFO: Extracting primitive: town_boundary_5_8-colonly
14:30:27 | INFO: Primitives created: 1
14:30:27 | WARNING: Mesh town_boundary_5_9-colonly is not valid, and may be exported wrongly
14:30:27 | INFO: Extracting primitive: town_boundary_5_9-colonly
14:30:27 | INFO: Primitives created: 1
14:30:27 | WARNING: Mesh town_boundary_5_10-colonly is not valid, and may be exported wrongly
14:30:27 | INFO: Extracting primitive: town_boundary_5_10-colonly
14:30:27 | INFO: Primitives created: 1
14:30:27 | WARNING: Mesh town_boundary_5_11-colonly is not valid, and may be exported wrongly
14:30:27 | INFO: Extracting primitive: town_boundary_5_11-colonly
14:30:27 | INFO: Primitives created: 1
14:30:27 | WARNING: Mesh town_boundary_5_12-colonly is not valid, and may be exported wrongly
14:30:27 | INFO: Extracting primitive: town_boundary_5_12-colonly
14:30:27 | INFO: Primitives created: 1
14:30:27 | WARNING: Mesh town_boundary_5_13-colonly is not valid, and may be exported wrongly
14:30:27 | INFO: Extracting primitive: town_boundary_5_13-colonly
14:30:27 | INFO: Primitives created: 1
14:30:27 | WARNING: Mesh town_boundary_5_14-colonly is not valid, and may be exported wrongly
14:30:27 | INFO: Extracting primitive: town_boundary_5_14-colonly
14:30:27 | INFO: Primitives created: 1
14:30:27 | WARNING: Mesh town_boundary_5_15-colonly is not valid, and may be exported wrongly
14:30:27 | INFO: Extracting primitive: town_boundary_5_15-colonly
14:30:27 | INFO: Primitives created: 1
14:30:27 | WARNING: Mesh town_boundary_5_16-colonly is not valid, and may be exported wrongly
14:30:27 | INFO: Extracting primitive: town_boundary_5_16-colonly
14:30:27 | INFO: Primitives created: 1
14:30:27 | WARNING: Mesh town_boundary_5_17-colonly is not valid, and may be exported wrongly
14:30:27 | INFO: Extracting primitive: town_boundary_5_17-colonly
14:30:27 | INFO: Primitives created: 1
14:30:27 | WARNING: Mesh town_boundary_5_18-colonly is not valid, and may be exported wrongly
14:30:27 | INFO: Extracting primitive: town_boundary_5_18-colonly
14:30:27 | INFO: Primitives created: 1
14:30:27 | WARNING: Mesh town_boundary_5_19-colonly is not valid, and may be exported wrongly
14:30:27 | INFO: Extracting primitive: town_boundary_5_19-colonly
14:30:27 | INFO: Primitives created: 1
14:30:27 | WARNING: Mesh town_boundary_5_20-colonly is not valid, and may be exported wrongly
14:30:27 | INFO: Extracting primitive: town_boundary_5_20-colonly
14:30:27 | INFO: Primitives created: 1
14:30:27 | WARNING: Mesh town_boundary_6_0-colonly is not valid, and may be exported wrongly
14:30:27 | INFO: Extracting primitive: town_boundary_6_0-colonly
14:30:27 | INFO: Primitives created: 1
14:30:27 | WARNING: Mesh town_boundary_6_1-colonly is not valid, and may be exported wrongly
14:30:27 | INFO: Extracting primitive: town_boundary_6_1-colonly
14:30:27 | INFO: Primitives created: 1
14:30:27 | WARNING: Mesh town_boundary_6_2-colonly is not valid, and may be exported wrongly
14:30:27 | INFO: Extracting primitive: town_boundary_6_2-colonly
14:30:27 | INFO: Primitives created: 1
14:30:27 | WARNING: Mesh town_boundary_6_3-colonly is not valid, and may be exported wrongly
14:30:27 | INFO: Extracting primitive: town_boundary_6_3-colonly
14:30:27 | INFO: Primitives created: 1
14:30:27 | WARNING: Mesh town_boundary_6_4-colonly is not valid, and may be exported wrongly
14:30:27 | INFO: Extracting primitive: town_boundary_6_4-colonly
14:30:27 | INFO: Primitives created: 1
14:30:27 | WARNING: Mesh town_boundary_6_5-colonly is not valid, and may be exported wrongly
14:30:27 | INFO: Extracting primitive: town_boundary_6_5-colonly
14:30:27 | INFO: Primitives created: 1
14:30:27 | WARNING: Mesh town_boundary_6_6-colonly is not valid, and may be exported wrongly
14:30:27 | INFO: Extracting primitive: town_boundary_6_6-colonly
14:30:27 | INFO: Primitives created: 1
14:30:27 | WARNING: Mesh town_boundary_6_7-colonly is not valid, and may be exported wrongly
14:30:27 | INFO: Extracting primitive: town_boundary_6_7-colonly
14:30:27 | INFO: Primitives created: 1
14:30:27 | WARNING: Mesh town_boundary_6_8-colonly is not valid, and may be exported wrongly
14:30:27 | INFO: Extracting primitive: town_boundary_6_8-colonly
14:30:27 | INFO: Primitives created: 1
14:30:27 | WARNING: Mesh town_boundary_6_9-colonly is not valid, and may be exported wrongly
14:30:27 | INFO: Extracting primitive: town_boundary_6_9-colonly
14:30:27 | INFO: Primitives created: 1
14:30:27 | WARNING: Mesh town_boundary_6_10-colonly is not valid, and may be exported wrongly
14:30:27 | INFO: Extracting primitive: town_boundary_6_10-colonly
14:30:27 | INFO: Primitives created: 1
14:30:27 | WARNING: Mesh town_boundary_6_11-colonly is not valid, and may be exported wrongly
14:30:27 | INFO: Extracting primitive: town_boundary_6_11-colonly
14:30:27 | INFO: Primitives created: 1
14:30:27 | WARNING: Mesh town_boundary_6_12-colonly is not valid, and may be exported wrongly
14:30:27 | INFO: Extracting primitive: town_boundary_6_12-colonly
14:30:27 | INFO: Primitives created: 1
14:30:27 | WARNING: Mesh town_boundary_6_13-colonly is not valid, and may be exported wrongly
14:30:27 | INFO: Extracting primitive: town_boundary_6_13-colonly
14:30:27 | INFO: Primitives created: 1
14:30:27 | WARNING: Mesh town_boundary_6_14-colonly is not valid, and may be exported wrongly
14:30:27 | INFO: Extracting primitive: town_boundary_6_14-colonly
14:30:27 | INFO: Primitives created: 1
14:30:27 | WARNING: Mesh town_boundary_6_15-colonly is not valid, and may be exported wrongly
14:30:27 | INFO: Extracting primitive: town_boundary_6_15-colonly
14:30:27 | INFO: Primitives created: 1
14:30:27 | WARNING: Mesh town_boundary_6_16-colonly is not valid, and may be exported wrongly
14:30:27 | INFO: Extracting primitive: town_boundary_6_16-colonly
14:30:27 | INFO: Primitives created: 1
14:30:27 | WARNING: Mesh town_boundary_6_17-colonly is not valid, and may be exported wrongly
14:30:27 | INFO: Extracting primitive: town_boundary_6_17-colonly
14:30:27 | INFO: Primitives created: 1
14:30:27 | WARNING: Mesh town_boundary_6_18-colonly is not valid, and may be exported wrongly
14:30:27 | INFO: Extracting primitive: town_boundary_6_18-colonly
14:30:27 | INFO: Primitives created: 1
14:30:27 | WARNING: Mesh town_boundary_6_19-colonly is not valid, and may be exported wrongly
14:30:27 | INFO: Extracting primitive: town_boundary_6_19-colonly
14:30:27 | INFO: Primitives created: 1
14:30:27 | WARNING: Mesh town_boundary_6_20-colonly is not valid, and may be exported wrongly
14:30:27 | INFO: Extracting primitive: town_boundary_6_20-colonly
14:30:27 | INFO: Primitives created: 1
14:30:27 | WARNING: Mesh town_boundary_7_0-colonly is not valid, and may be exported wrongly
14:30:27 | INFO: Extracting primitive: town_boundary_7_0-colonly
14:30:27 | INFO: Primitives created: 1
14:30:27 | WARNING: Mesh town_boundary_7_1-colonly is not valid, and may be exported wrongly
14:30:27 | INFO: Extracting primitive: town_boundary_7_1-colonly
14:30:27 | INFO: Primitives created: 1
14:30:27 | WARNING: Mesh town_boundary_7_2-colonly is not valid, and may be exported wrongly
14:30:27 | INFO: Extracting primitive: town_boundary_7_2-colonly
14:30:27 | INFO: Primitives created: 1
14:30:27 | WARNING: Mesh town_boundary_7_3-colonly is not valid, and may be exported wrongly
14:30:27 | INFO: Extracting primitive: town_boundary_7_3-colonly
14:30:27 | INFO: Primitives created: 1
14:30:27 | WARNING: Mesh town_boundary_7_4-colonly is not valid, and may be exported wrongly
14:30:27 | INFO: Extracting primitive: town_boundary_7_4-colonly
14:30:27 | INFO: Primitives created: 1
14:30:27 | WARNING: Mesh town_boundary_7_5-colonly is not valid, and may be exported wrongly
14:30:27 | INFO: Extracting primitive: town_boundary_7_5-colonly
14:30:27 | INFO: Primitives created: 1
14:30:27 | WARNING: Mesh town_boundary_7_6-colonly is not valid, and may be exported wrongly
14:30:27 | INFO: Extracting primitive: town_boundary_7_6-colonly
14:30:27 | INFO: Primitives created: 1
14:30:27 | WARNING: Mesh town_boundary_7_7-colonly is not valid, and may be exported wrongly
14:30:27 | INFO: Extracting primitive: town_boundary_7_7-colonly
14:30:27 | INFO: Primitives created: 1
14:30:27 | WARNING: Mesh town_boundary_7_8-colonly is not valid, and may be exported wrongly
14:30:27 | INFO: Extracting primitive: town_boundary_7_8-colonly
14:30:27 | INFO: Primitives created: 1
14:30:27 | WARNING: Mesh town_boundary_7_9-colonly is not valid, and may be exported wrongly
14:30:27 | INFO: Extracting primitive: town_boundary_7_9-colonly
14:30:27 | INFO: Primitives created: 1
14:30:27 | WARNING: Mesh town_boundary_7_10-colonly is not valid, and may be exported wrongly
14:30:27 | INFO: Extracting primitive: town_boundary_7_10-colonly
14:30:27 | INFO: Primitives created: 1
14:30:27 | WARNING: Mesh town_boundary_7_11-colonly is not valid, and may be exported wrongly
14:30:27 | INFO: Extracting primitive: town_boundary_7_11-colonly
14:30:27 | INFO: Primitives created: 1
14:30:27 | WARNING: Mesh town_boundary_7_12-colonly is not valid, and may be exported wrongly
14:30:27 | INFO: Extracting primitive: town_boundary_7_12-colonly
14:30:27 | INFO: Primitives created: 1
14:30:27 | WARNING: Mesh town_boundary_7_13-colonly is not valid, and may be exported wrongly
14:30:27 | INFO: Extracting primitive: town_boundary_7_13-colonly
14:30:27 | INFO: Primitives created: 1
14:30:27 | WARNING: Mesh town_boundary_7_14-colonly is not valid, and may be exported wrongly
14:30:27 | INFO: Extracting primitive: town_boundary_7_14-colonly
14:30:27 | INFO: Primitives created: 1
14:30:27 | WARNING: Mesh town_boundary_7_15-colonly is not valid, and may be exported wrongly
14:30:27 | INFO: Extracting primitive: town_boundary_7_15-colonly
14:30:27 | INFO: Primitives created: 1
14:30:27 | WARNING: Mesh town_boundary_7_16-colonly is not valid, and may be exported wrongly
14:30:27 | INFO: Extracting primitive: town_boundary_7_16-colonly
14:30:27 | INFO: Primitives created: 1
14:30:27 | WARNING: Mesh town_boundary_7_17-colonly is not valid, and may be exported wrongly
14:30:27 | INFO: Extracting primitive: town_boundary_7_17-colonly
14:30:27 | INFO: Primitives created: 1
14:30:27 | WARNING: Mesh town_boundary_7_18-colonly is not valid, and may be exported wrongly
14:30:27 | INFO: Extracting primitive: town_boundary_7_18-colonly
14:30:27 | INFO: Primitives created: 1
14:30:27 | WARNING: Mesh town_boundary_8_0-colonly is not valid, and may be exported wrongly
14:30:27 | INFO: Extracting primitive: town_boundary_8_0-colonly
14:30:27 | INFO: Primitives created: 1
14:30:27 | WARNING: Mesh town_boundary_8_1-colonly is not valid, and may be exported wrongly
14:30:27 | INFO: Extracting primitive: town_boundary_8_1-colonly
14:30:27 | INFO: Primitives created: 1
14:30:27 | WARNING: Mesh town_boundary_8_2-colonly is not valid, and may be exported wrongly
14:30:27 | INFO: Extracting primitive: town_boundary_8_2-colonly
14:30:27 | INFO: Primitives created: 1
14:30:27 | WARNING: Mesh town_boundary_8_3-colonly is not valid, and may be exported wrongly
14:30:27 | INFO: Extracting primitive: town_boundary_8_3-colonly
14:30:27 | INFO: Primitives created: 1
14:30:27 | WARNING: Mesh town_boundary_9_0-colonly is not valid, and may be exported wrongly
14:30:27 | INFO: Extracting primitive: town_boundary_9_0-colonly
14:30:27 | INFO: Primitives created: 1
14:30:27 | WARNING: Mesh town_boundary_9_1-colonly is not valid, and may be exported wrongly
14:30:27 | INFO: Extracting primitive: town_boundary_9_1-colonly
14:30:27 | INFO: Primitives created: 1
14:30:27 | WARNING: Mesh town_boundary_9_2-colonly is not valid, and may be exported wrongly
14:30:27 | INFO: Extracting primitive: town_boundary_9_2-colonly
14:30:27 | INFO: Primitives created: 1
14:30:27 | WARNING: Mesh town_boundary_9_3-colonly is not valid, and may be exported wrongly
14:30:27 | INFO: Extracting primitive: town_boundary_9_3-colonly
14:30:27 | INFO: Primitives created: 1
14:30:27 | WARNING: Mesh town_boundary_9_4-colonly is not valid, and may be exported wrongly
14:30:27 | INFO: Extracting primitive: town_boundary_9_4-colonly
14:30:27 | INFO: Primitives created: 1
14:30:27 | WARNING: Mesh town_boundary_9_5-colonly is not valid, and may be exported wrongly
14:30:27 | INFO: Extracting primitive: town_boundary_9_5-colonly
14:30:27 | INFO: Primitives created: 1
14:30:27 | WARNING: Mesh town_boundary_9_6-colonly is not valid, and may be exported wrongly
14:30:27 | INFO: Extracting primitive: town_boundary_9_6-colonly
14:30:27 | INFO: Primitives created: 1
14:30:27 | WARNING: Mesh town_boundary_9_7-colonly is not valid, and may be exported wrongly
14:30:27 | INFO: Extracting primitive: town_boundary_9_7-colonly
14:30:27 | INFO: Primitives created: 1
14:30:27 | WARNING: Mesh town_boundary_9_8-colonly is not valid, and may be exported wrongly
14:30:27 | INFO: Extracting primitive: town_boundary_9_8-colonly
14:30:27 | INFO: Primitives created: 1
14:30:27 | WARNING: Mesh town_boundary_9_9-colonly is not valid, and may be exported wrongly
14:30:27 | INFO: Extracting primitive: town_boundary_9_9-colonly
14:30:27 | INFO: Primitives created: 1
14:30:27 | WARNING: Mesh town_boundary_9_10-colonly is not valid, and may be exported wrongly
14:30:27 | INFO: Extracting primitive: town_boundary_9_10-colonly
14:30:27 | INFO: Primitives created: 1
14:30:27 | WARNING: Mesh town_boundary_9_11-colonly is not valid, and may be exported wrongly
14:30:27 | INFO: Extracting primitive: town_boundary_9_11-colonly
14:30:27 | INFO: Primitives created: 1
14:30:27 | WARNING: Mesh town_boundary_9_12-colonly is not valid, and may be exported wrongly
14:30:27 | INFO: Extracting primitive: town_boundary_9_12-colonly
14:30:27 | INFO: Primitives created: 1
14:30:27 | WARNING: Mesh town_boundary_9_13-colonly is not valid, and may be exported wrongly
14:30:27 | INFO: Extracting primitive: town_boundary_9_13-colonly
14:30:27 | INFO: Primitives created: 1
14:30:27 | WARNING: Mesh town_boundary_9_14-colonly is not valid, and may be exported wrongly
14:30:27 | INFO: Extracting primitive: town_boundary_9_14-colonly
14:30:27 | INFO: Primitives created: 1
14:30:27 | WARNING: Mesh town_boundary_10_0-colonly is not valid, and may be exported wrongly
14:30:27 | INFO: Extracting primitive: town_boundary_10_0-colonly
14:30:27 | INFO: Primitives created: 1
14:30:27 | WARNING: Mesh town_boundary_10_1-colonly is not valid, and may be exported wrongly
14:30:27 | INFO: Extracting primitive: town_boundary_10_1-colonly
14:30:27 | INFO: Primitives created: 1
14:30:27 | WARNING: Mesh town_boundary_10_2-colonly is not valid, and may be exported wrongly
14:30:27 | INFO: Extracting primitive: town_boundary_10_2-colonly
14:30:27 | INFO: Primitives created: 1
14:30:27 | WARNING: Mesh town_boundary_10_3-colonly is not valid, and may be exported wrongly
14:30:27 | INFO: Extracting primitive: town_boundary_10_3-colonly
14:30:27 | INFO: Primitives created: 1
14:30:27 | WARNING: Mesh town_boundary_10_4-colonly is not valid, and may be exported wrongly
14:30:27 | INFO: Extracting primitive: town_boundary_10_4-colonly
14:30:27 | INFO: Primitives created: 1
14:30:27 | WARNING: Mesh town_boundary_10_5-colonly is not valid, and may be exported wrongly
14:30:27 | INFO: Extracting primitive: town_boundary_10_5-colonly
14:30:27 | INFO: Primitives created: 1
14:30:27 | WARNING: Mesh town_boundary_10_6-colonly is not valid, and may be exported wrongly
14:30:27 | INFO: Extracting primitive: town_boundary_10_6-colonly
14:30:27 | INFO: Primitives created: 1
14:30:27 | WARNING: Mesh town_boundary_10_7-colonly is not valid, and may be exported wrongly
14:30:27 | INFO: Extracting primitive: town_boundary_10_7-colonly
14:30:27 | INFO: Primitives created: 1
14:30:27 | WARNING: Mesh town_boundary_10_8-colonly is not valid, and may be exported wrongly
14:30:27 | INFO: Extracting primitive: town_boundary_10_8-colonly
14:30:27 | INFO: Primitives created: 1
14:30:27 | WARNING: Mesh town_boundary_10_9-colonly is not valid, and may be exported wrongly
14:30:27 | INFO: Extracting primitive: town_boundary_10_9-colonly
14:30:27 | INFO: Primitives created: 1
14:30:27 | WARNING: Mesh town_boundary_10_10-colonly is not valid, and may be exported wrongly
14:30:27 | INFO: Extracting primitive: town_boundary_10_10-colonly
14:30:27 | INFO: Primitives created: 1
14:30:27 | WARNING: Mesh town_boundary_10_11-colonly is not valid, and may be exported wrongly
14:30:27 | INFO: Extracting primitive: town_boundary_10_11-colonly
14:30:27 | INFO: Primitives created: 1
14:30:27 | WARNING: Mesh town_boundary_10_12-colonly is not valid, and may be exported wrongly
14:30:27 | INFO: Extracting primitive: town_boundary_10_12-colonly
14:30:27 | INFO: Primitives created: 1
14:30:27 | WARNING: Mesh town_boundary_10_13-colonly is not valid, and may be exported wrongly
14:30:27 | INFO: Extracting primitive: town_boundary_10_13-colonly
14:30:27 | INFO: Primitives created: 1
14:30:27 | WARNING: Mesh town_boundary_10_14-colonly is not valid, and may be exported wrongly
14:30:27 | INFO: Extracting primitive: town_boundary_10_14-colonly
14:30:27 | INFO: Primitives created: 1
14:30:27 | WARNING: Mesh town_boundary_11_0-colonly is not valid, and may be exported wrongly
14:30:27 | INFO: Extracting primitive: town_boundary_11_0-colonly
14:30:27 | INFO: Primitives created: 1
14:30:27 | WARNING: Mesh town_boundary_11_1-colonly is not valid, and may be exported wrongly
14:30:27 | INFO: Extracting primitive: town_boundary_11_1-colonly
14:30:27 | INFO: Primitives created: 1
14:30:27 | WARNING: Mesh town_boundary_11_2-colonly is not valid, and may be exported wrongly
14:30:27 | INFO: Extracting primitive: town_boundary_11_2-colonly
14:30:27 | INFO: Primitives created: 1
14:30:27 | WARNING: Mesh town_boundary_11_3-colonly is not valid, and may be exported wrongly
14:30:27 | INFO: Extracting primitive: town_boundary_11_3-colonly
14:30:27 | INFO: Primitives created: 1
14:30:27 | WARNING: Mesh town_boundary_11_4-colonly is not valid, and may be exported wrongly
14:30:27 | INFO: Extracting primitive: town_boundary_11_4-colonly
14:30:27 | INFO: Primitives created: 1
14:30:27 | WARNING: Mesh town_boundary_11_5-colonly is not valid, and may be exported wrongly
14:30:27 | INFO: Extracting primitive: town_boundary_11_5-colonly
14:30:27 | INFO: Primitives created: 1
14:30:27 | WARNING: Mesh town_boundary_11_6-colonly is not valid, and may be exported wrongly
14:30:27 | INFO: Extracting primitive: town_boundary_11_6-colonly
14:30:27 | INFO: Primitives created: 1
14:30:27 | WARNING: Mesh town_boundary_11_7-colonly is not valid, and may be exported wrongly
14:30:27 | INFO: Extracting primitive: town_boundary_11_7-colonly
14:30:27 | INFO: Primitives created: 1
14:30:27 | WARNING: Mesh town_boundary_11_8-colonly is not valid, and may be exported wrongly
14:30:27 | INFO: Extracting primitive: town_boundary_11_8-colonly
14:30:27 | INFO: Primitives created: 1
14:30:27 | WARNING: Mesh town_boundary_11_9-colonly is not valid, and may be exported wrongly
14:30:27 | INFO: Extracting primitive: town_boundary_11_9-colonly
14:30:27 | INFO: Primitives created: 1
14:30:27 | WARNING: Mesh town_boundary_11_10-colonly is not valid, and may be exported wrongly
14:30:27 | INFO: Extracting primitive: town_boundary_11_10-colonly
14:30:27 | INFO: Primitives created: 1
14:30:27 | WARNING: Mesh town_boundary_11_11-colonly is not valid, and may be exported wrongly
14:30:27 | INFO: Extracting primitive: town_boundary_11_11-colonly
14:30:27 | INFO: Primitives created: 1
14:30:27 | WARNING: Mesh town_boundary_11_12-colonly is not valid, and may be exported wrongly
14:30:27 | INFO: Extracting primitive: town_boundary_11_12-colonly
14:30:27 | INFO: Primitives created: 1
14:30:27 | WARNING: Mesh town_boundary_11_13-colonly is not valid, and may be exported wrongly
14:30:27 | INFO: Extracting primitive: town_boundary_11_13-colonly
14:30:27 | INFO: Primitives created: 1
14:30:27 | WARNING: Mesh town_boundary_11_14-colonly is not valid, and may be exported wrongly
14:30:27 | INFO: Extracting primitive: town_boundary_11_14-colonly
14:30:27 | INFO: Primitives created: 1
14:30:27 | WARNING: Mesh town_boundary_11_15-colonly is not valid, and may be exported wrongly
14:30:27 | INFO: Extracting primitive: town_boundary_11_15-colonly
14:30:27 | INFO: Primitives created: 1
14:30:27 | WARNING: Mesh town_boundary_11_16-colonly is not valid, and may be exported wrongly
14:30:27 | INFO: Extracting primitive: town_boundary_11_16-colonly
14:30:27 | INFO: Primitives created: 1
14:30:27 | WARNING: Mesh town_boundary_11_17-colonly is not valid, and may be exported wrongly
14:30:27 | INFO: Extracting primitive: town_boundary_11_17-colonly
14:30:27 | INFO: Primitives created: 1
14:30:27 | WARNING: Mesh town_boundary_11_18-colonly is not valid, and may be exported wrongly
14:30:27 | INFO: Extracting primitive: town_boundary_11_18-colonly
14:30:27 | INFO: Primitives created: 1
14:30:27 | WARNING: Mesh town_boundary_11_19-colonly is not valid, and may be exported wrongly
14:30:27 | INFO: Extracting primitive: town_boundary_11_19-colonly
14:30:27 | INFO: Primitives created: 1
14:30:27 | WARNING: Mesh town_boundary_11_20-colonly is not valid, and may be exported wrongly
14:30:27 | INFO: Extracting primitive: town_boundary_11_20-colonly
14:30:27 | INFO: Primitives created: 1
14:30:27 | WARNING: Mesh town_boundary_11_21-colonly is not valid, and may be exported wrongly
14:30:27 | INFO: Extracting primitive: town_boundary_11_21-colonly
14:30:27 | INFO: Primitives created: 1
14:30:27 | WARNING: Mesh town_shore_0_0-colonly is not valid, and may be exported wrongly
14:30:27 | INFO: Extracting primitive: town_shore_0_0-colonly
14:30:27 | INFO: Primitives created: 1
14:30:27 | WARNING: Mesh town_shore_0_1-colonly is not valid, and may be exported wrongly
14:30:27 | INFO: Extracting primitive: town_shore_0_1-colonly
14:30:27 | INFO: Primitives created: 1
14:30:27 | WARNING: Mesh town_shore_0_2-colonly is not valid, and may be exported wrongly
14:30:27 | INFO: Extracting primitive: town_shore_0_2-colonly
14:30:27 | INFO: Primitives created: 1
14:30:27 | WARNING: Mesh town_shore_0_3-colonly is not valid, and may be exported wrongly
14:30:27 | INFO: Extracting primitive: town_shore_0_3-colonly
14:30:27 | INFO: Primitives created: 1
14:30:27 | WARNING: Mesh town_shore_0_4-colonly is not valid, and may be exported wrongly
14:30:27 | INFO: Extracting primitive: town_shore_0_4-colonly
14:30:27 | INFO: Primitives created: 1
14:30:27 | WARNING: Mesh town_shore_0_5-colonly is not valid, and may be exported wrongly
14:30:27 | INFO: Extracting primitive: town_shore_0_5-colonly
14:30:27 | INFO: Primitives created: 1
14:30:27 | WARNING: Mesh town_shore_0_6-colonly is not valid, and may be exported wrongly
14:30:27 | INFO: Extracting primitive: town_shore_0_6-colonly
14:30:27 | INFO: Primitives created: 1
14:30:27 | WARNING: Mesh town_shore_0_7-colonly is not valid, and may be exported wrongly
14:30:27 | INFO: Extracting primitive: town_shore_0_7-colonly
14:30:27 | INFO: Primitives created: 1
14:30:27 | WARNING: Mesh town_shore_0_8-colonly is not valid, and may be exported wrongly
14:30:27 | INFO: Extracting primitive: town_shore_0_8-colonly
14:30:27 | INFO: Primitives created: 1
14:30:27 | WARNING: Mesh town_shore_0_9-colonly is not valid, and may be exported wrongly
14:30:27 | INFO: Extracting primitive: town_shore_0_9-colonly
14:30:27 | INFO: Primitives created: 1
14:30:27 | WARNING: Mesh town_shore_0_10-colonly is not valid, and may be exported wrongly
14:30:27 | INFO: Extracting primitive: town_shore_0_10-colonly
14:30:27 | INFO: Primitives created: 1
14:30:27 | WARNING: Mesh town_shore_0_11-colonly is not valid, and may be exported wrongly
14:30:27 | INFO: Extracting primitive: town_shore_0_11-colonly
14:30:27 | INFO: Primitives created: 1
14:30:27 | WARNING: Mesh town_shore_0_12-colonly is not valid, and may be exported wrongly
14:30:27 | INFO: Extracting primitive: town_shore_0_12-colonly
14:30:27 | INFO: Primitives created: 1
14:30:27 | WARNING: Mesh town_shore_0_13-colonly is not valid, and may be exported wrongly
14:30:27 | INFO: Extracting primitive: town_shore_0_13-colonly
14:30:27 | INFO: Primitives created: 1
14:30:27 | WARNING: Mesh town_shore_0_14-colonly is not valid, and may be exported wrongly
14:30:27 | INFO: Extracting primitive: town_shore_0_14-colonly
14:30:27 | INFO: Primitives created: 1
14:30:27 | WARNING: Mesh town_shore_0_15-colonly is not valid, and may be exported wrongly
14:30:27 | INFO: Extracting primitive: town_shore_0_15-colonly
14:30:27 | INFO: Primitives created: 1
14:30:27 | WARNING: Mesh town_shore_0_16-colonly is not valid, and may be exported wrongly
14:30:27 | INFO: Extracting primitive: town_shore_0_16-colonly
14:30:27 | INFO: Primitives created: 1
14:30:27 | WARNING: Mesh town_shore_0_17-colonly is not valid, and may be exported wrongly
14:30:27 | INFO: Extracting primitive: town_shore_0_17-colonly
14:30:27 | INFO: Primitives created: 1
14:30:27 | WARNING: Mesh town_shore_0_18-colonly is not valid, and may be exported wrongly
14:30:27 | INFO: Extracting primitive: town_shore_0_18-colonly
14:30:27 | INFO: Primitives created: 1
14:30:27 | WARNING: Mesh town_shore_0_19-colonly is not valid, and may be exported wrongly
14:30:27 | INFO: Extracting primitive: town_shore_0_19-colonly
14:30:27 | INFO: Primitives created: 1
14:30:27 | WARNING: Mesh town_shore_0_20-colonly is not valid, and may be exported wrongly
14:30:27 | INFO: Extracting primitive: town_shore_0_20-colonly
14:30:27 | INFO: Primitives created: 1
14:30:27 | WARNING: Mesh town_shore_0_21-colonly is not valid, and may be exported wrongly
14:30:27 | INFO: Extracting primitive: town_shore_0_21-colonly
14:30:27 | INFO: Primitives created: 1
14:30:27 | WARNING: Mesh town_shore_1_0-colonly is not valid, and may be exported wrongly
14:30:27 | INFO: Extracting primitive: town_shore_1_0-colonly
14:30:27 | INFO: Primitives created: 1
14:30:27 | WARNING: Mesh town_shore_1_1-colonly is not valid, and may be exported wrongly
14:30:27 | INFO: Extracting primitive: town_shore_1_1-colonly
14:30:27 | INFO: Primitives created: 1
14:30:27 | WARNING: Mesh town_shore_1_2-colonly is not valid, and may be exported wrongly
14:30:27 | INFO: Extracting primitive: town_shore_1_2-colonly
14:30:27 | INFO: Primitives created: 1
14:30:27 | WARNING: Mesh town_shore_1_3-colonly is not valid, and may be exported wrongly
14:30:27 | INFO: Extracting primitive: town_shore_1_3-colonly
14:30:27 | INFO: Primitives created: 1
14:30:27 | WARNING: Mesh town_shore_1_4-colonly is not valid, and may be exported wrongly
14:30:27 | INFO: Extracting primitive: town_shore_1_4-colonly
14:30:27 | INFO: Primitives created: 1
14:30:27 | WARNING: Mesh town_shore_1_5-colonly is not valid, and may be exported wrongly
14:30:27 | INFO: Extracting primitive: town_shore_1_5-colonly
14:30:27 | INFO: Primitives created: 1
14:30:27 | WARNING: Mesh town_shore_1_6-colonly is not valid, and may be exported wrongly
14:30:27 | INFO: Extracting primitive: town_shore_1_6-colonly
14:30:27 | INFO: Primitives created: 1
14:30:27 | WARNING: Mesh town_shore_1_7-colonly is not valid, and may be exported wrongly
14:30:27 | INFO: Extracting primitive: town_shore_1_7-colonly
14:30:27 | INFO: Primitives created: 1
14:30:27 | WARNING: Mesh town_shore_1_8-colonly is not valid, and may be exported wrongly
14:30:27 | INFO: Extracting primitive: town_shore_1_8-colonly
14:30:27 | INFO: Primitives created: 1
14:30:27 | WARNING: Mesh town_shore_1_9-colonly is not valid, and may be exported wrongly
14:30:27 | INFO: Extracting primitive: town_shore_1_9-colonly
14:30:27 | INFO: Primitives created: 1
14:30:27 | WARNING: Mesh town_shore_1_10-colonly is not valid, and may be exported wrongly
14:30:27 | INFO: Extracting primitive: town_shore_1_10-colonly
14:30:27 | INFO: Primitives created: 1
14:30:27 | WARNING: Mesh town_shore_1_11-colonly is not valid, and may be exported wrongly
14:30:27 | INFO: Extracting primitive: town_shore_1_11-colonly
14:30:27 | INFO: Primitives created: 1
14:30:27 | WARNING: Mesh town_shore_1_12-colonly is not valid, and may be exported wrongly
14:30:27 | INFO: Extracting primitive: town_shore_1_12-colonly
14:30:27 | INFO: Primitives created: 1
14:30:27 | WARNING: Mesh town_shore_1_13-colonly is not valid, and may be exported wrongly
14:30:27 | INFO: Extracting primitive: town_shore_1_13-colonly
14:30:27 | INFO: Primitives created: 1
14:30:27 | WARNING: Mesh town_shore_1_14-colonly is not valid, and may be exported wrongly
14:30:27 | INFO: Extracting primitive: town_shore_1_14-colonly
14:30:27 | INFO: Primitives created: 1
14:30:27 | WARNING: Mesh town_shore_1_15-colonly is not valid, and may be exported wrongly
14:30:27 | INFO: Extracting primitive: town_shore_1_15-colonly
14:30:27 | INFO: Primitives created: 1
14:30:27 | WARNING: Mesh town_shore_1_16-colonly is not valid, and may be exported wrongly
14:30:27 | INFO: Extracting primitive: town_shore_1_16-colonly
14:30:27 | INFO: Primitives created: 1
14:30:27 | WARNING: Mesh town_shore_1_22-colonly is not valid, and may be exported wrongly
14:30:27 | INFO: Extracting primitive: town_shore_1_22-colonly
14:30:27 | INFO: Primitives created: 1
14:30:27 | WARNING: Mesh town_shore_1_23-colonly is not valid, and may be exported wrongly
14:30:27 | INFO: Extracting primitive: town_shore_1_23-colonly
14:30:27 | INFO: Primitives created: 1
14:30:27 | WARNING: Mesh town_shore_2_0-colonly is not valid, and may be exported wrongly
14:30:27 | INFO: Extracting primitive: town_shore_2_0-colonly
14:30:27 | INFO: Primitives created: 1
14:30:27 | WARNING: Mesh town_shore_2_1-colonly is not valid, and may be exported wrongly
14:30:27 | INFO: Extracting primitive: town_shore_2_1-colonly
14:30:27 | INFO: Primitives created: 1
14:30:27 | WARNING: Mesh town_shore_2_2-colonly is not valid, and may be exported wrongly
14:30:27 | INFO: Extracting primitive: town_shore_2_2-colonly
14:30:27 | INFO: Primitives created: 1
14:30:27 | WARNING: Mesh town_shore_2_3-colonly is not valid, and may be exported wrongly
14:30:27 | INFO: Extracting primitive: town_shore_2_3-colonly
14:30:27 | INFO: Primitives created: 1
14:30:27 | WARNING: Mesh town_shore_2_4-colonly is not valid, and may be exported wrongly
14:30:27 | INFO: Extracting primitive: town_shore_2_4-colonly
14:30:27 | INFO: Primitives created: 1
14:30:27 | WARNING: Mesh town_shore_2_5-colonly is not valid, and may be exported wrongly
14:30:27 | INFO: Extracting primitive: town_shore_2_5-colonly
14:30:27 | INFO: Primitives created: 1
14:30:27 | WARNING: Mesh town_shore_2_6-colonly is not valid, and may be exported wrongly
14:30:27 | INFO: Extracting primitive: town_shore_2_6-colonly
14:30:27 | INFO: Primitives created: 1
14:30:27 | WARNING: Mesh town_shore_2_7-colonly is not valid, and may be exported wrongly
14:30:27 | INFO: Extracting primitive: town_shore_2_7-colonly
14:30:27 | INFO: Primitives created: 1
14:30:27 | WARNING: Mesh town_shore_2_8-colonly is not valid, and may be exported wrongly
14:30:27 | INFO: Extracting primitive: town_shore_2_8-colonly
14:30:27 | INFO: Primitives created: 1
14:30:27 | WARNING: Mesh town_shore_2_9-colonly is not valid, and may be exported wrongly
14:30:27 | INFO: Extracting primitive: town_shore_2_9-colonly
14:30:27 | INFO: Primitives created: 1
14:30:27 | WARNING: Mesh town_shore_2_10-colonly is not valid, and may be exported wrongly
14:30:27 | INFO: Extracting primitive: town_shore_2_10-colonly
14:30:27 | INFO: Primitives created: 1
14:30:27 | WARNING: Mesh town_shore_2_11-colonly is not valid, and may be exported wrongly
14:30:27 | INFO: Extracting primitive: town_shore_2_11-colonly
14:30:27 | INFO: Primitives created: 1
14:30:27 | WARNING: Mesh town_shore_2_12-colonly is not valid, and may be exported wrongly
14:30:27 | INFO: Extracting primitive: town_shore_2_12-colonly
14:30:27 | INFO: Primitives created: 1
14:30:27 | WARNING: Mesh town_shore_2_13-colonly is not valid, and may be exported wrongly
14:30:27 | INFO: Extracting primitive: town_shore_2_13-colonly
14:30:27 | INFO: Primitives created: 1
14:30:27 | WARNING: Mesh town_shore_2_14-colonly is not valid, and may be exported wrongly
14:30:27 | INFO: Extracting primitive: town_shore_2_14-colonly
14:30:27 | INFO: Primitives created: 1
14:30:27 | WARNING: Mesh town_shore_2_15-colonly is not valid, and may be exported wrongly
14:30:27 | INFO: Extracting primitive: town_shore_2_15-colonly
14:30:27 | INFO: Primitives created: 1
14:30:27 | WARNING: Mesh town_shore_2_16-colonly is not valid, and may be exported wrongly
14:30:27 | INFO: Extracting primitive: town_shore_2_16-colonly
14:30:27 | INFO: Primitives created: 1
14:30:27 | WARNING: Mesh town_shore_2_17-colonly is not valid, and may be exported wrongly
14:30:27 | INFO: Extracting primitive: town_shore_2_17-colonly
14:30:27 | INFO: Primitives created: 1
14:30:27 | WARNING: Mesh town_shore_2_18-colonly is not valid, and may be exported wrongly
14:30:27 | INFO: Extracting primitive: town_shore_2_18-colonly
14:30:27 | INFO: Primitives created: 1
14:30:27 | WARNING: Mesh town_shore_2_19-colonly is not valid, and may be exported wrongly
14:30:27 | INFO: Extracting primitive: town_shore_2_19-colonly
14:30:27 | INFO: Primitives created: 1
14:30:27 | WARNING: Mesh town_shore_2_20-colonly is not valid, and may be exported wrongly
14:30:27 | INFO: Extracting primitive: town_shore_2_20-colonly
14:30:27 | INFO: Primitives created: 1
14:30:27 | WARNING: Mesh town_shore_3_0-colonly is not valid, and may be exported wrongly
14:30:27 | INFO: Extracting primitive: town_shore_3_0-colonly
14:30:27 | INFO: Primitives created: 1
14:30:27 | WARNING: Mesh town_shore_3_1-colonly is not valid, and may be exported wrongly
14:30:27 | INFO: Extracting primitive: town_shore_3_1-colonly
14:30:27 | INFO: Primitives created: 1
14:30:27 | WARNING: Mesh town_shore_3_2-colonly is not valid, and may be exported wrongly
14:30:27 | INFO: Extracting primitive: town_shore_3_2-colonly
14:30:27 | INFO: Primitives created: 1
14:30:27 | WARNING: Mesh town_shore_3_3-colonly is not valid, and may be exported wrongly
14:30:27 | INFO: Extracting primitive: town_shore_3_3-colonly
14:30:27 | INFO: Primitives created: 1
14:30:27 | WARNING: Mesh town_shore_3_4-colonly is not valid, and may be exported wrongly
14:30:27 | INFO: Extracting primitive: town_shore_3_4-colonly
14:30:27 | INFO: Primitives created: 1
14:30:27 | WARNING: Mesh town_shore_3_5-colonly is not valid, and may be exported wrongly
14:30:27 | INFO: Extracting primitive: town_shore_3_5-colonly
14:30:27 | INFO: Primitives created: 1
14:30:27 | WARNING: Mesh town_shore_3_6-colonly is not valid, and may be exported wrongly
14:30:27 | INFO: Extracting primitive: town_shore_3_6-colonly
14:30:27 | INFO: Primitives created: 1
14:30:27 | WARNING: Mesh town_shore_3_7-colonly is not valid, and may be exported wrongly
14:30:27 | INFO: Extracting primitive: town_shore_3_7-colonly
14:30:27 | INFO: Primitives created: 1
14:30:27 | WARNING: Mesh town_shore_3_8-colonly is not valid, and may be exported wrongly
14:30:27 | INFO: Extracting primitive: town_shore_3_8-colonly
14:30:27 | INFO: Primitives created: 1
14:30:27 | WARNING: Mesh town_shore_3_9-colonly is not valid, and may be exported wrongly
14:30:27 | INFO: Extracting primitive: town_shore_3_9-colonly
14:30:27 | INFO: Primitives created: 1
14:30:27 | WARNING: Mesh town_shore_3_10-colonly is not valid, and may be exported wrongly
14:30:27 | INFO: Extracting primitive: town_shore_3_10-colonly
14:30:27 | INFO: Primitives created: 1
14:30:27 | WARNING: Mesh town_shore_3_11-colonly is not valid, and may be exported wrongly
14:30:27 | INFO: Extracting primitive: town_shore_3_11-colonly
14:30:27 | INFO: Primitives created: 1
14:30:27 | WARNING: Mesh town_shore_3_12-colonly is not valid, and may be exported wrongly
14:30:27 | INFO: Extracting primitive: town_shore_3_12-colonly
14:30:27 | INFO: Primitives created: 1
14:30:27 | WARNING: Mesh town_shore_3_13-colonly is not valid, and may be exported wrongly
14:30:27 | INFO: Extracting primitive: town_shore_3_13-colonly
14:30:27 | INFO: Primitives created: 1
14:30:27 | WARNING: Mesh town_shore_3_14-colonly is not valid, and may be exported wrongly
14:30:27 | INFO: Extracting primitive: town_shore_3_14-colonly
14:30:27 | INFO: Primitives created: 1
14:30:27 | WARNING: Mesh town_shore_3_15-colonly is not valid, and may be exported wrongly
14:30:27 | INFO: Extracting primitive: town_shore_3_15-colonly
14:30:27 | INFO: Primitives created: 1
14:30:27 | WARNING: Mesh town_shore_3_16-colonly is not valid, and may be exported wrongly
14:30:27 | INFO: Extracting primitive: town_shore_3_16-colonly
14:30:27 | INFO: Primitives created: 1
14:30:27 | WARNING: Mesh town_shore_3_17-colonly is not valid, and may be exported wrongly
14:30:27 | INFO: Extracting primitive: town_shore_3_17-colonly
14:30:27 | INFO: Primitives created: 1
14:30:27 | WARNING: Mesh town_shore_3_18-colonly is not valid, and may be exported wrongly
14:30:27 | INFO: Extracting primitive: town_shore_3_18-colonly
14:30:27 | INFO: Primitives created: 1
14:30:27 | WARNING: Mesh town_shore_3_19-colonly is not valid, and may be exported wrongly
14:30:27 | INFO: Extracting primitive: town_shore_3_19-colonly
14:30:27 | INFO: Primitives created: 1
14:30:27 | WARNING: Mesh town_shore_3_20-colonly is not valid, and may be exported wrongly
14:30:27 | INFO: Extracting primitive: town_shore_3_20-colonly
14:30:27 | INFO: Primitives created: 1
14:30:27 | WARNING: Mesh town_shore_4_0-colonly is not valid, and may be exported wrongly
14:30:27 | INFO: Extracting primitive: town_shore_4_0-colonly
14:30:27 | INFO: Primitives created: 1
14:30:27 | WARNING: Mesh town_shore_4_1-colonly is not valid, and may be exported wrongly
14:30:27 | INFO: Extracting primitive: town_shore_4_1-colonly
14:30:27 | INFO: Primitives created: 1
14:30:27 | WARNING: Mesh town_shore_4_2-colonly is not valid, and may be exported wrongly
14:30:27 | INFO: Extracting primitive: town_shore_4_2-colonly
14:30:27 | INFO: Primitives created: 1
14:30:27 | WARNING: Mesh town_shore_4_3-colonly is not valid, and may be exported wrongly
14:30:27 | INFO: Extracting primitive: town_shore_4_3-colonly
14:30:27 | INFO: Primitives created: 1
14:30:27 | WARNING: Mesh town_shore_4_4-colonly is not valid, and may be exported wrongly
14:30:27 | INFO: Extracting primitive: town_shore_4_4-colonly
14:30:27 | INFO: Primitives created: 1
14:30:27 | WARNING: Mesh town_shore_4_5-colonly is not valid, and may be exported wrongly
14:30:27 | INFO: Extracting primitive: town_shore_4_5-colonly
14:30:27 | INFO: Primitives created: 1
14:30:27 | WARNING: Mesh town_shore_4_6-colonly is not valid, and may be exported wrongly
14:30:27 | INFO: Extracting primitive: town_shore_4_6-colonly
14:30:27 | INFO: Primitives created: 1
14:30:27 | WARNING: Mesh town_shore_4_7-colonly is not valid, and may be exported wrongly
14:30:27 | INFO: Extracting primitive: town_shore_4_7-colonly
14:30:27 | INFO: Primitives created: 1
14:30:27 | WARNING: Mesh town_shore_4_8-colonly is not valid, and may be exported wrongly
14:30:27 | INFO: Extracting primitive: town_shore_4_8-colonly
14:30:27 | INFO: Primitives created: 1
14:30:27 | WARNING: Mesh town_shore_4_9-colonly is not valid, and may be exported wrongly
14:30:27 | INFO: Extracting primitive: town_shore_4_9-colonly
14:30:27 | INFO: Primitives created: 1
14:30:27 | WARNING: Mesh town_shore_4_10-colonly is not valid, and may be exported wrongly
14:30:27 | INFO: Extracting primitive: town_shore_4_10-colonly
14:30:27 | INFO: Primitives created: 1
14:30:27 | WARNING: Mesh town_shore_4_11-colonly is not valid, and may be exported wrongly
14:30:27 | INFO: Extracting primitive: town_shore_4_11-colonly
14:30:27 | INFO: Primitives created: 1
14:30:27 | WARNING: Mesh town_shore_4_12-colonly is not valid, and may be exported wrongly
14:30:27 | INFO: Extracting primitive: town_shore_4_12-colonly
14:30:27 | INFO: Primitives created: 1
14:30:27 | WARNING: Mesh town_shore_4_13-colonly is not valid, and may be exported wrongly
14:30:27 | INFO: Extracting primitive: town_shore_4_13-colonly
14:30:27 | INFO: Primitives created: 1
14:30:27 | WARNING: Mesh town_shore_4_14-colonly is not valid, and may be exported wrongly
14:30:27 | INFO: Extracting primitive: town_shore_4_14-colonly
14:30:27 | INFO: Primitives created: 1
14:30:27 | WARNING: Mesh town_shore_4_15-colonly is not valid, and may be exported wrongly
14:30:27 | INFO: Extracting primitive: town_shore_4_15-colonly
14:30:27 | INFO: Primitives created: 1
14:30:27 | WARNING: Mesh town_shore_4_16-colonly is not valid, and may be exported wrongly
14:30:27 | INFO: Extracting primitive: town_shore_4_16-colonly
14:30:27 | INFO: Primitives created: 1
14:30:27 | WARNING: Mesh town_shore_4_17-colonly is not valid, and may be exported wrongly
14:30:27 | INFO: Extracting primitive: town_shore_4_17-colonly
14:30:27 | INFO: Primitives created: 1
14:30:27 | WARNING: Mesh town_shore_4_18-colonly is not valid, and may be exported wrongly
14:30:27 | INFO: Extracting primitive: town_shore_4_18-colonly
14:30:27 | INFO: Primitives created: 1
14:30:27 | WARNING: Mesh town_shore_4_19-colonly is not valid, and may be exported wrongly
14:30:27 | INFO: Extracting primitive: town_shore_4_19-colonly
14:30:27 | INFO: Primitives created: 1
14:30:27 | WARNING: Mesh town_shore_4_20-colonly is not valid, and may be exported wrongly
14:30:27 | INFO: Extracting primitive: town_shore_4_20-colonly
14:30:27 | INFO: Primitives created: 1
14:30:27 | WARNING: Mesh town_shore_4_21-colonly is not valid, and may be exported wrongly
14:30:27 | INFO: Extracting primitive: town_shore_4_21-colonly
14:30:27 | INFO: Primitives created: 1
14:30:27 | WARNING: Mesh town_shore_4_22-colonly is not valid, and may be exported wrongly
14:30:27 | INFO: Extracting primitive: town_shore_4_22-colonly
14:30:27 | INFO: Primitives created: 1
14:30:27 | WARNING: Mesh town_shore_4_23-colonly is not valid, and may be exported wrongly
14:30:27 | INFO: Extracting primitive: town_shore_4_23-colonly
14:30:27 | INFO: Primitives created: 1
14:30:27 | WARNING: Mesh town_shore_5_0-colonly is not valid, and may be exported wrongly
14:30:27 | INFO: Extracting primitive: town_shore_5_0-colonly
14:30:27 | INFO: Primitives created: 1
14:30:27 | WARNING: Mesh town_shore_5_1-colonly is not valid, and may be exported wrongly
14:30:27 | INFO: Extracting primitive: town_shore_5_1-colonly
14:30:27 | INFO: Primitives created: 1
14:30:27 | WARNING: Mesh town_shore_5_2-colonly is not valid, and may be exported wrongly
14:30:27 | INFO: Extracting primitive: town_shore_5_2-colonly
14:30:27 | INFO: Primitives created: 1
14:30:27 | WARNING: Mesh town_shore_5_3-colonly is not valid, and may be exported wrongly
14:30:27 | INFO: Extracting primitive: town_shore_5_3-colonly
14:30:27 | INFO: Primitives created: 1
14:30:27 | WARNING: Mesh town_shore_5_4-colonly is not valid, and may be exported wrongly
14:30:27 | INFO: Extracting primitive: town_shore_5_4-colonly
14:30:27 | INFO: Primitives created: 1
14:30:27 | WARNING: Mesh town_shore_5_5-colonly is not valid, and may be exported wrongly
14:30:27 | INFO: Extracting primitive: town_shore_5_5-colonly
14:30:27 | INFO: Primitives created: 1
14:30:27 | WARNING: Mesh town_shore_5_6-colonly is not valid, and may be exported wrongly
14:30:27 | INFO: Extracting primitive: town_shore_5_6-colonly
14:30:27 | INFO: Primitives created: 1
14:30:27 | WARNING: Mesh town_shore_5_7-colonly is not valid, and may be exported wrongly
14:30:27 | INFO: Extracting primitive: town_shore_5_7-colonly
14:30:27 | INFO: Primitives created: 1
14:30:27 | WARNING: Mesh town_shore_5_8-colonly is not valid, and may be exported wrongly
14:30:27 | INFO: Extracting primitive: town_shore_5_8-colonly
14:30:27 | INFO: Primitives created: 1
14:30:27 | WARNING: Mesh town_shore_5_9-colonly is not valid, and may be exported wrongly
14:30:27 | INFO: Extracting primitive: town_shore_5_9-colonly
14:30:27 | INFO: Primitives created: 1
14:30:27 | WARNING: Mesh town_shore_5_10-colonly is not valid, and may be exported wrongly
14:30:27 | INFO: Extracting primitive: town_shore_5_10-colonly
14:30:27 | INFO: Primitives created: 1
14:30:27 | WARNING: Mesh town_shore_5_11-colonly is not valid, and may be exported wrongly
14:30:27 | INFO: Extracting primitive: town_shore_5_11-colonly
14:30:27 | INFO: Primitives created: 1
14:30:27 | WARNING: Mesh town_shore_5_12-colonly is not valid, and may be exported wrongly
14:30:27 | INFO: Extracting primitive: town_shore_5_12-colonly
14:30:27 | INFO: Primitives created: 1
14:30:27 | WARNING: Mesh town_shore_5_13-colonly is not valid, and may be exported wrongly
14:30:27 | INFO: Extracting primitive: town_shore_5_13-colonly
14:30:27 | INFO: Primitives created: 1
14:30:27 | WARNING: Mesh town_shore_5_14-colonly is not valid, and may be exported wrongly
14:30:27 | INFO: Extracting primitive: town_shore_5_14-colonly
14:30:27 | INFO: Primitives created: 1
14:30:27 | WARNING: Mesh town_shore_5_15-colonly is not valid, and may be exported wrongly
14:30:27 | INFO: Extracting primitive: town_shore_5_15-colonly
14:30:27 | INFO: Primitives created: 1
14:30:27 | WARNING: Mesh town_shore_5_16-colonly is not valid, and may be exported wrongly
14:30:27 | INFO: Extracting primitive: town_shore_5_16-colonly
14:30:27 | INFO: Primitives created: 1
14:30:27 | WARNING: Mesh town_shore_5_17-colonly is not valid, and may be exported wrongly
14:30:27 | INFO: Extracting primitive: town_shore_5_17-colonly
14:30:27 | INFO: Primitives created: 1
14:30:27 | WARNING: Mesh town_shore_5_18-colonly is not valid, and may be exported wrongly
14:30:27 | INFO: Extracting primitive: town_shore_5_18-colonly
14:30:27 | INFO: Primitives created: 1
14:30:27 | WARNING: Mesh town_shore_5_19-colonly is not valid, and may be exported wrongly
14:30:27 | INFO: Extracting primitive: town_shore_5_19-colonly
14:30:27 | INFO: Primitives created: 1
14:30:27 | WARNING: Mesh town_shore_5_20-colonly is not valid, and may be exported wrongly
14:30:27 | INFO: Extracting primitive: town_shore_5_20-colonly
14:30:27 | INFO: Primitives created: 1
14:30:27 | WARNING: Mesh town_shore_5_21-colonly is not valid, and may be exported wrongly
14:30:27 | INFO: Extracting primitive: town_shore_5_21-colonly
14:30:27 | INFO: Primitives created: 1
14:30:27 | INFO: Finished glTF 2.0 export in 1.4804723262786865 s

EXPORT_OK town_safety 1174
14:30:28 | INFO: Starting glTF 2.0 export
14:30:28 | INFO: Extracting primitive: town_bay_water
14:30:28 | INFO: Primitives created: 1
14:30:28 | INFO: Extracting primitive: town_stream
14:30:28 | INFO: Primitives created: 1
14:30:28 | INFO: Finished glTF 2.0 export in 0.12984585762023926 s

EXPORT_OK town_water 2
14:30:28 | INFO: Starting glTF 2.0 export
14:30:28 | INFO: Extracting primitive: valley_footbridge_deck-col
14:30:28 | INFO: Primitives created: 1
14:30:28 | INFO: Extracting primitive: valley_rail_1-col
14:30:28 | INFO: Primitives created: 1
14:30:28 | INFO: Extracting primitive: valley_rail_-1-col
14:30:28 | INFO: Primitives created: 1
14:30:28 | INFO: Extracting primitive: valley_support_1_1-col
14:30:28 | INFO: Primitives created: 1
14:30:28 | INFO: Extracting primitive: valley_support_1_11.000000000000021-col
14:30:28 | INFO: Primitives created: 1
14:30:28 | INFO: Extracting primitive: valley_support_-1_1-col
14:30:28 | INFO: Primitives created: 1
14:30:28 | INFO: Extracting primitive: valley_support_-1_11.000000000000021-col
14:30:28 | INFO: Primitives created: 1
14:30:28 | INFO: Finished glTF 2.0 export in 0.052958011627197266 s

EXPORT_OK ranch_valley_bridge 7
14:30:28 | INFO: Starting glTF 2.0 export
14:30:28 | INFO: Extracting primitive: bridge_rail_22.2-col
14:30:28 | INFO: Primitives created: 1
14:30:28 | INFO: Extracting primitive: bridge_rail_25.8-col
14:30:28 | INFO: Primitives created: 1
14:30:28 | INFO: Extracting primitive: ranch_footbridge_deck-col
14:30:28 | INFO: Primitives created: 1
14:30:28 | INFO: Finished glTF 2.0 export in 0.059604644775390625 s

EXPORT_OK ranch_bridge 3
14:30:29 | INFO: Starting glTF 2.0 export
14:30:29 | INFO: Extracting primitive: pier_pile_-58_-22.5
14:30:29 | INFO: Primitives created: 1
14:30:29 | INFO: Extracting primitive: pier_pile_-58_-25.5
14:30:29 | INFO: Primitives created: 1
14:30:29 | INFO: Extracting primitive: pier_pile_-64_-22.5
14:30:29 | INFO: Primitives created: 1
14:30:29 | INFO: Extracting primitive: pier_pile_-64_-25.5
14:30:29 | INFO: Primitives created: 1
14:30:29 | INFO: Extracting primitive: pier_pile_-70_-22.5
14:30:29 | INFO: Primitives created: 1
14:30:29 | INFO: Extracting primitive: pier_pile_-70_-25.5
14:30:29 | INFO: Primitives created: 1
14:30:29 | INFO: Extracting primitive: pier_rail_-22-col
14:30:29 | INFO: Primitives created: 1
14:30:29 | INFO: Extracting primitive: pier_rail_-26-col
14:30:29 | INFO: Primitives created: 1
14:30:29 | INFO: Extracting primitive: pier_seaward_guard-col
14:30:29 | INFO: Primitives created: 1
14:30:29 | INFO: Extracting primitive: town_pier_deck-col
14:30:29 | INFO: Primitives created: 1
14:30:29 | INFO: Extracting primitive: town_pier_landing-col
14:30:29 | INFO: Primitives created: 1
14:30:29 | INFO: Finished glTF 2.0 export in 0.06187319755554199 s

EXPORT_OK town_pier 11
Info: Saved as "coastal_region.blend"
COASTAL_BLOCKOUT_OK 11
Blender 5.2.1 LTS (hash 9e2066aef7ef built 2026-08-25 02:38:20)

Blender quit
